ISO-10303-21;
HEADER;
/* Generated by software containing ST-Developer
 * from STEP Tools, Inc. (www.steptools.com) 
 */

FILE_DESCRIPTION(
/* description */ (''),
/* implementation_level */ '2;1');

FILE_NAME(
/* name */ 'C:/Users/marcus/3D Objects/ak500-3.step',
/* time_stamp */ '2019-11-13T16:27:20+01:00',
/* author */ (''),
/* organization */ (''),
/* preprocessor_version */ 'ST-DEVELOPER v18',
/* originating_system */ 'Autodesk Translation Framework v8.9.1.1155',
/* authorisation */ '');

FILE_SCHEMA (('AUTOMOTIVE_DESIGN { 1 0 10303 214 3 1 1 }'));
ENDSEC;

DATA;
#10=MECHANICAL_DESIGN_GEOMETRIC_PRESENTATION_REPRESENTATION('',(#91,#92,
#93,#94,#95,#96,#97,#98,#99,#100,#101,#102,#103,#104,#105,#106),#7721);
#11=SHAPE_REPRESENTATION_RELATIONSHIP('SRR','None',#7728,#12);
#12=ADVANCED_BREP_SHAPE_REPRESENTATION('',(#107,#108,#109,#110,#111,#112,
#113,#114,#115,#116,#117,#118,#119,#120,#121,#122),#7720);
#13=(
BOUNDED_SURFACE()
B_SPLINE_SURFACE(2,2,((#6692,#6693,#6694,#6695,#6696,#6697,#6698,#6699,
#6700),(#6701,#6702,#6703,#6704,#6705,#6706,#6707,#6708,#6709),(#6710,#6711,
#6712,#6713,#6714,#6715,#6716,#6717,#6718)),.UNSPECIFIED.,.F.,.T.,.F.)
B_SPLINE_SURFACE_WITH_KNOTS((3,3),(3,2,2,2,3),(0.,1.5707963267949),(-3.14159265358979,
-1.5707963267949,0.,1.5707963267949,3.14159265358979),.UNSPECIFIED.)
GEOMETRIC_REPRESENTATION_ITEM()
RATIONAL_B_SPLINE_SURFACE(((1.,0.707106781186548,1.,0.707106781186548,1.,
0.707106781186548,1.,0.707106781186548,1.),(0.707106781186551,0.500000000000003,
0.707106781186551,0.500000000000003,0.707106781186551,0.500000000000003,
0.707106781186551,0.500000000000003,0.707106781186551),(1.,0.707106781186548,
1.,0.707106781186548,1.,0.707106781186548,1.,0.707106781186548,1.)))
REPRESENTATION_ITEM('')
SURFACE()
);
#14=(
BOUNDED_SURFACE()
B_SPLINE_SURFACE(2,2,((#7014,#7015,#7016,#7017,#7018,#7019,#7020,#7021,
#7022),(#7023,#7024,#7025,#7026,#7027,#7028,#7029,#7030,#7031),(#7032,#7033,
#7034,#7035,#7036,#7037,#7038,#7039,#7040)),.UNSPECIFIED.,.F.,.T.,.F.)
B_SPLINE_SURFACE_WITH_KNOTS((3,3),(3,2,2,2,3),(0.,1.5707963267949),(-3.14159265358979,
-1.5707963267949,0.,1.5707963267949,3.14159265358979),.UNSPECIFIED.)
GEOMETRIC_REPRESENTATION_ITEM()
RATIONAL_B_SPLINE_SURFACE(((1.,0.707106781186548,1.,0.707106781186548,1.,
0.707106781186548,1.,0.707106781186548,1.),(0.707106781186557,0.500000000000007,
0.707106781186557,0.500000000000007,0.707106781186557,0.500000000000007,
0.707106781186557,0.500000000000007,0.707106781186557),(1.,0.707106781186548,
1.,0.707106781186548,1.,0.707106781186548,1.,0.707106781186548,1.)))
REPRESENTATION_ITEM('')
SURFACE()
);
#15=(
BOUNDED_SURFACE()
B_SPLINE_SURFACE(2,2,((#7336,#7337,#7338,#7339,#7340,#7341,#7342,#7343,
#7344),(#7345,#7346,#7347,#7348,#7349,#7350,#7351,#7352,#7353),(#7354,#7355,
#7356,#7357,#7358,#7359,#7360,#7361,#7362)),.UNSPECIFIED.,.F.,.T.,.F.)
B_SPLINE_SURFACE_WITH_KNOTS((3,3),(3,2,2,2,3),(0.,1.5707963267949),(-3.14159265358979,
-1.5707963267949,0.,1.5707963267949,3.14159265358979),.UNSPECIFIED.)
GEOMETRIC_REPRESENTATION_ITEM()
RATIONAL_B_SPLINE_SURFACE(((1.,0.707106781186548,1.,0.707106781186548,1.,
0.707106781186548,1.,0.707106781186548,1.),(0.707106781186551,0.500000000000003,
0.707106781186551,0.500000000000003,0.707106781186551,0.500000000000003,
0.707106781186551,0.500000000000003,0.707106781186551),(1.,0.707106781186548,
1.,0.707106781186548,1.,0.707106781186548,1.,0.707106781186548,1.)))
REPRESENTATION_ITEM('')
SURFACE()
);
#16=B_SPLINE_CURVE_WITH_KNOTS('',3,(#6497,#6498,#6499,#6500,#6501,#6502,
#6503,#6504,#6505,#6506),.UNSPECIFIED.,.F.,.F.,(4,2,2,2,4),(-0.0893632253987565,
-0.078332952810639,-0.0671462825333719,-0.0558661571520968,-0.0445901169300373),
 .UNSPECIFIED.);
#17=B_SPLINE_CURVE_WITH_KNOTS('',3,(#6510,#6511,#6512,#6513,#6514,#6515,
#6516,#6517,#6518,#6519),.UNSPECIFIED.,.F.,.F.,(4,2,2,2,4),(0.04458774345451,
0.0558612827186701,0.0671388154993808,0.078324283494835,0.0893557013444643),
 .UNSPECIFIED.);
#18=B_SPLINE_CURVE_WITH_KNOTS('',3,(#6525,#6526,#6527,#6528,#6529,#6530,
#6531,#6532,#6533,#6534),.UNSPECIFIED.,.F.,.F.,(4,2,2,2,4),(0.,0.0184937052478509,
0.0370089994778883,0.0555639054417968,0.0741884914661189),.UNSPECIFIED.);
#19=B_SPLINE_CURVE_WITH_KNOTS('',3,(#6545,#6546,#6547,#6548,#6549,#6550,
#6551,#6552,#6553,#6554),.UNSPECIFIED.,.F.,.F.,(4,2,2,2,4),(-0.0893557013897093,
-0.0783242835469668,-0.0671388155442847,-0.0558612827479854,-0.044587743468785),
 .UNSPECIFIED.);
#20=B_SPLINE_CURVE_WITH_KNOTS('',3,(#6558,#6559,#6560,#6561,#6562,#6563,
#6564,#6565,#6566,#6567),.UNSPECIFIED.,.F.,.F.,(4,2,2,2,4),(0.0445901169300373,
0.0558661571520967,0.0671462825333718,0.078332952810639,0.0893632253987564),
 .UNSPECIFIED.);
#21=B_SPLINE_CURVE_WITH_KNOTS('',3,(#6575,#6576,#6577,#6578,#6579,#6580,
#6581,#6582,#6583,#6584),.UNSPECIFIED.,.F.,.F.,(4,2,2,2,4),(-0.0742229461705618,
-0.0555706938958288,-0.037005302348224,-0.0184892213700121,0.),
 .UNSPECIFIED.);
#22=B_SPLINE_CURVE_WITH_KNOTS('',3,(#6618,#6619,#6620,#6621,#6622,#6623,
#6624,#6625,#6626,#6627),.UNSPECIFIED.,.F.,.F.,(4,2,2,2,4),(-0.0893482375763122,
-0.0783156836396495,-0.0671314076959528,-0.0558564461768378,-0.0445853882002828),
 .UNSPECIFIED.);
#23=B_SPLINE_CURVE_WITH_KNOTS('',3,(#6630,#6631,#6632,#6633,#6634,#6635,
#6636,#6637,#6638,#6639),.UNSPECIFIED.,.F.,.F.,(4,2,2,2,4),(0.044587743468785,
0.0558612827479854,0.0671388155442846,0.0783242835469668,0.0893557013897092),
 .UNSPECIFIED.);
#24=B_SPLINE_CURVE_WITH_KNOTS('',3,(#6646,#6647,#6648,#6649,#6650,#6651),
 .UNSPECIFIED.,.F.,.F.,(4,2,4),(0.223078701165662,0.241701081943401,0.248637124044057),
 .UNSPECIFIED.);
#25=B_SPLINE_CURVE_WITH_KNOTS('',3,(#6655,#6656,#6657,#6658,#6659,#6660,
#6661,#6662,#6663,#6664),.UNSPECIFIED.,.F.,.F.,(4,2,2,2,4),(-0.0893557013444643,
-0.078324283494835,-0.0671388154993809,-0.0558612827186701,-0.04458774345451),
 .UNSPECIFIED.);
#26=B_SPLINE_CURVE_WITH_KNOTS('',3,(#6667,#6668,#6669,#6670,#6671,#6672,
#6673,#6674,#6675,#6676),.UNSPECIFIED.,.F.,.F.,(4,2,2,2,4),(0.0445853882002828,
0.0558564461768378,0.0671314076959527,0.0783156836396495,0.0893482375763122),
 .UNSPECIFIED.);
#27=B_SPLINE_CURVE_WITH_KNOTS('',3,(#6681,#6682,#6683,#6684,#6685,#6686,
#6687,#6688,#6689,#6690),.UNSPECIFIED.,.F.,.F.,(4,2,2,2,4),(-0.0741884914661189,
-0.0555639054417969,-0.0370089994778883,-0.0184937052478509,0.),
 .UNSPECIFIED.);
#28=B_SPLINE_CURVE_WITH_KNOTS('',3,(#6728,#6729,#6730,#6731,#6732,#6733),
 .UNSPECIFIED.,.F.,.F.,(4,2,4),(0.223357369334909,0.242012113443609,0.248478008032311),
 .UNSPECIFIED.);
#29=B_SPLINE_CURVE_WITH_KNOTS('',3,(#6738,#6739,#6740,#6741,#6742,#6743),
 .UNSPECIFIED.,.F.,.F.,(4,2,4),(0.0492122127551189,0.05556336354571,0.0741857443234497),
 .UNSPECIFIED.);
#30=B_SPLINE_CURVE_WITH_KNOTS('',3,(#6762,#6763,#6764,#6765,#6766,#6767,
#6768,#6769,#6770,#6771),.UNSPECIFIED.,.F.,.F.,(4,2,2,2,4),(0.,0.0184892213700121,
0.037005302348224,0.0555706938958288,0.0742229461705618),.UNSPECIFIED.);
#31=B_SPLINE_CURVE_WITH_KNOTS('',3,(#6776,#6777,#6778,#6779,#6780,#6781),
 .UNSPECIFIED.,.F.,.F.,(4,2,4),(0.179737789231759,0.190062146545453,0.199176359454457),
 .UNSPECIFIED.);
#32=B_SPLINE_CURVE_WITH_KNOTS('',3,(#6786,#6787,#6788,#6789,#6790,#6791),
 .UNSPECIFIED.,.F.,.F.,(4,2,4),(0.0485201171590793,0.0555713044085431,0.0742260485172432),
 .UNSPECIFIED.);
#33=B_SPLINE_CURVE_WITH_KNOTS('',3,(#6795,#6796,#6797,#6798,#6799,#6800),
 .UNSPECIFIED.,.F.,.F.,(4,2,4),(0.179157819974104,0.188270713025125,0.198593504540116),
 .UNSPECIFIED.);
#34=B_SPLINE_CURVE_WITH_KNOTS('',3,(#6819,#6820,#6821,#6822,#6823,#6824,
#6825,#6826,#6827,#6828),.UNSPECIFIED.,.F.,.F.,(4,2,2,2,4),(-0.0893632253987565,
-0.078332952810639,-0.0671462825333719,-0.0558661571520968,-0.0445901169300373),
 .UNSPECIFIED.);
#35=B_SPLINE_CURVE_WITH_KNOTS('',3,(#6832,#6833,#6834,#6835,#6836,#6837,
#6838,#6839,#6840,#6841),.UNSPECIFIED.,.F.,.F.,(4,2,2,2,4),(0.04458774345451,
0.0558612827186701,0.0671388154993808,0.078324283494835,0.0893557013444643),
 .UNSPECIFIED.);
#36=B_SPLINE_CURVE_WITH_KNOTS('',3,(#6847,#6848,#6849,#6850,#6851,#6852,
#6853,#6854,#6855,#6856),.UNSPECIFIED.,.F.,.F.,(4,2,2,2,4),(0.,0.0184937052478509,
0.0370089994778883,0.0555639054417968,0.0741884914661189),.UNSPECIFIED.);
#37=B_SPLINE_CURVE_WITH_KNOTS('',3,(#6867,#6868,#6869,#6870,#6871,#6872,
#6873,#6874,#6875,#6876),.UNSPECIFIED.,.F.,.F.,(4,2,2,2,4),(-0.0893557013897093,
-0.0783242835469668,-0.0671388155442847,-0.0558612827479854,-0.044587743468785),
 .UNSPECIFIED.);
#38=B_SPLINE_CURVE_WITH_KNOTS('',3,(#6880,#6881,#6882,#6883,#6884,#6885,
#6886,#6887,#6888,#6889),.UNSPECIFIED.,.F.,.F.,(4,2,2,2,4),(0.0445901169300373,
0.0558661571520967,0.0671462825333718,0.078332952810639,0.0893632253987564),
 .UNSPECIFIED.);
#39=B_SPLINE_CURVE_WITH_KNOTS('',3,(#6897,#6898,#6899,#6900,#6901,#6902,
#6903,#6904,#6905,#6906),.UNSPECIFIED.,.F.,.F.,(4,2,2,2,4),(-0.0742229461705618,
-0.0555706938958288,-0.037005302348224,-0.0184892213700121,0.),
 .UNSPECIFIED.);
#40=B_SPLINE_CURVE_WITH_KNOTS('',3,(#6940,#6941,#6942,#6943,#6944,#6945,
#6946,#6947,#6948,#6949),.UNSPECIFIED.,.F.,.F.,(4,2,2,2,4),(-0.0893482375763122,
-0.0783156836396495,-0.0671314076959528,-0.0558564461768378,-0.0445853882002828),
 .UNSPECIFIED.);
#41=B_SPLINE_CURVE_WITH_KNOTS('',3,(#6952,#6953,#6954,#6955,#6956,#6957,
#6958,#6959,#6960,#6961),.UNSPECIFIED.,.F.,.F.,(4,2,2,2,4),(0.044587743468785,
0.0558612827479854,0.0671388155442846,0.0783242835469668,0.0893557013897092),
 .UNSPECIFIED.);
#42=B_SPLINE_CURVE_WITH_KNOTS('',3,(#6968,#6969,#6970,#6971,#6972,#6973),
 .UNSPECIFIED.,.F.,.F.,(4,2,4),(0.223078701165662,0.241701081943401,0.248637124044057),
 .UNSPECIFIED.);
#43=B_SPLINE_CURVE_WITH_KNOTS('',3,(#6977,#6978,#6979,#6980,#6981,#6982,
#6983,#6984,#6985,#6986),.UNSPECIFIED.,.F.,.F.,(4,2,2,2,4),(-0.0893557013444643,
-0.078324283494835,-0.0671388154993809,-0.0558612827186701,-0.04458774345451),
 .UNSPECIFIED.);
#44=B_SPLINE_CURVE_WITH_KNOTS('',3,(#6989,#6990,#6991,#6992,#6993,#6994,
#6995,#6996,#6997,#6998),.UNSPECIFIED.,.F.,.F.,(4,2,2,2,4),(0.0445853882002828,
0.0558564461768378,0.0671314076959527,0.0783156836396495,0.0893482375763122),
 .UNSPECIFIED.);
#45=B_SPLINE_CURVE_WITH_KNOTS('',3,(#7003,#7004,#7005,#7006,#7007,#7008,
#7009,#7010,#7011,#7012),.UNSPECIFIED.,.F.,.F.,(4,2,2,2,4),(-0.0741884914661189,
-0.0555639054417969,-0.0370089994778883,-0.0184937052478509,0.),
 .UNSPECIFIED.);
#46=B_SPLINE_CURVE_WITH_KNOTS('',3,(#7050,#7051,#7052,#7053,#7054,#7055),
 .UNSPECIFIED.,.F.,.F.,(4,2,4),(0.223357369334909,0.242012113443609,0.248478008032311),
 .UNSPECIFIED.);
#47=B_SPLINE_CURVE_WITH_KNOTS('',3,(#7060,#7061,#7062,#7063,#7064,#7065),
 .UNSPECIFIED.,.F.,.F.,(4,2,4),(0.0492122127551189,0.05556336354571,0.0741857443234497),
 .UNSPECIFIED.);
#48=B_SPLINE_CURVE_WITH_KNOTS('',3,(#7084,#7085,#7086,#7087,#7088,#7089,
#7090,#7091,#7092,#7093),.UNSPECIFIED.,.F.,.F.,(4,2,2,2,4),(0.,0.0184892213700121,
0.037005302348224,0.0555706938958288,0.0742229461705618),.UNSPECIFIED.);
#49=B_SPLINE_CURVE_WITH_KNOTS('',3,(#7098,#7099,#7100,#7101,#7102,#7103),
 .UNSPECIFIED.,.F.,.F.,(4,2,4),(0.179737789231759,0.190062146545453,0.199176359454457),
 .UNSPECIFIED.);
#50=B_SPLINE_CURVE_WITH_KNOTS('',3,(#7108,#7109,#7110,#7111,#7112,#7113),
 .UNSPECIFIED.,.F.,.F.,(4,2,4),(0.0485201171590793,0.0555713044085431,0.0742260485172432),
 .UNSPECIFIED.);
#51=B_SPLINE_CURVE_WITH_KNOTS('',3,(#7117,#7118,#7119,#7120,#7121,#7122),
 .UNSPECIFIED.,.F.,.F.,(4,2,4),(0.179157819974104,0.188270713025125,0.198593504540116),
 .UNSPECIFIED.);
#52=B_SPLINE_CURVE_WITH_KNOTS('',3,(#7141,#7142,#7143,#7144,#7145,#7146,
#7147,#7148,#7149,#7150),.UNSPECIFIED.,.F.,.F.,(4,2,2,2,4),(-0.0893632253987565,
-0.078332952810639,-0.0671462825333719,-0.0558661571520968,-0.0445901169300373),
 .UNSPECIFIED.);
#53=B_SPLINE_CURVE_WITH_KNOTS('',3,(#7154,#7155,#7156,#7157,#7158,#7159,
#7160,#7161,#7162,#7163),.UNSPECIFIED.,.F.,.F.,(4,2,2,2,4),(0.04458774345451,
0.0558612827186701,0.0671388154993808,0.078324283494835,0.0893557013444643),
 .UNSPECIFIED.);
#54=B_SPLINE_CURVE_WITH_KNOTS('',3,(#7169,#7170,#7171,#7172,#7173,#7174,
#7175,#7176,#7177,#7178),.UNSPECIFIED.,.F.,.F.,(4,2,2,2,4),(0.,0.0184937052478509,
0.0370089994778883,0.0555639054417968,0.0741884914661189),.UNSPECIFIED.);
#55=B_SPLINE_CURVE_WITH_KNOTS('',3,(#7189,#7190,#7191,#7192,#7193,#7194,
#7195,#7196,#7197,#7198),.UNSPECIFIED.,.F.,.F.,(4,2,2,2,4),(-0.0893557013897093,
-0.0783242835469668,-0.0671388155442847,-0.0558612827479854,-0.044587743468785),
 .UNSPECIFIED.);
#56=B_SPLINE_CURVE_WITH_KNOTS('',3,(#7202,#7203,#7204,#7205,#7206,#7207,
#7208,#7209,#7210,#7211),.UNSPECIFIED.,.F.,.F.,(4,2,2,2,4),(0.0445901169300373,
0.0558661571520967,0.0671462825333718,0.078332952810639,0.0893632253987564),
 .UNSPECIFIED.);
#57=B_SPLINE_CURVE_WITH_KNOTS('',3,(#7219,#7220,#7221,#7222,#7223,#7224,
#7225,#7226,#7227,#7228),.UNSPECIFIED.,.F.,.F.,(4,2,2,2,4),(-0.0742229461705618,
-0.0555706938958288,-0.037005302348224,-0.0184892213700121,0.),
 .UNSPECIFIED.);
#58=B_SPLINE_CURVE_WITH_KNOTS('',3,(#7262,#7263,#7264,#7265,#7266,#7267,
#7268,#7269,#7270,#7271),.UNSPECIFIED.,.F.,.F.,(4,2,2,2,4),(-0.0893482375763122,
-0.0783156836396495,-0.0671314076959528,-0.0558564461768378,-0.0445853882002828),
 .UNSPECIFIED.);
#59=B_SPLINE_CURVE_WITH_KNOTS('',3,(#7274,#7275,#7276,#7277,#7278,#7279,
#7280,#7281,#7282,#7283),.UNSPECIFIED.,.F.,.F.,(4,2,2,2,4),(0.044587743468785,
0.0558612827479854,0.0671388155442846,0.0783242835469668,0.0893557013897092),
 .UNSPECIFIED.);
#60=B_SPLINE_CURVE_WITH_KNOTS('',3,(#7290,#7291,#7292,#7293,#7294,#7295),
 .UNSPECIFIED.,.F.,.F.,(4,2,4),(0.223078701165662,0.241701081943401,0.248637124044057),
 .UNSPECIFIED.);
#61=B_SPLINE_CURVE_WITH_KNOTS('',3,(#7299,#7300,#7301,#7302,#7303,#7304,
#7305,#7306,#7307,#7308),.UNSPECIFIED.,.F.,.F.,(4,2,2,2,4),(-0.0893557013444643,
-0.078324283494835,-0.0671388154993809,-0.0558612827186701,-0.04458774345451),
 .UNSPECIFIED.);
#62=B_SPLINE_CURVE_WITH_KNOTS('',3,(#7311,#7312,#7313,#7314,#7315,#7316,
#7317,#7318,#7319,#7320),.UNSPECIFIED.,.F.,.F.,(4,2,2,2,4),(0.0445853882002828,
0.0558564461768378,0.0671314076959527,0.0783156836396495,0.0893482375763122),
 .UNSPECIFIED.);
#63=B_SPLINE_CURVE_WITH_KNOTS('',3,(#7325,#7326,#7327,#7328,#7329,#7330,
#7331,#7332,#7333,#7334),.UNSPECIFIED.,.F.,.F.,(4,2,2,2,4),(-0.0741884914661189,
-0.0555639054417969,-0.0370089994778883,-0.0184937052478509,0.),
 .UNSPECIFIED.);
#64=B_SPLINE_CURVE_WITH_KNOTS('',3,(#7372,#7373,#7374,#7375,#7376,#7377),
 .UNSPECIFIED.,.F.,.F.,(4,2,4),(0.223357369334909,0.242012113443609,0.248478008032311),
 .UNSPECIFIED.);
#65=B_SPLINE_CURVE_WITH_KNOTS('',3,(#7382,#7383,#7384,#7385,#7386,#7387),
 .UNSPECIFIED.,.F.,.F.,(4,2,4),(0.0492122127551189,0.05556336354571,0.0741857443234497),
 .UNSPECIFIED.);
#66=B_SPLINE_CURVE_WITH_KNOTS('',3,(#7406,#7407,#7408,#7409,#7410,#7411,
#7412,#7413,#7414,#7415),.UNSPECIFIED.,.F.,.F.,(4,2,2,2,4),(0.,0.0184892213700121,
0.037005302348224,0.0555706938958288,0.0742229461705618),.UNSPECIFIED.);
#67=B_SPLINE_CURVE_WITH_KNOTS('',3,(#7420,#7421,#7422,#7423,#7424,#7425),
 .UNSPECIFIED.,.F.,.F.,(4,2,4),(0.179737789231759,0.190062146545453,0.199176359454457),
 .UNSPECIFIED.);
#68=B_SPLINE_CURVE_WITH_KNOTS('',3,(#7430,#7431,#7432,#7433,#7434,#7435),
 .UNSPECIFIED.,.F.,.F.,(4,2,4),(0.0485201171590793,0.0555713044085431,0.0742260485172432),
 .UNSPECIFIED.);
#69=B_SPLINE_CURVE_WITH_KNOTS('',3,(#7439,#7440,#7441,#7442,#7443,#7444),
 .UNSPECIFIED.,.F.,.F.,(4,2,4),(0.179157819974104,0.188270713025125,0.198593504540116),
 .UNSPECIFIED.);
#70=TOROIDAL_SURFACE('',#4544,0.7245,0.3);
#71=TOROIDAL_SURFACE('',#4550,0.7245,0.3);
#72=TOROIDAL_SURFACE('',#4564,0.7245,0.3);
#73=TOROIDAL_SURFACE('',#4567,0.7245,0.3);
#74=TOROIDAL_SURFACE('',#4582,0.9,0.5);
#75=TOROIDAL_SURFACE('',#4586,0.9,0.5);
#76=TOROIDAL_SURFACE('',#4600,0.7245,0.3);
#77=TOROIDAL_SURFACE('',#4606,0.7245,0.3);
#78=TOROIDAL_SURFACE('',#4620,0.7245,0.3);
#79=TOROIDAL_SURFACE('',#4623,0.7245,0.3);
#80=TOROIDAL_SURFACE('',#4638,0.9,0.5);
#81=TOROIDAL_SURFACE('',#4642,0.9,0.5);
#82=TOROIDAL_SURFACE('',#4656,0.7245,0.3);
#83=TOROIDAL_SURFACE('',#4662,0.7245,0.3);
#84=TOROIDAL_SURFACE('',#4676,0.7245,0.3);
#85=TOROIDAL_SURFACE('',#4679,0.7245,0.3);
#86=TOROIDAL_SURFACE('',#4694,0.9,0.5);
#87=TOROIDAL_SURFACE('',#4698,0.9,0.5);
#88=SPHERICAL_SURFACE('',#4523,0.25);
#89=SPHERICAL_SURFACE('',#4530,0.25);
#90=SPHERICAL_SURFACE('',#4537,0.25);
#91=STYLED_ITEM('',(#7738),#107);
#92=STYLED_ITEM('',(#7738),#108);
#93=STYLED_ITEM('',(#7738),#109);
#94=STYLED_ITEM('',(#7738),#110);
#95=STYLED_ITEM('',(#7739),#111);
#96=STYLED_ITEM('',(#7739),#112);
#97=STYLED_ITEM('',(#7739),#113);
#98=STYLED_ITEM('',(#7739),#114);
#99=STYLED_ITEM('',(#7739),#115);
#100=STYLED_ITEM('',(#7739),#116);
#101=STYLED_ITEM('',(#7739),#117);
#102=STYLED_ITEM('',(#7739),#118);
#103=STYLED_ITEM('',(#7739),#119);
#104=STYLED_ITEM('',(#7739),#120);
#105=STYLED_ITEM('',(#7739),#121);
#106=STYLED_ITEM('',(#7739),#122);
#107=MANIFOLD_SOLID_BREP('Body1',#4374);
#108=MANIFOLD_SOLID_BREP('Body2',#4375);
#109=MANIFOLD_SOLID_BREP('Body7',#4376);
#110=MANIFOLD_SOLID_BREP('Body8',#4377);
#111=MANIFOLD_SOLID_BREP('Body14',#4378);
#112=MANIFOLD_SOLID_BREP('Body14',#4379);
#113=MANIFOLD_SOLID_BREP('Body17',#4380);
#114=MANIFOLD_SOLID_BREP('Body18',#4381);
#115=MANIFOLD_SOLID_BREP('Body19',#4382);
#116=MANIFOLD_SOLID_BREP('Body20',#4383);
#117=MANIFOLD_SOLID_BREP('Body24',#4384);
#118=MANIFOLD_SOLID_BREP('Body25',#4385);
#119=MANIFOLD_SOLID_BREP('Body27',#4386);
#120=MANIFOLD_SOLID_BREP('Body27',#4387);
#121=MANIFOLD_SOLID_BREP('Body28',#4388);
#122=MANIFOLD_SOLID_BREP('Body28',#4389);
#123=FACE_BOUND('',#568,.T.);
#124=FACE_BOUND('',#569,.T.);
#125=FACE_BOUND('',#570,.T.);
#126=FACE_BOUND('',#572,.T.);
#127=FACE_BOUND('',#573,.T.);
#128=FACE_BOUND('',#574,.T.);
#129=FACE_BOUND('',#620,.T.);
#130=FACE_BOUND('',#743,.T.);
#131=FACE_BOUND('',#770,.T.);
#132=ELLIPSE('',#4434,0.233069366584048,0.1);
#133=ELLIPSE('',#4435,0.233069366584048,0.1);
#134=ELLIPSE('',#4440,0.233069366584048,0.1);
#135=ELLIPSE('',#4441,0.233069366584048,0.1);
#136=ELLIPSE('',#4446,0.233069366584048,0.1);
#137=ELLIPSE('',#4447,0.233069366584048,0.1);
#138=ELLIPSE('',#4494,0.194125937984751,0.19);
#139=ELLIPSE('',#4495,0.244771810731478,0.19);
#140=ELLIPSE('',#4497,0.244771821764012,0.19);
#141=ELLIPSE('',#4499,0.194125933470183,0.19);
#142=ELLIPSE('',#4713,0.194125937984751,0.19);
#143=ELLIPSE('',#4714,0.244771810731478,0.19);
#144=ELLIPSE('',#4716,0.244771821764012,0.19);
#145=ELLIPSE('',#4718,0.194125933470183,0.19);
#146=ELLIPSE('',#4743,0.194125937984751,0.19);
#147=ELLIPSE('',#4744,0.244771810731478,0.19);
#148=ELLIPSE('',#4746,0.244771821764012,0.19);
#149=ELLIPSE('',#4748,0.194125933470183,0.19);
#150=CIRCLE('',#4433,0.1);
#151=CIRCLE('',#4436,0.1);
#152=CIRCLE('',#4439,0.1);
#153=CIRCLE('',#4442,0.1);
#154=CIRCLE('',#4445,0.1);
#155=CIRCLE('',#4448,0.1);
#156=CIRCLE('',#4456,1.6);
#157=CIRCLE('',#4457,1.6);
#158=CIRCLE('',#4458,1.6);
#159=CIRCLE('',#4461,1.6);
#160=CIRCLE('',#4464,1.6);
#161=CIRCLE('',#4467,1.6);
#162=CIRCLE('',#4524,0.25);
#163=CIRCLE('',#4525,0.25);
#164=CIRCLE('',#4527,0.25);
#165=CIRCLE('',#4528,0.25);
#166=CIRCLE('',#4531,0.25);
#167=CIRCLE('',#4532,0.25);
#168=CIRCLE('',#4534,0.25);
#169=CIRCLE('',#4535,0.25);
#170=CIRCLE('',#4538,0.25);
#171=CIRCLE('',#4539,0.249999999999999);
#172=CIRCLE('',#4541,0.25);
#173=CIRCLE('',#4542,0.25);
#174=CIRCLE('',#4545,0.7245);
#175=CIRCLE('',#4546,0.4245);
#176=CIRCLE('',#4549,0.9);
#177=CIRCLE('',#4551,0.7245);
#178=CIRCLE('',#4552,0.4245);
#179=CIRCLE('',#4555,0.4245);
#180=CIRCLE('',#4556,0.4245);
#181=CIRCLE('',#4557,0.4245);
#182=CIRCLE('',#4558,0.4245);
#183=CIRCLE('',#4559,0.4245);
#184=CIRCLE('',#4560,0.4245);
#185=CIRCLE('',#4561,0.4245);
#186=CIRCLE('',#4562,0.4245);
#187=CIRCLE('',#4563,0.4245);
#188=CIRCLE('',#4565,0.7245);
#189=CIRCLE('',#4568,0.7245);
#190=CIRCLE('',#4570,0.225);
#191=CIRCLE('',#4571,0.1995);
#192=CIRCLE('',#4576,0.9);
#193=CIRCLE('',#4578,1.4);
#194=CIRCLE('',#4583,1.4);
#195=CIRCLE('',#4584,1.4);
#196=CIRCLE('',#4587,0.9);
#197=CIRCLE('',#4588,1.4);
#198=CIRCLE('',#4589,0.9);
#199=CIRCLE('',#4595,1.4);
#200=CIRCLE('',#4597,1.4);
#201=CIRCLE('',#4598,1.4);
#202=CIRCLE('',#4601,0.7245);
#203=CIRCLE('',#4602,0.4245);
#204=CIRCLE('',#4605,0.9);
#205=CIRCLE('',#4607,0.7245);
#206=CIRCLE('',#4608,0.4245);
#207=CIRCLE('',#4611,0.4245);
#208=CIRCLE('',#4612,0.4245);
#209=CIRCLE('',#4613,0.4245);
#210=CIRCLE('',#4614,0.4245);
#211=CIRCLE('',#4615,0.4245);
#212=CIRCLE('',#4616,0.4245);
#213=CIRCLE('',#4617,0.4245);
#214=CIRCLE('',#4618,0.4245);
#215=CIRCLE('',#4619,0.4245);
#216=CIRCLE('',#4621,0.7245);
#217=CIRCLE('',#4624,0.7245);
#218=CIRCLE('',#4626,0.225);
#219=CIRCLE('',#4627,0.1995);
#220=CIRCLE('',#4632,0.9);
#221=CIRCLE('',#4634,1.4);
#222=CIRCLE('',#4639,1.4);
#223=CIRCLE('',#4640,1.4);
#224=CIRCLE('',#4643,0.9);
#225=CIRCLE('',#4644,1.4);
#226=CIRCLE('',#4645,0.9);
#227=CIRCLE('',#4651,1.4);
#228=CIRCLE('',#4653,1.4);
#229=CIRCLE('',#4654,1.4);
#230=CIRCLE('',#4657,0.7245);
#231=CIRCLE('',#4658,0.4245);
#232=CIRCLE('',#4661,0.9);
#233=CIRCLE('',#4663,0.7245);
#234=CIRCLE('',#4664,0.4245);
#235=CIRCLE('',#4667,0.4245);
#236=CIRCLE('',#4668,0.4245);
#237=CIRCLE('',#4669,0.4245);
#238=CIRCLE('',#4670,0.4245);
#239=CIRCLE('',#4671,0.4245);
#240=CIRCLE('',#4672,0.4245);
#241=CIRCLE('',#4673,0.4245);
#242=CIRCLE('',#4674,0.4245);
#243=CIRCLE('',#4675,0.4245);
#244=CIRCLE('',#4677,0.7245);
#245=CIRCLE('',#4680,0.7245);
#246=CIRCLE('',#4682,0.225);
#247=CIRCLE('',#4683,0.1995);
#248=CIRCLE('',#4688,0.9);
#249=CIRCLE('',#4690,1.4);
#250=CIRCLE('',#4695,1.4);
#251=CIRCLE('',#4696,1.4);
#252=CIRCLE('',#4699,0.9);
#253=CIRCLE('',#4700,1.4);
#254=CIRCLE('',#4701,0.9);
#255=CIRCLE('',#4707,1.4);
#256=CIRCLE('',#4709,1.4);
#257=CIRCLE('',#4710,1.4);
#258=CYLINDRICAL_SURFACE('',#4432,0.1);
#259=CYLINDRICAL_SURFACE('',#4438,0.1);
#260=CYLINDRICAL_SURFACE('',#4444,0.1);
#261=CYLINDRICAL_SURFACE('',#4460,1.6);
#262=CYLINDRICAL_SURFACE('',#4463,1.6);
#263=CYLINDRICAL_SURFACE('',#4466,1.6);
#264=CYLINDRICAL_SURFACE('',#4493,0.19);
#265=CYLINDRICAL_SURFACE('',#4496,0.19);
#266=CYLINDRICAL_SURFACE('',#4498,0.19);
#267=CYLINDRICAL_SURFACE('',#4526,0.25);
#268=CYLINDRICAL_SURFACE('',#4533,0.25);
#269=CYLINDRICAL_SURFACE('',#4540,0.25);
#270=CYLINDRICAL_SURFACE('',#4554,0.4245);
#271=CYLINDRICAL_SURFACE('',#4596,1.4);
#272=CYLINDRICAL_SURFACE('',#4610,0.4245);
#273=CYLINDRICAL_SURFACE('',#4652,1.4);
#274=CYLINDRICAL_SURFACE('',#4666,0.4245);
#275=CYLINDRICAL_SURFACE('',#4708,1.4);
#276=CYLINDRICAL_SURFACE('',#4712,0.19);
#277=CYLINDRICAL_SURFACE('',#4715,0.19);
#278=CYLINDRICAL_SURFACE('',#4717,0.19);
#279=CYLINDRICAL_SURFACE('',#4742,0.19);
#280=CYLINDRICAL_SURFACE('',#4745,0.19);
#281=CYLINDRICAL_SURFACE('',#4747,0.19);
#282=FACE_OUTER_BOUND('',#528,.T.);
#283=FACE_OUTER_BOUND('',#529,.T.);
#284=FACE_OUTER_BOUND('',#530,.T.);
#285=FACE_OUTER_BOUND('',#531,.T.);
#286=FACE_OUTER_BOUND('',#532,.T.);
#287=FACE_OUTER_BOUND('',#533,.T.);
#288=FACE_OUTER_BOUND('',#534,.T.);
#289=FACE_OUTER_BOUND('',#535,.T.);
#290=FACE_OUTER_BOUND('',#536,.T.);
#291=FACE_OUTER_BOUND('',#537,.T.);
#292=FACE_OUTER_BOUND('',#538,.T.);
#293=FACE_OUTER_BOUND('',#539,.T.);
#294=FACE_OUTER_BOUND('',#540,.T.);
#295=FACE_OUTER_BOUND('',#541,.T.);
#296=FACE_OUTER_BOUND('',#542,.T.);
#297=FACE_OUTER_BOUND('',#543,.T.);
#298=FACE_OUTER_BOUND('',#544,.T.);
#299=FACE_OUTER_BOUND('',#545,.T.);
#300=FACE_OUTER_BOUND('',#546,.T.);
#301=FACE_OUTER_BOUND('',#547,.T.);
#302=FACE_OUTER_BOUND('',#548,.T.);
#303=FACE_OUTER_BOUND('',#549,.T.);
#304=FACE_OUTER_BOUND('',#550,.T.);
#305=FACE_OUTER_BOUND('',#551,.T.);
#306=FACE_OUTER_BOUND('',#552,.T.);
#307=FACE_OUTER_BOUND('',#553,.T.);
#308=FACE_OUTER_BOUND('',#554,.T.);
#309=FACE_OUTER_BOUND('',#555,.T.);
#310=FACE_OUTER_BOUND('',#556,.T.);
#311=FACE_OUTER_BOUND('',#557,.T.);
#312=FACE_OUTER_BOUND('',#558,.T.);
#313=FACE_OUTER_BOUND('',#559,.T.);
#314=FACE_OUTER_BOUND('',#560,.T.);
#315=FACE_OUTER_BOUND('',#561,.T.);
#316=FACE_OUTER_BOUND('',#562,.T.);
#317=FACE_OUTER_BOUND('',#563,.T.);
#318=FACE_OUTER_BOUND('',#564,.T.);
#319=FACE_OUTER_BOUND('',#565,.T.);
#320=FACE_OUTER_BOUND('',#566,.T.);
#321=FACE_OUTER_BOUND('',#567,.T.);
#322=FACE_OUTER_BOUND('',#571,.T.);
#323=FACE_OUTER_BOUND('',#575,.T.);
#324=FACE_OUTER_BOUND('',#576,.T.);
#325=FACE_OUTER_BOUND('',#577,.T.);
#326=FACE_OUTER_BOUND('',#578,.T.);
#327=FACE_OUTER_BOUND('',#579,.T.);
#328=FACE_OUTER_BOUND('',#580,.T.);
#329=FACE_OUTER_BOUND('',#581,.T.);
#330=FACE_OUTER_BOUND('',#582,.T.);
#331=FACE_OUTER_BOUND('',#583,.T.);
#332=FACE_OUTER_BOUND('',#584,.T.);
#333=FACE_OUTER_BOUND('',#585,.T.);
#334=FACE_OUTER_BOUND('',#586,.T.);
#335=FACE_OUTER_BOUND('',#587,.T.);
#336=FACE_OUTER_BOUND('',#588,.T.);
#337=FACE_OUTER_BOUND('',#589,.T.);
#338=FACE_OUTER_BOUND('',#590,.T.);
#339=FACE_OUTER_BOUND('',#591,.T.);
#340=FACE_OUTER_BOUND('',#592,.T.);
#341=FACE_OUTER_BOUND('',#593,.T.);
#342=FACE_OUTER_BOUND('',#594,.T.);
#343=FACE_OUTER_BOUND('',#595,.T.);
#344=FACE_OUTER_BOUND('',#596,.T.);
#345=FACE_OUTER_BOUND('',#597,.T.);
#346=FACE_OUTER_BOUND('',#598,.T.);
#347=FACE_OUTER_BOUND('',#599,.T.);
#348=FACE_OUTER_BOUND('',#600,.T.);
#349=FACE_OUTER_BOUND('',#601,.T.);
#350=FACE_OUTER_BOUND('',#602,.T.);
#351=FACE_OUTER_BOUND('',#603,.T.);
#352=FACE_OUTER_BOUND('',#604,.T.);
#353=FACE_OUTER_BOUND('',#605,.T.);
#354=FACE_OUTER_BOUND('',#606,.T.);
#355=FACE_OUTER_BOUND('',#607,.T.);
#356=FACE_OUTER_BOUND('',#608,.T.);
#357=FACE_OUTER_BOUND('',#609,.T.);
#358=FACE_OUTER_BOUND('',#610,.T.);
#359=FACE_OUTER_BOUND('',#611,.T.);
#360=FACE_OUTER_BOUND('',#612,.T.);
#361=FACE_OUTER_BOUND('',#613,.T.);
#362=FACE_OUTER_BOUND('',#614,.T.);
#363=FACE_OUTER_BOUND('',#615,.T.);
#364=FACE_OUTER_BOUND('',#616,.T.);
#365=FACE_OUTER_BOUND('',#617,.T.);
#366=FACE_OUTER_BOUND('',#618,.T.);
#367=FACE_OUTER_BOUND('',#619,.T.);
#368=FACE_OUTER_BOUND('',#621,.T.);
#369=FACE_OUTER_BOUND('',#622,.T.);
#370=FACE_OUTER_BOUND('',#623,.T.);
#371=FACE_OUTER_BOUND('',#624,.T.);
#372=FACE_OUTER_BOUND('',#625,.T.);
#373=FACE_OUTER_BOUND('',#626,.T.);
#374=FACE_OUTER_BOUND('',#627,.T.);
#375=FACE_OUTER_BOUND('',#628,.T.);
#376=FACE_OUTER_BOUND('',#629,.T.);
#377=FACE_OUTER_BOUND('',#630,.T.);
#378=FACE_OUTER_BOUND('',#631,.T.);
#379=FACE_OUTER_BOUND('',#632,.T.);
#380=FACE_OUTER_BOUND('',#633,.T.);
#381=FACE_OUTER_BOUND('',#634,.T.);
#382=FACE_OUTER_BOUND('',#635,.T.);
#383=FACE_OUTER_BOUND('',#636,.T.);
#384=FACE_OUTER_BOUND('',#637,.T.);
#385=FACE_OUTER_BOUND('',#638,.T.);
#386=FACE_OUTER_BOUND('',#639,.T.);
#387=FACE_OUTER_BOUND('',#640,.T.);
#388=FACE_OUTER_BOUND('',#641,.T.);
#389=FACE_OUTER_BOUND('',#642,.T.);
#390=FACE_OUTER_BOUND('',#643,.T.);
#391=FACE_OUTER_BOUND('',#644,.T.);
#392=FACE_OUTER_BOUND('',#645,.T.);
#393=FACE_OUTER_BOUND('',#646,.T.);
#394=FACE_OUTER_BOUND('',#647,.T.);
#395=FACE_OUTER_BOUND('',#648,.T.);
#396=FACE_OUTER_BOUND('',#649,.T.);
#397=FACE_OUTER_BOUND('',#650,.T.);
#398=FACE_OUTER_BOUND('',#651,.T.);
#399=FACE_OUTER_BOUND('',#652,.T.);
#400=FACE_OUTER_BOUND('',#653,.T.);
#401=FACE_OUTER_BOUND('',#654,.T.);
#402=FACE_OUTER_BOUND('',#655,.T.);
#403=FACE_OUTER_BOUND('',#656,.T.);
#404=FACE_OUTER_BOUND('',#657,.T.);
#405=FACE_OUTER_BOUND('',#658,.T.);
#406=FACE_OUTER_BOUND('',#659,.T.);
#407=FACE_OUTER_BOUND('',#660,.T.);
#408=FACE_OUTER_BOUND('',#661,.T.);
#409=FACE_OUTER_BOUND('',#662,.T.);
#410=FACE_OUTER_BOUND('',#663,.T.);
#411=FACE_OUTER_BOUND('',#664,.T.);
#412=FACE_OUTER_BOUND('',#665,.T.);
#413=FACE_OUTER_BOUND('',#666,.T.);
#414=FACE_OUTER_BOUND('',#667,.T.);
#415=FACE_OUTER_BOUND('',#668,.T.);
#416=FACE_OUTER_BOUND('',#669,.T.);
#417=FACE_OUTER_BOUND('',#670,.T.);
#418=FACE_OUTER_BOUND('',#671,.T.);
#419=FACE_OUTER_BOUND('',#672,.T.);
#420=FACE_OUTER_BOUND('',#673,.T.);
#421=FACE_OUTER_BOUND('',#674,.T.);
#422=FACE_OUTER_BOUND('',#675,.T.);
#423=FACE_OUTER_BOUND('',#676,.T.);
#424=FACE_OUTER_BOUND('',#677,.T.);
#425=FACE_OUTER_BOUND('',#678,.T.);
#426=FACE_OUTER_BOUND('',#679,.T.);
#427=FACE_OUTER_BOUND('',#680,.T.);
#428=FACE_OUTER_BOUND('',#681,.T.);
#429=FACE_OUTER_BOUND('',#682,.T.);
#430=FACE_OUTER_BOUND('',#683,.T.);
#431=FACE_OUTER_BOUND('',#684,.T.);
#432=FACE_OUTER_BOUND('',#685,.T.);
#433=FACE_OUTER_BOUND('',#686,.T.);
#434=FACE_OUTER_BOUND('',#687,.T.);
#435=FACE_OUTER_BOUND('',#688,.T.);
#436=FACE_OUTER_BOUND('',#689,.T.);
#437=FACE_OUTER_BOUND('',#690,.T.);
#438=FACE_OUTER_BOUND('',#691,.T.);
#439=FACE_OUTER_BOUND('',#692,.T.);
#440=FACE_OUTER_BOUND('',#693,.T.);
#441=FACE_OUTER_BOUND('',#694,.T.);
#442=FACE_OUTER_BOUND('',#695,.T.);
#443=FACE_OUTER_BOUND('',#696,.T.);
#444=FACE_OUTER_BOUND('',#697,.T.);
#445=FACE_OUTER_BOUND('',#698,.T.);
#446=FACE_OUTER_BOUND('',#699,.T.);
#447=FACE_OUTER_BOUND('',#700,.T.);
#448=FACE_OUTER_BOUND('',#701,.T.);
#449=FACE_OUTER_BOUND('',#702,.T.);
#450=FACE_OUTER_BOUND('',#703,.T.);
#451=FACE_OUTER_BOUND('',#704,.T.);
#452=FACE_OUTER_BOUND('',#705,.T.);
#453=FACE_OUTER_BOUND('',#706,.T.);
#454=FACE_OUTER_BOUND('',#707,.T.);
#455=FACE_OUTER_BOUND('',#708,.T.);
#456=FACE_OUTER_BOUND('',#709,.T.);
#457=FACE_OUTER_BOUND('',#710,.T.);
#458=FACE_OUTER_BOUND('',#711,.T.);
#459=FACE_OUTER_BOUND('',#712,.T.);
#460=FACE_OUTER_BOUND('',#713,.T.);
#461=FACE_OUTER_BOUND('',#714,.T.);
#462=FACE_OUTER_BOUND('',#715,.T.);
#463=FACE_OUTER_BOUND('',#716,.T.);
#464=FACE_OUTER_BOUND('',#717,.T.);
#465=FACE_OUTER_BOUND('',#718,.T.);
#466=FACE_OUTER_BOUND('',#719,.T.);
#467=FACE_OUTER_BOUND('',#720,.T.);
#468=FACE_OUTER_BOUND('',#721,.T.);
#469=FACE_OUTER_BOUND('',#722,.T.);
#470=FACE_OUTER_BOUND('',#723,.T.);
#471=FACE_OUTER_BOUND('',#724,.T.);
#472=FACE_OUTER_BOUND('',#725,.T.);
#473=FACE_OUTER_BOUND('',#726,.T.);
#474=FACE_OUTER_BOUND('',#727,.T.);
#475=FACE_OUTER_BOUND('',#728,.T.);
#476=FACE_OUTER_BOUND('',#729,.T.);
#477=FACE_OUTER_BOUND('',#730,.T.);
#478=FACE_OUTER_BOUND('',#731,.T.);
#479=FACE_OUTER_BOUND('',#732,.T.);
#480=FACE_OUTER_BOUND('',#733,.T.);
#481=FACE_OUTER_BOUND('',#734,.T.);
#482=FACE_OUTER_BOUND('',#735,.T.);
#483=FACE_OUTER_BOUND('',#736,.T.);
#484=FACE_OUTER_BOUND('',#737,.T.);
#485=FACE_OUTER_BOUND('',#738,.T.);
#486=FACE_OUTER_BOUND('',#739,.T.);
#487=FACE_OUTER_BOUND('',#740,.T.);
#488=FACE_OUTER_BOUND('',#741,.T.);
#489=FACE_OUTER_BOUND('',#742,.T.);
#490=FACE_OUTER_BOUND('',#744,.T.);
#491=FACE_OUTER_BOUND('',#745,.T.);
#492=FACE_OUTER_BOUND('',#746,.T.);
#493=FACE_OUTER_BOUND('',#747,.T.);
#494=FACE_OUTER_BOUND('',#748,.T.);
#495=FACE_OUTER_BOUND('',#749,.T.);
#496=FACE_OUTER_BOUND('',#750,.T.);
#497=FACE_OUTER_BOUND('',#751,.T.);
#498=FACE_OUTER_BOUND('',#752,.T.);
#499=FACE_OUTER_BOUND('',#753,.T.);
#500=FACE_OUTER_BOUND('',#754,.T.);
#501=FACE_OUTER_BOUND('',#755,.T.);
#502=FACE_OUTER_BOUND('',#756,.T.);
#503=FACE_OUTER_BOUND('',#757,.T.);
#504=FACE_OUTER_BOUND('',#758,.T.);
#505=FACE_OUTER_BOUND('',#759,.T.);
#506=FACE_OUTER_BOUND('',#760,.T.);
#507=FACE_OUTER_BOUND('',#761,.T.);
#508=FACE_OUTER_BOUND('',#762,.T.);
#509=FACE_OUTER_BOUND('',#763,.T.);
#510=FACE_OUTER_BOUND('',#764,.T.);
#511=FACE_OUTER_BOUND('',#765,.T.);
#512=FACE_OUTER_BOUND('',#766,.T.);
#513=FACE_OUTER_BOUND('',#767,.T.);
#514=FACE_OUTER_BOUND('',#768,.T.);
#515=FACE_OUTER_BOUND('',#769,.T.);
#516=FACE_OUTER_BOUND('',#771,.T.);
#517=FACE_OUTER_BOUND('',#772,.T.);
#518=FACE_OUTER_BOUND('',#773,.T.);
#519=FACE_OUTER_BOUND('',#774,.T.);
#520=FACE_OUTER_BOUND('',#775,.T.);
#521=FACE_OUTER_BOUND('',#776,.T.);
#522=FACE_OUTER_BOUND('',#777,.T.);
#523=FACE_OUTER_BOUND('',#778,.T.);
#524=FACE_OUTER_BOUND('',#779,.T.);
#525=FACE_OUTER_BOUND('',#780,.T.);
#526=FACE_OUTER_BOUND('',#781,.T.);
#527=FACE_OUTER_BOUND('',#782,.T.);
#528=EDGE_LOOP('',(#2690,#2691,#2692,#2693));
#529=EDGE_LOOP('',(#2694,#2695,#2696,#2697));
#530=EDGE_LOOP('',(#2698,#2699,#2700,#2701));
#531=EDGE_LOOP('',(#2702,#2703,#2704,#2705,#2706,#2707,#2708,#2709,#2710,
#2711,#2712,#2713,#2714,#2715,#2716,#2717,#2718,#2719));
#532=EDGE_LOOP('',(#2720,#2721,#2722,#2723));
#533=EDGE_LOOP('',(#2724,#2725,#2726,#2727,#2728,#2729,#2730,#2731,#2732,
#2733,#2734,#2735,#2736,#2737,#2738,#2739,#2740,#2741,#2742,#2743));
#534=EDGE_LOOP('',(#2744,#2745,#2746,#2747));
#535=EDGE_LOOP('',(#2748,#2749,#2750,#2751));
#536=EDGE_LOOP('',(#2752,#2753,#2754,#2755));
#537=EDGE_LOOP('',(#2756,#2757,#2758,#2759));
#538=EDGE_LOOP('',(#2760,#2761,#2762,#2763,#2764,#2765,#2766,#2767,#2768,
#2769,#2770,#2771));
#539=EDGE_LOOP('',(#2772,#2773,#2774,#2775));
#540=EDGE_LOOP('',(#2776,#2777,#2778,#2779));
#541=EDGE_LOOP('',(#2780,#2781,#2782,#2783));
#542=EDGE_LOOP('',(#2784,#2785,#2786,#2787));
#543=EDGE_LOOP('',(#2788,#2789,#2790,#2791));
#544=EDGE_LOOP('',(#2792,#2793,#2794,#2795));
#545=EDGE_LOOP('',(#2796,#2797,#2798,#2799));
#546=EDGE_LOOP('',(#2800,#2801,#2802,#2803));
#547=EDGE_LOOP('',(#2804,#2805,#2806,#2807));
#548=EDGE_LOOP('',(#2808,#2809,#2810,#2811));
#549=EDGE_LOOP('',(#2812,#2813,#2814,#2815));
#550=EDGE_LOOP('',(#2816,#2817,#2818,#2819));
#551=EDGE_LOOP('',(#2820,#2821,#2822,#2823));
#552=EDGE_LOOP('',(#2824,#2825,#2826,#2827));
#553=EDGE_LOOP('',(#2828,#2829,#2830,#2831));
#554=EDGE_LOOP('',(#2832,#2833,#2834,#2835,#2836,#2837));
#555=EDGE_LOOP('',(#2838,#2839,#2840,#2841));
#556=EDGE_LOOP('',(#2842,#2843,#2844,#2845,#2846,#2847,#2848,#2849));
#557=EDGE_LOOP('',(#2850,#2851,#2852,#2853,#2854,#2855));
#558=EDGE_LOOP('',(#2856,#2857));
#559=EDGE_LOOP('',(#2858,#2859,#2860,#2861,#2862,#2863));
#560=EDGE_LOOP('',(#2864,#2865));
#561=EDGE_LOOP('',(#2866,#2867,#2868,#2869,#2870,#2871));
#562=EDGE_LOOP('',(#2872,#2873));
#563=EDGE_LOOP('',(#2874,#2875,#2876,#2877,#2878,#2879,#2880,#2881));
#564=EDGE_LOOP('',(#2882,#2883,#2884,#2885));
#565=EDGE_LOOP('',(#2886,#2887,#2888,#2889));
#566=EDGE_LOOP('',(#2890,#2891,#2892,#2893,#2894,#2895,#2896,#2897,#2898,
#2899));
#567=EDGE_LOOP('',(#2900,#2901,#2902,#2903));
#568=EDGE_LOOP('',(#2904,#2905));
#569=EDGE_LOOP('',(#2906,#2907));
#570=EDGE_LOOP('',(#2908,#2909));
#571=EDGE_LOOP('',(#2910,#2911,#2912,#2913,#2914,#2915,#2916,#2917,#2918,
#2919,#2920,#2921));
#572=EDGE_LOOP('',(#2922));
#573=EDGE_LOOP('',(#2923));
#574=EDGE_LOOP('',(#2924));
#575=EDGE_LOOP('',(#2925,#2926,#2927,#2928,#2929,#2930,#2931,#2932));
#576=EDGE_LOOP('',(#2933,#2934,#2935,#2936));
#577=EDGE_LOOP('',(#2937));
#578=EDGE_LOOP('',(#2938,#2939,#2940,#2941));
#579=EDGE_LOOP('',(#2942));
#580=EDGE_LOOP('',(#2943,#2944,#2945,#2946));
#581=EDGE_LOOP('',(#2947));
#582=EDGE_LOOP('',(#2948,#2949,#2950,#2951,#2952,#2953));
#583=EDGE_LOOP('',(#2954,#2955,#2956,#2957));
#584=EDGE_LOOP('',(#2958,#2959,#2960,#2961));
#585=EDGE_LOOP('',(#2962,#2963,#2964,#2965));
#586=EDGE_LOOP('',(#2966,#2967,#2968,#2969));
#587=EDGE_LOOP('',(#2970,#2971,#2972,#2973));
#588=EDGE_LOOP('',(#2974,#2975,#2976,#2977,#2978,#2979,#2980,#2981));
#589=EDGE_LOOP('',(#2982,#2983,#2984,#2985));
#590=EDGE_LOOP('',(#2986,#2987,#2988,#2989));
#591=EDGE_LOOP('',(#2990,#2991,#2992,#2993));
#592=EDGE_LOOP('',(#2994,#2995,#2996,#2997,#2998,#2999,#3000,#3001));
#593=EDGE_LOOP('',(#3002,#3003,#3004,#3005));
#594=EDGE_LOOP('',(#3006,#3007,#3008,#3009));
#595=EDGE_LOOP('',(#3010,#3011,#3012,#3013));
#596=EDGE_LOOP('',(#3014,#3015,#3016,#3017));
#597=EDGE_LOOP('',(#3018,#3019,#3020,#3021));
#598=EDGE_LOOP('',(#3022,#3023,#3024,#3025));
#599=EDGE_LOOP('',(#3026,#3027,#3028,#3029));
#600=EDGE_LOOP('',(#3030,#3031,#3032,#3033));
#601=EDGE_LOOP('',(#3034,#3035,#3036,#3037));
#602=EDGE_LOOP('',(#3038,#3039,#3040,#3041));
#603=EDGE_LOOP('',(#3042,#3043,#3044,#3045));
#604=EDGE_LOOP('',(#3046,#3047,#3048,#3049));
#605=EDGE_LOOP('',(#3050,#3051,#3052,#3053));
#606=EDGE_LOOP('',(#3054,#3055,#3056,#3057));
#607=EDGE_LOOP('',(#3058,#3059,#3060,#3061));
#608=EDGE_LOOP('',(#3062,#3063,#3064,#3065));
#609=EDGE_LOOP('',(#3066,#3067,#3068,#3069));
#610=EDGE_LOOP('',(#3070,#3071,#3072,#3073));
#611=EDGE_LOOP('',(#3074,#3075,#3076,#3077));
#612=EDGE_LOOP('',(#3078,#3079,#3080,#3081,#3082,#3083));
#613=EDGE_LOOP('',(#3084,#3085,#3086,#3087));
#614=EDGE_LOOP('',(#3088,#3089,#3090,#3091));
#615=EDGE_LOOP('',(#3092,#3093,#3094,#3095));
#616=EDGE_LOOP('',(#3096,#3097,#3098,#3099));
#617=EDGE_LOOP('',(#3100,#3101,#3102,#3103));
#618=EDGE_LOOP('',(#3104,#3105,#3106,#3107));
#619=EDGE_LOOP('',(#3108,#3109,#3110,#3111));
#620=EDGE_LOOP('',(#3112,#3113,#3114,#3115,#3116,#3117,#3118,#3119));
#621=EDGE_LOOP('',(#3120,#3121,#3122,#3123));
#622=EDGE_LOOP('',(#3124,#3125,#3126,#3127));
#623=EDGE_LOOP('',(#3128,#3129,#3130,#3131,#3132,#3133,#3134,#3135));
#624=EDGE_LOOP('',(#3136,#3137,#3138,#3139));
#625=EDGE_LOOP('',(#3140,#3141,#3142,#3143));
#626=EDGE_LOOP('',(#3144,#3145,#3146,#3147,#3148,#3149,#3150,#3151));
#627=EDGE_LOOP('',(#3152,#3153,#3154,#3155,#3156,#3157));
#628=EDGE_LOOP('',(#3158,#3159,#3160,#3161,#3162,#3163));
#629=EDGE_LOOP('',(#3164,#3165,#3166,#3167));
#630=EDGE_LOOP('',(#3168,#3169,#3170,#3171));
#631=EDGE_LOOP('',(#3172,#3173,#3174,#3175));
#632=EDGE_LOOP('',(#3176,#3177,#3178,#3179));
#633=EDGE_LOOP('',(#3180,#3181,#3182));
#634=EDGE_LOOP('',(#3183,#3184,#3185,#3186,#3187));
#635=EDGE_LOOP('',(#3188,#3189));
#636=EDGE_LOOP('',(#3190,#3191,#3192));
#637=EDGE_LOOP('',(#3193,#3194,#3195,#3196,#3197));
#638=EDGE_LOOP('',(#3198,#3199));
#639=EDGE_LOOP('',(#3200,#3201,#3202));
#640=EDGE_LOOP('',(#3203,#3204,#3205,#3206,#3207));
#641=EDGE_LOOP('',(#3208,#3209));
#642=EDGE_LOOP('',(#3210,#3211,#3212,#3213));
#643=EDGE_LOOP('',(#3214,#3215,#3216,#3217,#3218));
#644=EDGE_LOOP('',(#3219,#3220,#3221,#3222));
#645=EDGE_LOOP('',(#3223,#3224,#3225,#3226));
#646=EDGE_LOOP('',(#3227,#3228,#3229,#3230,#3231));
#647=EDGE_LOOP('',(#3232,#3233,#3234,#3235,#3236,#3237,#3238,#3239,#3240,
#3241,#3242,#3243,#3244,#3245,#3246,#3247,#3248,#3249,#3250,#3251,#3252));
#648=EDGE_LOOP('',(#3253,#3254,#3255,#3256));
#649=EDGE_LOOP('',(#3257,#3258,#3259,#3260,#3261,#3262));
#650=EDGE_LOOP('',(#3263,#3264,#3265,#3266));
#651=EDGE_LOOP('',(#3267,#3268,#3269,#3270,#3271));
#652=EDGE_LOOP('',(#3272,#3273,#3274,#3275,#3276));
#653=EDGE_LOOP('',(#3277));
#654=EDGE_LOOP('',(#3278,#3279,#3280,#3281,#3282,#3283));
#655=EDGE_LOOP('',(#3284,#3285,#3286,#3287,#3288,#3289));
#656=EDGE_LOOP('',(#3290,#3291,#3292,#3293));
#657=EDGE_LOOP('',(#3294,#3295,#3296,#3297));
#658=EDGE_LOOP('',(#3298,#3299,#3300,#3301,#3302));
#659=EDGE_LOOP('',(#3303,#3304,#3305,#3306));
#660=EDGE_LOOP('',(#3307,#3308,#3309,#3310,#3311));
#661=EDGE_LOOP('',(#3312,#3313,#3314,#3315,#3316,#3317,#3318,#3319,#3320));
#662=EDGE_LOOP('',(#3321,#3322,#3323,#3324));
#663=EDGE_LOOP('',(#3325,#3326,#3327,#3328,#3329,#3330,#3331,#3332));
#664=EDGE_LOOP('',(#3333,#3334,#3335,#3336));
#665=EDGE_LOOP('',(#3337,#3338,#3339,#3340));
#666=EDGE_LOOP('',(#3341,#3342,#3343,#3344,#3345,#3346));
#667=EDGE_LOOP('',(#3347,#3348,#3349,#3350));
#668=EDGE_LOOP('',(#3351,#3352,#3353,#3354));
#669=EDGE_LOOP('',(#3355,#3356,#3357,#3358,#3359,#3360,#3361,#3362,#3363));
#670=EDGE_LOOP('',(#3364,#3365));
#671=EDGE_LOOP('',(#3366,#3367,#3368,#3369));
#672=EDGE_LOOP('',(#3370,#3371,#3372,#3373,#3374));
#673=EDGE_LOOP('',(#3375,#3376,#3377,#3378));
#674=EDGE_LOOP('',(#3379,#3380,#3381,#3382));
#675=EDGE_LOOP('',(#3383,#3384,#3385,#3386,#3387));
#676=EDGE_LOOP('',(#3388,#3389,#3390,#3391,#3392,#3393,#3394,#3395,#3396,
#3397,#3398,#3399,#3400,#3401,#3402,#3403,#3404,#3405,#3406,#3407,#3408));
#677=EDGE_LOOP('',(#3409,#3410,#3411,#3412));
#678=EDGE_LOOP('',(#3413,#3414,#3415,#3416,#3417,#3418));
#679=EDGE_LOOP('',(#3419,#3420,#3421,#3422));
#680=EDGE_LOOP('',(#3423,#3424,#3425,#3426,#3427));
#681=EDGE_LOOP('',(#3428,#3429,#3430,#3431,#3432));
#682=EDGE_LOOP('',(#3433));
#683=EDGE_LOOP('',(#3434,#3435,#3436,#3437,#3438,#3439));
#684=EDGE_LOOP('',(#3440,#3441,#3442,#3443,#3444,#3445));
#685=EDGE_LOOP('',(#3446,#3447,#3448,#3449));
#686=EDGE_LOOP('',(#3450,#3451,#3452,#3453));
#687=EDGE_LOOP('',(#3454,#3455,#3456,#3457,#3458));
#688=EDGE_LOOP('',(#3459,#3460,#3461,#3462));
#689=EDGE_LOOP('',(#3463,#3464,#3465,#3466,#3467));
#690=EDGE_LOOP('',(#3468,#3469,#3470,#3471,#3472,#3473,#3474,#3475,#3476));
#691=EDGE_LOOP('',(#3477,#3478,#3479,#3480));
#692=EDGE_LOOP('',(#3481,#3482,#3483,#3484,#3485,#3486,#3487,#3488));
#693=EDGE_LOOP('',(#3489,#3490,#3491,#3492));
#694=EDGE_LOOP('',(#3493,#3494,#3495,#3496));
#695=EDGE_LOOP('',(#3497,#3498,#3499,#3500,#3501,#3502));
#696=EDGE_LOOP('',(#3503,#3504,#3505,#3506));
#697=EDGE_LOOP('',(#3507,#3508,#3509,#3510));
#698=EDGE_LOOP('',(#3511,#3512,#3513,#3514,#3515,#3516,#3517,#3518,#3519));
#699=EDGE_LOOP('',(#3520,#3521));
#700=EDGE_LOOP('',(#3522,#3523,#3524,#3525));
#701=EDGE_LOOP('',(#3526,#3527,#3528,#3529,#3530));
#702=EDGE_LOOP('',(#3531,#3532,#3533,#3534));
#703=EDGE_LOOP('',(#3535,#3536,#3537,#3538));
#704=EDGE_LOOP('',(#3539,#3540,#3541,#3542,#3543));
#705=EDGE_LOOP('',(#3544,#3545,#3546,#3547,#3548,#3549,#3550,#3551,#3552,
#3553,#3554,#3555,#3556,#3557,#3558,#3559,#3560,#3561,#3562,#3563,#3564));
#706=EDGE_LOOP('',(#3565,#3566,#3567,#3568));
#707=EDGE_LOOP('',(#3569,#3570,#3571,#3572,#3573,#3574));
#708=EDGE_LOOP('',(#3575,#3576,#3577,#3578));
#709=EDGE_LOOP('',(#3579,#3580,#3581,#3582,#3583));
#710=EDGE_LOOP('',(#3584,#3585,#3586,#3587,#3588));
#711=EDGE_LOOP('',(#3589));
#712=EDGE_LOOP('',(#3590,#3591,#3592,#3593,#3594,#3595));
#713=EDGE_LOOP('',(#3596,#3597,#3598,#3599,#3600,#3601));
#714=EDGE_LOOP('',(#3602,#3603,#3604,#3605));
#715=EDGE_LOOP('',(#3606,#3607,#3608,#3609));
#716=EDGE_LOOP('',(#3610,#3611,#3612,#3613,#3614));
#717=EDGE_LOOP('',(#3615,#3616,#3617,#3618));
#718=EDGE_LOOP('',(#3619,#3620,#3621,#3622,#3623));
#719=EDGE_LOOP('',(#3624,#3625,#3626,#3627,#3628,#3629,#3630,#3631,#3632));
#720=EDGE_LOOP('',(#3633,#3634,#3635,#3636));
#721=EDGE_LOOP('',(#3637,#3638,#3639,#3640,#3641,#3642,#3643,#3644));
#722=EDGE_LOOP('',(#3645,#3646,#3647,#3648));
#723=EDGE_LOOP('',(#3649,#3650,#3651,#3652));
#724=EDGE_LOOP('',(#3653,#3654,#3655,#3656,#3657,#3658));
#725=EDGE_LOOP('',(#3659,#3660,#3661,#3662));
#726=EDGE_LOOP('',(#3663,#3664,#3665,#3666));
#727=EDGE_LOOP('',(#3667,#3668,#3669,#3670,#3671,#3672,#3673,#3674,#3675));
#728=EDGE_LOOP('',(#3676,#3677));
#729=EDGE_LOOP('',(#3678,#3679,#3680,#3681));
#730=EDGE_LOOP('',(#3682,#3683,#3684,#3685));
#731=EDGE_LOOP('',(#3686,#3687,#3688,#3689));
#732=EDGE_LOOP('',(#3690,#3691,#3692,#3693));
#733=EDGE_LOOP('',(#3694,#3695,#3696,#3697));
#734=EDGE_LOOP('',(#3698,#3699,#3700,#3701));
#735=EDGE_LOOP('',(#3702,#3703,#3704,#3705,#3706,#3707));
#736=EDGE_LOOP('',(#3708,#3709,#3710,#3711));
#737=EDGE_LOOP('',(#3712,#3713,#3714,#3715));
#738=EDGE_LOOP('',(#3716,#3717,#3718,#3719));
#739=EDGE_LOOP('',(#3720,#3721,#3722,#3723));
#740=EDGE_LOOP('',(#3724,#3725,#3726,#3727));
#741=EDGE_LOOP('',(#3728,#3729,#3730,#3731));
#742=EDGE_LOOP('',(#3732,#3733,#3734,#3735));
#743=EDGE_LOOP('',(#3736,#3737,#3738,#3739,#3740,#3741,#3742,#3743));
#744=EDGE_LOOP('',(#3744,#3745,#3746,#3747));
#745=EDGE_LOOP('',(#3748,#3749,#3750,#3751));
#746=EDGE_LOOP('',(#3752,#3753,#3754,#3755,#3756,#3757,#3758,#3759));
#747=EDGE_LOOP('',(#3760,#3761,#3762,#3763));
#748=EDGE_LOOP('',(#3764,#3765,#3766,#3767));
#749=EDGE_LOOP('',(#3768,#3769,#3770,#3771,#3772,#3773,#3774,#3775));
#750=EDGE_LOOP('',(#3776,#3777,#3778,#3779,#3780,#3781));
#751=EDGE_LOOP('',(#3782,#3783,#3784,#3785,#3786,#3787));
#752=EDGE_LOOP('',(#3788,#3789,#3790,#3791));
#753=EDGE_LOOP('',(#3792,#3793,#3794,#3795));
#754=EDGE_LOOP('',(#3796,#3797,#3798,#3799));
#755=EDGE_LOOP('',(#3800,#3801,#3802,#3803));
#756=EDGE_LOOP('',(#3804,#3805,#3806,#3807));
#757=EDGE_LOOP('',(#3808,#3809,#3810,#3811));
#758=EDGE_LOOP('',(#3812,#3813,#3814,#3815));
#759=EDGE_LOOP('',(#3816,#3817,#3818,#3819));
#760=EDGE_LOOP('',(#3820,#3821,#3822,#3823));
#761=EDGE_LOOP('',(#3824,#3825,#3826,#3827));
#762=EDGE_LOOP('',(#3828,#3829,#3830,#3831,#3832,#3833));
#763=EDGE_LOOP('',(#3834,#3835,#3836,#3837));
#764=EDGE_LOOP('',(#3838,#3839,#3840,#3841));
#765=EDGE_LOOP('',(#3842,#3843,#3844,#3845));
#766=EDGE_LOOP('',(#3846,#3847,#3848,#3849));
#767=EDGE_LOOP('',(#3850,#3851,#3852,#3853));
#768=EDGE_LOOP('',(#3854,#3855,#3856,#3857));
#769=EDGE_LOOP('',(#3858,#3859,#3860,#3861));
#770=EDGE_LOOP('',(#3862,#3863,#3864,#3865,#3866,#3867,#3868,#3869));
#771=EDGE_LOOP('',(#3870,#3871,#3872,#3873));
#772=EDGE_LOOP('',(#3874,#3875,#3876,#3877));
#773=EDGE_LOOP('',(#3878,#3879,#3880,#3881,#3882,#3883,#3884,#3885));
#774=EDGE_LOOP('',(#3886,#3887,#3888,#3889));
#775=EDGE_LOOP('',(#3890,#3891,#3892,#3893));
#776=EDGE_LOOP('',(#3894,#3895,#3896,#3897,#3898,#3899,#3900,#3901));
#777=EDGE_LOOP('',(#3902,#3903,#3904,#3905,#3906,#3907));
#778=EDGE_LOOP('',(#3908,#3909,#3910,#3911,#3912,#3913));
#779=EDGE_LOOP('',(#3914,#3915,#3916,#3917));
#780=EDGE_LOOP('',(#3918,#3919,#3920,#3921));
#781=EDGE_LOOP('',(#3922,#3923,#3924,#3925));
#782=EDGE_LOOP('',(#3926,#3927,#3928,#3929));
#783=LINE('',#5956,#1223);
#784=LINE('',#5958,#1224);
#785=LINE('',#5960,#1225);
#786=LINE('',#5961,#1226);
#787=LINE('',#5964,#1227);
#788=LINE('',#5966,#1228);
#789=LINE('',#5967,#1229);
#790=LINE('',#5970,#1230);
#791=LINE('',#5972,#1231);
#792=LINE('',#5973,#1232);
#793=LINE('',#5976,#1233);
#794=LINE('',#5978,#1234);
#795=LINE('',#5980,#1235);
#796=LINE('',#5982,#1236);
#797=LINE('',#5984,#1237);
#798=LINE('',#5986,#1238);
#799=LINE('',#5988,#1239);
#800=LINE('',#5990,#1240);
#801=LINE('',#5992,#1241);
#802=LINE('',#5994,#1242);
#803=LINE('',#5996,#1243);
#804=LINE('',#5998,#1244);
#805=LINE('',#6000,#1245);
#806=LINE('',#6002,#1246);
#807=LINE('',#6003,#1247);
#808=LINE('',#6006,#1248);
#809=LINE('',#6007,#1249);
#810=LINE('',#6010,#1250);
#811=LINE('',#6012,#1251);
#812=LINE('',#6014,#1252);
#813=LINE('',#6016,#1253);
#814=LINE('',#6018,#1254);
#815=LINE('',#6020,#1255);
#816=LINE('',#6022,#1256);
#817=LINE('',#6024,#1257);
#818=LINE('',#6026,#1258);
#819=LINE('',#6028,#1259);
#820=LINE('',#6030,#1260);
#821=LINE('',#6032,#1261);
#822=LINE('',#6034,#1262);
#823=LINE('',#6036,#1263);
#824=LINE('',#6038,#1264);
#825=LINE('',#6039,#1265);
#826=LINE('',#6041,#1266);
#827=LINE('',#6043,#1267);
#828=LINE('',#6045,#1268);
#829=LINE('',#6047,#1269);
#830=LINE('',#6050,#1270);
#831=LINE('',#6052,#1271);
#832=LINE('',#6053,#1272);
#833=LINE('',#6054,#1273);
#834=LINE('',#6056,#1274);
#835=LINE('',#6058,#1275);
#836=LINE('',#6059,#1276);
#837=LINE('',#6061,#1277);
#838=LINE('',#6063,#1278);
#839=LINE('',#6068,#1279);
#840=LINE('',#6070,#1280);
#841=LINE('',#6072,#1281);
#842=LINE('',#6073,#1282);
#843=LINE('',#6076,#1283);
#844=LINE('',#6078,#1284);
#845=LINE('',#6079,#1285);
#846=LINE('',#6082,#1286);
#847=LINE('',#6084,#1287);
#848=LINE('',#6085,#1288);
#849=LINE('',#6087,#1289);
#850=LINE('',#6089,#1290);
#851=LINE('',#6093,#1291);
#852=LINE('',#6095,#1292);
#853=LINE('',#6097,#1293);
#854=LINE('',#6098,#1294);
#855=LINE('',#6101,#1295);
#856=LINE('',#6103,#1296);
#857=LINE('',#6104,#1297);
#858=LINE('',#6107,#1298);
#859=LINE('',#6109,#1299);
#860=LINE('',#6110,#1300);
#861=LINE('',#6112,#1301);
#862=LINE('',#6114,#1302);
#863=LINE('',#6117,#1303);
#864=LINE('',#6119,#1304);
#865=LINE('',#6120,#1305);
#866=LINE('',#6123,#1306);
#867=LINE('',#6124,#1307);
#868=LINE('',#6127,#1308);
#869=LINE('',#6128,#1309);
#870=LINE('',#6129,#1310);
#871=LINE('',#6132,#1311);
#872=LINE('',#6134,#1312);
#873=LINE('',#6136,#1313);
#874=LINE('',#6137,#1314);
#875=LINE('',#6143,#1315);
#876=LINE('',#6154,#1316);
#877=LINE('',#6165,#1317);
#878=LINE('',#6173,#1318);
#879=LINE('',#6174,#1319);
#880=LINE('',#6177,#1320);
#881=LINE('',#6178,#1321);
#882=LINE('',#6180,#1322);
#883=LINE('',#6183,#1323);
#884=LINE('',#6185,#1324);
#885=LINE('',#6187,#1325);
#886=LINE('',#6188,#1326);
#887=LINE('',#6191,#1327);
#888=LINE('',#6193,#1328);
#889=LINE('',#6194,#1329);
#890=LINE('',#6196,#1330);
#891=LINE('',#6198,#1331);
#892=LINE('',#6199,#1332);
#893=LINE('',#6200,#1333);
#894=LINE('',#6208,#1334);
#895=LINE('',#6211,#1335);
#896=LINE('',#6216,#1336);
#897=LINE('',#6221,#1337);
#898=LINE('',#6225,#1338);
#899=LINE('',#6230,#1339);
#900=LINE('',#6232,#1340);
#901=LINE('',#6234,#1341);
#902=LINE('',#6235,#1342);
#903=LINE('',#6238,#1343);
#904=LINE('',#6240,#1344);
#905=LINE('',#6241,#1345);
#906=LINE('',#6244,#1346);
#907=LINE('',#6245,#1347);
#908=LINE('',#6248,#1348);
#909=LINE('',#6249,#1349);
#910=LINE('',#6252,#1350);
#911=LINE('',#6254,#1351);
#912=LINE('',#6256,#1352);
#913=LINE('',#6258,#1353);
#914=LINE('',#6259,#1354);
#915=LINE('',#6263,#1355);
#916=LINE('',#6265,#1356);
#917=LINE('',#6267,#1357);
#918=LINE('',#6268,#1358);
#919=LINE('',#6270,#1359);
#920=LINE('',#6271,#1360);
#921=LINE('',#6273,#1361);
#922=LINE('',#6275,#1362);
#923=LINE('',#6280,#1363);
#924=LINE('',#6282,#1364);
#925=LINE('',#6284,#1365);
#926=LINE('',#6285,#1366);
#927=LINE('',#6289,#1367);
#928=LINE('',#6291,#1368);
#929=LINE('',#6293,#1369);
#930=LINE('',#6294,#1370);
#931=LINE('',#6296,#1371);
#932=LINE('',#6297,#1372);
#933=LINE('',#6299,#1373);
#934=LINE('',#6301,#1374);
#935=LINE('',#6306,#1375);
#936=LINE('',#6308,#1376);
#937=LINE('',#6310,#1377);
#938=LINE('',#6311,#1378);
#939=LINE('',#6315,#1379);
#940=LINE('',#6317,#1380);
#941=LINE('',#6319,#1381);
#942=LINE('',#6320,#1382);
#943=LINE('',#6322,#1383);
#944=LINE('',#6323,#1384);
#945=LINE('',#6325,#1385);
#946=LINE('',#6327,#1386);
#947=LINE('',#6332,#1387);
#948=LINE('',#6336,#1388);
#949=LINE('',#6340,#1389);
#950=LINE('',#6342,#1390);
#951=LINE('',#6346,#1391);
#952=LINE('',#6349,#1392);
#953=LINE('',#6352,#1393);
#954=LINE('',#6354,#1394);
#955=LINE('',#6355,#1395);
#956=LINE('',#6358,#1396);
#957=LINE('',#6359,#1397);
#958=LINE('',#6362,#1398);
#959=LINE('',#6363,#1399);
#960=LINE('',#6365,#1400);
#961=LINE('',#6366,#1401);
#962=LINE('',#6372,#1402);
#963=LINE('',#6374,#1403);
#964=LINE('',#6376,#1404);
#965=LINE('',#6377,#1405);
#966=LINE('',#6380,#1406);
#967=LINE('',#6382,#1407);
#968=LINE('',#6383,#1408);
#969=LINE('',#6386,#1409);
#970=LINE('',#6388,#1410);
#971=LINE('',#6389,#1411);
#972=LINE('',#6391,#1412);
#973=LINE('',#6392,#1413);
#974=LINE('',#6396,#1414);
#975=LINE('',#6398,#1415);
#976=LINE('',#6400,#1416);
#977=LINE('',#6402,#1417);
#978=LINE('',#6404,#1418);
#979=LINE('',#6406,#1419);
#980=LINE('',#6408,#1420);
#981=LINE('',#6409,#1421);
#982=LINE('',#6413,#1422);
#983=LINE('',#6415,#1423);
#984=LINE('',#6416,#1424);
#985=LINE('',#6419,#1425);
#986=LINE('',#6421,#1426);
#987=LINE('',#6422,#1427);
#988=LINE('',#6424,#1428);
#989=LINE('',#6425,#1429);
#990=LINE('',#6428,#1430);
#991=LINE('',#6429,#1431);
#992=LINE('',#6431,#1432);
#993=LINE('',#6434,#1433);
#994=LINE('',#6436,#1434);
#995=LINE('',#6437,#1435);
#996=LINE('',#6439,#1436);
#997=LINE('',#6441,#1437);
#998=LINE('',#6443,#1438);
#999=LINE('',#6444,#1439);
#1000=LINE('',#6446,#1440);
#1001=LINE('',#6448,#1441);
#1002=LINE('',#6450,#1442);
#1003=LINE('',#6451,#1443);
#1004=LINE('',#6454,#1444);
#1005=LINE('',#6456,#1445);
#1006=LINE('',#6468,#1446);
#1007=LINE('',#6480,#1447);
#1008=LINE('',#6492,#1448);
#1009=LINE('',#6523,#1449);
#1010=LINE('',#6536,#1450);
#1011=LINE('',#6537,#1451);
#1012=LINE('',#6540,#1452);
#1013=LINE('',#6571,#1453);
#1014=LINE('',#6573,#1454);
#1015=LINE('',#6585,#1455);
#1016=LINE('',#6591,#1456);
#1017=LINE('',#6594,#1457);
#1018=LINE('',#6597,#1458);
#1019=LINE('',#6601,#1459);
#1020=LINE('',#6605,#1460);
#1021=LINE('',#6609,#1461);
#1022=LINE('',#6613,#1462);
#1023=LINE('',#6642,#1463);
#1024=LINE('',#6644,#1464);
#1025=LINE('',#6652,#1465);
#1026=LINE('',#6679,#1466);
#1027=LINE('',#6691,#1467);
#1028=LINE('',#6725,#1468);
#1029=LINE('',#6727,#1469);
#1030=LINE('',#6736,#1470);
#1031=LINE('',#6745,#1471);
#1032=LINE('',#6746,#1472);
#1033=LINE('',#6751,#1473);
#1034=LINE('',#6754,#1474);
#1035=LINE('',#6757,#1475);
#1036=LINE('',#6758,#1476);
#1037=LINE('',#6761,#1477);
#1038=LINE('',#6803,#1478);
#1039=LINE('',#6805,#1479);
#1040=LINE('',#6811,#1480);
#1041=LINE('',#6845,#1481);
#1042=LINE('',#6858,#1482);
#1043=LINE('',#6859,#1483);
#1044=LINE('',#6862,#1484);
#1045=LINE('',#6893,#1485);
#1046=LINE('',#6895,#1486);
#1047=LINE('',#6907,#1487);
#1048=LINE('',#6913,#1488);
#1049=LINE('',#6916,#1489);
#1050=LINE('',#6919,#1490);
#1051=LINE('',#6923,#1491);
#1052=LINE('',#6927,#1492);
#1053=LINE('',#6931,#1493);
#1054=LINE('',#6935,#1494);
#1055=LINE('',#6964,#1495);
#1056=LINE('',#6966,#1496);
#1057=LINE('',#6974,#1497);
#1058=LINE('',#7001,#1498);
#1059=LINE('',#7013,#1499);
#1060=LINE('',#7047,#1500);
#1061=LINE('',#7049,#1501);
#1062=LINE('',#7058,#1502);
#1063=LINE('',#7067,#1503);
#1064=LINE('',#7068,#1504);
#1065=LINE('',#7073,#1505);
#1066=LINE('',#7076,#1506);
#1067=LINE('',#7079,#1507);
#1068=LINE('',#7080,#1508);
#1069=LINE('',#7083,#1509);
#1070=LINE('',#7125,#1510);
#1071=LINE('',#7127,#1511);
#1072=LINE('',#7133,#1512);
#1073=LINE('',#7167,#1513);
#1074=LINE('',#7180,#1514);
#1075=LINE('',#7181,#1515);
#1076=LINE('',#7184,#1516);
#1077=LINE('',#7215,#1517);
#1078=LINE('',#7217,#1518);
#1079=LINE('',#7229,#1519);
#1080=LINE('',#7235,#1520);
#1081=LINE('',#7238,#1521);
#1082=LINE('',#7241,#1522);
#1083=LINE('',#7245,#1523);
#1084=LINE('',#7249,#1524);
#1085=LINE('',#7253,#1525);
#1086=LINE('',#7257,#1526);
#1087=LINE('',#7286,#1527);
#1088=LINE('',#7288,#1528);
#1089=LINE('',#7296,#1529);
#1090=LINE('',#7323,#1530);
#1091=LINE('',#7335,#1531);
#1092=LINE('',#7369,#1532);
#1093=LINE('',#7371,#1533);
#1094=LINE('',#7380,#1534);
#1095=LINE('',#7389,#1535);
#1096=LINE('',#7390,#1536);
#1097=LINE('',#7395,#1537);
#1098=LINE('',#7398,#1538);
#1099=LINE('',#7401,#1539);
#1100=LINE('',#7402,#1540);
#1101=LINE('',#7405,#1541);
#1102=LINE('',#7447,#1542);
#1103=LINE('',#7449,#1543);
#1104=LINE('',#7455,#1544);
#1105=LINE('',#7463,#1545);
#1106=LINE('',#7467,#1546);
#1107=LINE('',#7471,#1547);
#1108=LINE('',#7473,#1548);
#1109=LINE('',#7477,#1549);
#1110=LINE('',#7480,#1550);
#1111=LINE('',#7483,#1551);
#1112=LINE('',#7485,#1552);
#1113=LINE('',#7486,#1553);
#1114=LINE('',#7489,#1554);
#1115=LINE('',#7490,#1555);
#1116=LINE('',#7493,#1556);
#1117=LINE('',#7494,#1557);
#1118=LINE('',#7496,#1558);
#1119=LINE('',#7497,#1559);
#1120=LINE('',#7503,#1560);
#1121=LINE('',#7505,#1561);
#1122=LINE('',#7507,#1562);
#1123=LINE('',#7508,#1563);
#1124=LINE('',#7511,#1564);
#1125=LINE('',#7513,#1565);
#1126=LINE('',#7514,#1566);
#1127=LINE('',#7517,#1567);
#1128=LINE('',#7519,#1568);
#1129=LINE('',#7520,#1569);
#1130=LINE('',#7522,#1570);
#1131=LINE('',#7523,#1571);
#1132=LINE('',#7527,#1572);
#1133=LINE('',#7529,#1573);
#1134=LINE('',#7531,#1574);
#1135=LINE('',#7533,#1575);
#1136=LINE('',#7535,#1576);
#1137=LINE('',#7537,#1577);
#1138=LINE('',#7539,#1578);
#1139=LINE('',#7540,#1579);
#1140=LINE('',#7544,#1580);
#1141=LINE('',#7546,#1581);
#1142=LINE('',#7547,#1582);
#1143=LINE('',#7550,#1583);
#1144=LINE('',#7552,#1584);
#1145=LINE('',#7553,#1585);
#1146=LINE('',#7555,#1586);
#1147=LINE('',#7556,#1587);
#1148=LINE('',#7559,#1588);
#1149=LINE('',#7560,#1589);
#1150=LINE('',#7562,#1590);
#1151=LINE('',#7565,#1591);
#1152=LINE('',#7567,#1592);
#1153=LINE('',#7568,#1593);
#1154=LINE('',#7570,#1594);
#1155=LINE('',#7572,#1595);
#1156=LINE('',#7574,#1596);
#1157=LINE('',#7575,#1597);
#1158=LINE('',#7577,#1598);
#1159=LINE('',#7579,#1599);
#1160=LINE('',#7581,#1600);
#1161=LINE('',#7582,#1601);
#1162=LINE('',#7585,#1602);
#1163=LINE('',#7587,#1603);
#1164=LINE('',#7592,#1604);
#1165=LINE('',#7596,#1605);
#1166=LINE('',#7600,#1606);
#1167=LINE('',#7602,#1607);
#1168=LINE('',#7606,#1608);
#1169=LINE('',#7609,#1609);
#1170=LINE('',#7612,#1610);
#1171=LINE('',#7614,#1611);
#1172=LINE('',#7615,#1612);
#1173=LINE('',#7618,#1613);
#1174=LINE('',#7619,#1614);
#1175=LINE('',#7622,#1615);
#1176=LINE('',#7623,#1616);
#1177=LINE('',#7625,#1617);
#1178=LINE('',#7626,#1618);
#1179=LINE('',#7632,#1619);
#1180=LINE('',#7634,#1620);
#1181=LINE('',#7636,#1621);
#1182=LINE('',#7637,#1622);
#1183=LINE('',#7640,#1623);
#1184=LINE('',#7642,#1624);
#1185=LINE('',#7643,#1625);
#1186=LINE('',#7646,#1626);
#1187=LINE('',#7648,#1627);
#1188=LINE('',#7649,#1628);
#1189=LINE('',#7651,#1629);
#1190=LINE('',#7652,#1630);
#1191=LINE('',#7656,#1631);
#1192=LINE('',#7658,#1632);
#1193=LINE('',#7660,#1633);
#1194=LINE('',#7662,#1634);
#1195=LINE('',#7664,#1635);
#1196=LINE('',#7666,#1636);
#1197=LINE('',#7668,#1637);
#1198=LINE('',#7669,#1638);
#1199=LINE('',#7673,#1639);
#1200=LINE('',#7675,#1640);
#1201=LINE('',#7676,#1641);
#1202=LINE('',#7679,#1642);
#1203=LINE('',#7681,#1643);
#1204=LINE('',#7682,#1644);
#1205=LINE('',#7684,#1645);
#1206=LINE('',#7685,#1646);
#1207=LINE('',#7688,#1647);
#1208=LINE('',#7689,#1648);
#1209=LINE('',#7691,#1649);
#1210=LINE('',#7694,#1650);
#1211=LINE('',#7696,#1651);
#1212=LINE('',#7697,#1652);
#1213=LINE('',#7699,#1653);
#1214=LINE('',#7701,#1654);
#1215=LINE('',#7703,#1655);
#1216=LINE('',#7704,#1656);
#1217=LINE('',#7706,#1657);
#1218=LINE('',#7708,#1658);
#1219=LINE('',#7710,#1659);
#1220=LINE('',#7711,#1660);
#1221=LINE('',#7714,#1661);
#1222=LINE('',#7716,#1662);
#1223=VECTOR('',#4776,10.);
#1224=VECTOR('',#4777,10.);
#1225=VECTOR('',#4778,10.);
#1226=VECTOR('',#4779,10.);
#1227=VECTOR('',#4782,10.);
#1228=VECTOR('',#4783,10.);
#1229=VECTOR('',#4784,10.);
#1230=VECTOR('',#4787,10.);
#1231=VECTOR('',#4788,10.);
#1232=VECTOR('',#4789,10.);
#1233=VECTOR('',#4792,10.);
#1234=VECTOR('',#4793,10.);
#1235=VECTOR('',#4794,10.);
#1236=VECTOR('',#4795,10.);
#1237=VECTOR('',#4796,10.);
#1238=VECTOR('',#4797,10.);
#1239=VECTOR('',#4798,10.);
#1240=VECTOR('',#4799,10.);
#1241=VECTOR('',#4800,10.);
#1242=VECTOR('',#4801,10.);
#1243=VECTOR('',#4802,10.);
#1244=VECTOR('',#4803,10.);
#1245=VECTOR('',#4804,10.);
#1246=VECTOR('',#4805,10.);
#1247=VECTOR('',#4806,10.);
#1248=VECTOR('',#4809,10.);
#1249=VECTOR('',#4810,10.);
#1250=VECTOR('',#4813,10.);
#1251=VECTOR('',#4814,10.);
#1252=VECTOR('',#4815,10.);
#1253=VECTOR('',#4816,10.);
#1254=VECTOR('',#4817,10.);
#1255=VECTOR('',#4818,10.);
#1256=VECTOR('',#4819,10.);
#1257=VECTOR('',#4820,10.);
#1258=VECTOR('',#4821,10.);
#1259=VECTOR('',#4822,10.);
#1260=VECTOR('',#4823,10.);
#1261=VECTOR('',#4824,10.);
#1262=VECTOR('',#4825,10.);
#1263=VECTOR('',#4826,10.);
#1264=VECTOR('',#4827,10.);
#1265=VECTOR('',#4828,10.);
#1266=VECTOR('',#4831,10.);
#1267=VECTOR('',#4834,10.);
#1268=VECTOR('',#4837,10.);
#1269=VECTOR('',#4840,10.);
#1270=VECTOR('',#4843,10.);
#1271=VECTOR('',#4844,10.);
#1272=VECTOR('',#4845,10.);
#1273=VECTOR('',#4846,10.);
#1274=VECTOR('',#4847,10.);
#1275=VECTOR('',#4848,10.);
#1276=VECTOR('',#4849,10.);
#1277=VECTOR('',#4852,10.);
#1278=VECTOR('',#4855,10.);
#1279=VECTOR('',#4860,10.);
#1280=VECTOR('',#4861,10.);
#1281=VECTOR('',#4862,10.);
#1282=VECTOR('',#4863,10.);
#1283=VECTOR('',#4866,10.);
#1284=VECTOR('',#4867,10.);
#1285=VECTOR('',#4868,10.);
#1286=VECTOR('',#4871,10.);
#1287=VECTOR('',#4872,10.);
#1288=VECTOR('',#4873,10.);
#1289=VECTOR('',#4876,10.);
#1290=VECTOR('',#4879,10.);
#1291=VECTOR('',#4882,10.);
#1292=VECTOR('',#4883,10.);
#1293=VECTOR('',#4884,10.);
#1294=VECTOR('',#4885,10.);
#1295=VECTOR('',#4888,10.);
#1296=VECTOR('',#4889,10.);
#1297=VECTOR('',#4890,10.);
#1298=VECTOR('',#4893,10.);
#1299=VECTOR('',#4894,10.);
#1300=VECTOR('',#4895,10.);
#1301=VECTOR('',#4898,10.);
#1302=VECTOR('',#4901,10.);
#1303=VECTOR('',#4904,10.);
#1304=VECTOR('',#4905,10.);
#1305=VECTOR('',#4906,10.);
#1306=VECTOR('',#4909,10.);
#1307=VECTOR('',#4910,10.);
#1308=VECTOR('',#4913,10.);
#1309=VECTOR('',#4914,10.);
#1310=VECTOR('',#4915,10.);
#1311=VECTOR('',#4920,10.);
#1312=VECTOR('',#4921,10.);
#1313=VECTOR('',#4922,10.);
#1314=VECTOR('',#4923,10.);
#1315=VECTOR('',#4928,0.1);
#1316=VECTOR('',#4941,0.1);
#1317=VECTOR('',#4954,0.1);
#1318=VECTOR('',#4965,10.);
#1319=VECTOR('',#4966,10.);
#1320=VECTOR('',#4969,10.);
#1321=VECTOR('',#4970,10.);
#1322=VECTOR('',#4973,10.);
#1323=VECTOR('',#4976,10.);
#1324=VECTOR('',#4977,10.);
#1325=VECTOR('',#4978,10.);
#1326=VECTOR('',#4979,10.);
#1327=VECTOR('',#4982,10.);
#1328=VECTOR('',#4983,10.);
#1329=VECTOR('',#4984,10.);
#1330=VECTOR('',#4987,10.);
#1331=VECTOR('',#4988,10.);
#1332=VECTOR('',#4989,10.);
#1333=VECTOR('',#4990,10.);
#1334=VECTOR('',#4999,10.);
#1335=VECTOR('',#5002,1.6);
#1336=VECTOR('',#5009,1.6);
#1337=VECTOR('',#5016,1.6);
#1338=VECTOR('',#5023,10.);
#1339=VECTOR('',#5028,10.);
#1340=VECTOR('',#5029,10.);
#1341=VECTOR('',#5030,10.);
#1342=VECTOR('',#5031,10.);
#1343=VECTOR('',#5034,10.);
#1344=VECTOR('',#5035,10.);
#1345=VECTOR('',#5036,10.);
#1346=VECTOR('',#5039,10.);
#1347=VECTOR('',#5040,10.);
#1348=VECTOR('',#5043,10.);
#1349=VECTOR('',#5044,10.);
#1350=VECTOR('',#5047,10.);
#1351=VECTOR('',#5048,10.);
#1352=VECTOR('',#5049,10.);
#1353=VECTOR('',#5050,10.);
#1354=VECTOR('',#5051,10.);
#1355=VECTOR('',#5054,10.);
#1356=VECTOR('',#5055,10.);
#1357=VECTOR('',#5056,10.);
#1358=VECTOR('',#5057,10.);
#1359=VECTOR('',#5060,10.);
#1360=VECTOR('',#5061,10.);
#1361=VECTOR('',#5064,10.);
#1362=VECTOR('',#5067,10.);
#1363=VECTOR('',#5072,10.);
#1364=VECTOR('',#5073,10.);
#1365=VECTOR('',#5074,10.);
#1366=VECTOR('',#5075,10.);
#1367=VECTOR('',#5078,10.);
#1368=VECTOR('',#5079,10.);
#1369=VECTOR('',#5080,10.);
#1370=VECTOR('',#5081,10.);
#1371=VECTOR('',#5084,10.);
#1372=VECTOR('',#5085,10.);
#1373=VECTOR('',#5088,10.);
#1374=VECTOR('',#5091,10.);
#1375=VECTOR('',#5096,10.);
#1376=VECTOR('',#5097,10.);
#1377=VECTOR('',#5098,10.);
#1378=VECTOR('',#5099,10.);
#1379=VECTOR('',#5102,10.);
#1380=VECTOR('',#5103,10.);
#1381=VECTOR('',#5104,10.);
#1382=VECTOR('',#5105,10.);
#1383=VECTOR('',#5108,10.);
#1384=VECTOR('',#5109,10.);
#1385=VECTOR('',#5112,10.);
#1386=VECTOR('',#5115,10.);
#1387=VECTOR('',#5120,10.);
#1388=VECTOR('',#5123,10.);
#1389=VECTOR('',#5128,10.);
#1390=VECTOR('',#5129,10.);
#1391=VECTOR('',#5134,10.);
#1392=VECTOR('',#5137,10.);
#1393=VECTOR('',#5140,10.);
#1394=VECTOR('',#5141,10.);
#1395=VECTOR('',#5142,10.);
#1396=VECTOR('',#5145,10.);
#1397=VECTOR('',#5146,10.);
#1398=VECTOR('',#5149,10.);
#1399=VECTOR('',#5150,10.);
#1400=VECTOR('',#5153,10.);
#1401=VECTOR('',#5154,10.);
#1402=VECTOR('',#5161,10.);
#1403=VECTOR('',#5162,10.);
#1404=VECTOR('',#5163,10.);
#1405=VECTOR('',#5164,10.);
#1406=VECTOR('',#5167,10.);
#1407=VECTOR('',#5168,10.);
#1408=VECTOR('',#5169,10.);
#1409=VECTOR('',#5172,10.);
#1410=VECTOR('',#5173,10.);
#1411=VECTOR('',#5174,10.);
#1412=VECTOR('',#5177,10.);
#1413=VECTOR('',#5178,10.);
#1414=VECTOR('',#5181,10.);
#1415=VECTOR('',#5182,10.);
#1416=VECTOR('',#5183,10.);
#1417=VECTOR('',#5184,10.);
#1418=VECTOR('',#5185,10.);
#1419=VECTOR('',#5186,10.);
#1420=VECTOR('',#5187,10.);
#1421=VECTOR('',#5188,10.);
#1422=VECTOR('',#5193,10.);
#1423=VECTOR('',#5194,10.);
#1424=VECTOR('',#5195,10.);
#1425=VECTOR('',#5198,10.);
#1426=VECTOR('',#5199,10.);
#1427=VECTOR('',#5200,10.);
#1428=VECTOR('',#5201,10.);
#1429=VECTOR('',#5202,10.);
#1430=VECTOR('',#5205,10.);
#1431=VECTOR('',#5206,10.);
#1432=VECTOR('',#5209,10.);
#1433=VECTOR('',#5212,10.);
#1434=VECTOR('',#5213,10.);
#1435=VECTOR('',#5214,10.);
#1436=VECTOR('',#5217,10.);
#1437=VECTOR('',#5218,10.);
#1438=VECTOR('',#5219,10.);
#1439=VECTOR('',#5220,10.);
#1440=VECTOR('',#5223,10.);
#1441=VECTOR('',#5224,10.);
#1442=VECTOR('',#5225,10.);
#1443=VECTOR('',#5226,10.);
#1444=VECTOR('',#5231,10.);
#1445=VECTOR('',#5234,10.);
#1446=VECTOR('',#5249,0.25);
#1447=VECTOR('',#5264,0.25);
#1448=VECTOR('',#5279,0.25);
#1449=VECTOR('',#5290,10.);
#1450=VECTOR('',#5291,10.);
#1451=VECTOR('',#5292,10.);
#1452=VECTOR('',#5295,10.);
#1453=VECTOR('',#5306,10.);
#1454=VECTOR('',#5307,10.);
#1455=VECTOR('',#5308,10.);
#1456=VECTOR('',#5313,0.4245);
#1457=VECTOR('',#5316,10.);
#1458=VECTOR('',#5319,10.);
#1459=VECTOR('',#5322,10.);
#1460=VECTOR('',#5325,10.);
#1461=VECTOR('',#5328,10.);
#1462=VECTOR('',#5331,10.);
#1463=VECTOR('',#5342,10.);
#1464=VECTOR('',#5343,10.);
#1465=VECTOR('',#5344,10.);
#1466=VECTOR('',#5351,10.);
#1467=VECTOR('',#5352,10.);
#1468=VECTOR('',#5361,10.);
#1469=VECTOR('',#5362,10.);
#1470=VECTOR('',#5365,10.);
#1471=VECTOR('',#5366,10.);
#1472=VECTOR('',#5367,10.);
#1473=VECTOR('',#5374,10.);
#1474=VECTOR('',#5379,10.);
#1475=VECTOR('',#5382,10.);
#1476=VECTOR('',#5383,10.);
#1477=VECTOR('',#5386,10.);
#1478=VECTOR('',#5407,10.);
#1479=VECTOR('',#5410,10.);
#1480=VECTOR('',#5419,1.4);
#1481=VECTOR('',#5434,10.);
#1482=VECTOR('',#5435,10.);
#1483=VECTOR('',#5436,10.);
#1484=VECTOR('',#5439,10.);
#1485=VECTOR('',#5450,10.);
#1486=VECTOR('',#5451,10.);
#1487=VECTOR('',#5452,10.);
#1488=VECTOR('',#5457,0.4245);
#1489=VECTOR('',#5460,10.);
#1490=VECTOR('',#5463,10.);
#1491=VECTOR('',#5466,10.);
#1492=VECTOR('',#5469,10.);
#1493=VECTOR('',#5472,10.);
#1494=VECTOR('',#5475,10.);
#1495=VECTOR('',#5486,10.);
#1496=VECTOR('',#5487,10.);
#1497=VECTOR('',#5488,10.);
#1498=VECTOR('',#5495,10.);
#1499=VECTOR('',#5496,10.);
#1500=VECTOR('',#5505,10.);
#1501=VECTOR('',#5506,10.);
#1502=VECTOR('',#5509,10.);
#1503=VECTOR('',#5510,10.);
#1504=VECTOR('',#5511,10.);
#1505=VECTOR('',#5518,10.);
#1506=VECTOR('',#5523,10.);
#1507=VECTOR('',#5526,10.);
#1508=VECTOR('',#5527,10.);
#1509=VECTOR('',#5530,10.);
#1510=VECTOR('',#5551,10.);
#1511=VECTOR('',#5554,10.);
#1512=VECTOR('',#5563,1.4);
#1513=VECTOR('',#5578,10.);
#1514=VECTOR('',#5579,10.);
#1515=VECTOR('',#5580,10.);
#1516=VECTOR('',#5583,10.);
#1517=VECTOR('',#5594,10.);
#1518=VECTOR('',#5595,10.);
#1519=VECTOR('',#5596,10.);
#1520=VECTOR('',#5601,0.4245);
#1521=VECTOR('',#5604,10.);
#1522=VECTOR('',#5607,10.);
#1523=VECTOR('',#5610,10.);
#1524=VECTOR('',#5613,10.);
#1525=VECTOR('',#5616,10.);
#1526=VECTOR('',#5619,10.);
#1527=VECTOR('',#5630,10.);
#1528=VECTOR('',#5631,10.);
#1529=VECTOR('',#5632,10.);
#1530=VECTOR('',#5639,10.);
#1531=VECTOR('',#5640,10.);
#1532=VECTOR('',#5649,10.);
#1533=VECTOR('',#5650,10.);
#1534=VECTOR('',#5653,10.);
#1535=VECTOR('',#5654,10.);
#1536=VECTOR('',#5655,10.);
#1537=VECTOR('',#5662,10.);
#1538=VECTOR('',#5667,10.);
#1539=VECTOR('',#5670,10.);
#1540=VECTOR('',#5671,10.);
#1541=VECTOR('',#5674,10.);
#1542=VECTOR('',#5695,10.);
#1543=VECTOR('',#5698,10.);
#1544=VECTOR('',#5707,1.4);
#1545=VECTOR('',#5716,10.);
#1546=VECTOR('',#5719,10.);
#1547=VECTOR('',#5724,10.);
#1548=VECTOR('',#5725,10.);
#1549=VECTOR('',#5730,10.);
#1550=VECTOR('',#5733,10.);
#1551=VECTOR('',#5736,10.);
#1552=VECTOR('',#5737,10.);
#1553=VECTOR('',#5738,10.);
#1554=VECTOR('',#5741,10.);
#1555=VECTOR('',#5742,10.);
#1556=VECTOR('',#5745,10.);
#1557=VECTOR('',#5746,10.);
#1558=VECTOR('',#5749,10.);
#1559=VECTOR('',#5750,10.);
#1560=VECTOR('',#5757,10.);
#1561=VECTOR('',#5758,10.);
#1562=VECTOR('',#5759,10.);
#1563=VECTOR('',#5760,10.);
#1564=VECTOR('',#5763,10.);
#1565=VECTOR('',#5764,10.);
#1566=VECTOR('',#5765,10.);
#1567=VECTOR('',#5768,10.);
#1568=VECTOR('',#5769,10.);
#1569=VECTOR('',#5770,10.);
#1570=VECTOR('',#5773,10.);
#1571=VECTOR('',#5774,10.);
#1572=VECTOR('',#5777,10.);
#1573=VECTOR('',#5778,10.);
#1574=VECTOR('',#5779,10.);
#1575=VECTOR('',#5780,10.);
#1576=VECTOR('',#5781,10.);
#1577=VECTOR('',#5782,10.);
#1578=VECTOR('',#5783,10.);
#1579=VECTOR('',#5784,10.);
#1580=VECTOR('',#5789,10.);
#1581=VECTOR('',#5790,10.);
#1582=VECTOR('',#5791,10.);
#1583=VECTOR('',#5794,10.);
#1584=VECTOR('',#5795,10.);
#1585=VECTOR('',#5796,10.);
#1586=VECTOR('',#5797,10.);
#1587=VECTOR('',#5798,10.);
#1588=VECTOR('',#5801,10.);
#1589=VECTOR('',#5802,10.);
#1590=VECTOR('',#5805,10.);
#1591=VECTOR('',#5808,10.);
#1592=VECTOR('',#5809,10.);
#1593=VECTOR('',#5810,10.);
#1594=VECTOR('',#5813,10.);
#1595=VECTOR('',#5814,10.);
#1596=VECTOR('',#5815,10.);
#1597=VECTOR('',#5816,10.);
#1598=VECTOR('',#5819,10.);
#1599=VECTOR('',#5820,10.);
#1600=VECTOR('',#5821,10.);
#1601=VECTOR('',#5822,10.);
#1602=VECTOR('',#5827,10.);
#1603=VECTOR('',#5830,10.);
#1604=VECTOR('',#5835,10.);
#1605=VECTOR('',#5838,10.);
#1606=VECTOR('',#5843,10.);
#1607=VECTOR('',#5844,10.);
#1608=VECTOR('',#5849,10.);
#1609=VECTOR('',#5852,10.);
#1610=VECTOR('',#5855,10.);
#1611=VECTOR('',#5856,10.);
#1612=VECTOR('',#5857,10.);
#1613=VECTOR('',#5860,10.);
#1614=VECTOR('',#5861,10.);
#1615=VECTOR('',#5864,10.);
#1616=VECTOR('',#5865,10.);
#1617=VECTOR('',#5868,10.);
#1618=VECTOR('',#5869,10.);
#1619=VECTOR('',#5876,10.);
#1620=VECTOR('',#5877,10.);
#1621=VECTOR('',#5878,10.);
#1622=VECTOR('',#5879,10.);
#1623=VECTOR('',#5882,10.);
#1624=VECTOR('',#5883,10.);
#1625=VECTOR('',#5884,10.);
#1626=VECTOR('',#5887,10.);
#1627=VECTOR('',#5888,10.);
#1628=VECTOR('',#5889,10.);
#1629=VECTOR('',#5892,10.);
#1630=VECTOR('',#5893,10.);
#1631=VECTOR('',#5896,10.);
#1632=VECTOR('',#5897,10.);
#1633=VECTOR('',#5898,10.);
#1634=VECTOR('',#5899,10.);
#1635=VECTOR('',#5900,10.);
#1636=VECTOR('',#5901,10.);
#1637=VECTOR('',#5902,10.);
#1638=VECTOR('',#5903,10.);
#1639=VECTOR('',#5908,10.);
#1640=VECTOR('',#5909,10.);
#1641=VECTOR('',#5910,10.);
#1642=VECTOR('',#5913,10.);
#1643=VECTOR('',#5914,10.);
#1644=VECTOR('',#5915,10.);
#1645=VECTOR('',#5916,10.);
#1646=VECTOR('',#5917,10.);
#1647=VECTOR('',#5920,10.);
#1648=VECTOR('',#5921,10.);
#1649=VECTOR('',#5924,10.);
#1650=VECTOR('',#5927,10.);
#1651=VECTOR('',#5928,10.);
#1652=VECTOR('',#5929,10.);
#1653=VECTOR('',#5932,10.);
#1654=VECTOR('',#5933,10.);
#1655=VECTOR('',#5934,10.);
#1656=VECTOR('',#5935,10.);
#1657=VECTOR('',#5938,10.);
#1658=VECTOR('',#5939,10.);
#1659=VECTOR('',#5940,10.);
#1660=VECTOR('',#5941,10.);
#1661=VECTOR('',#5946,10.);
#1662=VECTOR('',#5949,10.);
#1663=VERTEX_POINT('',#5954);
#1664=VERTEX_POINT('',#5955);
#1665=VERTEX_POINT('',#5957);
#1666=VERTEX_POINT('',#5959);
#1667=VERTEX_POINT('',#5963);
#1668=VERTEX_POINT('',#5965);
#1669=VERTEX_POINT('',#5969);
#1670=VERTEX_POINT('',#5971);
#1671=VERTEX_POINT('',#5975);
#1672=VERTEX_POINT('',#5977);
#1673=VERTEX_POINT('',#5979);
#1674=VERTEX_POINT('',#5981);
#1675=VERTEX_POINT('',#5983);
#1676=VERTEX_POINT('',#5985);
#1677=VERTEX_POINT('',#5987);
#1678=VERTEX_POINT('',#5989);
#1679=VERTEX_POINT('',#5991);
#1680=VERTEX_POINT('',#5993);
#1681=VERTEX_POINT('',#5995);
#1682=VERTEX_POINT('',#5997);
#1683=VERTEX_POINT('',#5999);
#1684=VERTEX_POINT('',#6001);
#1685=VERTEX_POINT('',#6005);
#1686=VERTEX_POINT('',#6009);
#1687=VERTEX_POINT('',#6011);
#1688=VERTEX_POINT('',#6013);
#1689=VERTEX_POINT('',#6015);
#1690=VERTEX_POINT('',#6017);
#1691=VERTEX_POINT('',#6019);
#1692=VERTEX_POINT('',#6021);
#1693=VERTEX_POINT('',#6023);
#1694=VERTEX_POINT('',#6025);
#1695=VERTEX_POINT('',#6027);
#1696=VERTEX_POINT('',#6029);
#1697=VERTEX_POINT('',#6031);
#1698=VERTEX_POINT('',#6033);
#1699=VERTEX_POINT('',#6035);
#1700=VERTEX_POINT('',#6037);
#1701=VERTEX_POINT('',#6049);
#1702=VERTEX_POINT('',#6051);
#1703=VERTEX_POINT('',#6055);
#1704=VERTEX_POINT('',#6057);
#1705=VERTEX_POINT('',#6066);
#1706=VERTEX_POINT('',#6067);
#1707=VERTEX_POINT('',#6069);
#1708=VERTEX_POINT('',#6071);
#1709=VERTEX_POINT('',#6075);
#1710=VERTEX_POINT('',#6077);
#1711=VERTEX_POINT('',#6081);
#1712=VERTEX_POINT('',#6083);
#1713=VERTEX_POINT('',#6091);
#1714=VERTEX_POINT('',#6092);
#1715=VERTEX_POINT('',#6094);
#1716=VERTEX_POINT('',#6096);
#1717=VERTEX_POINT('',#6100);
#1718=VERTEX_POINT('',#6102);
#1719=VERTEX_POINT('',#6106);
#1720=VERTEX_POINT('',#6108);
#1721=VERTEX_POINT('',#6116);
#1722=VERTEX_POINT('',#6118);
#1723=VERTEX_POINT('',#6122);
#1724=VERTEX_POINT('',#6126);
#1725=VERTEX_POINT('',#6133);
#1726=VERTEX_POINT('',#6135);
#1727=VERTEX_POINT('',#6139);
#1728=VERTEX_POINT('',#6140);
#1729=VERTEX_POINT('',#6142);
#1730=VERTEX_POINT('',#6144);
#1731=VERTEX_POINT('',#6150);
#1732=VERTEX_POINT('',#6151);
#1733=VERTEX_POINT('',#6153);
#1734=VERTEX_POINT('',#6155);
#1735=VERTEX_POINT('',#6161);
#1736=VERTEX_POINT('',#6162);
#1737=VERTEX_POINT('',#6164);
#1738=VERTEX_POINT('',#6166);
#1739=VERTEX_POINT('',#6172);
#1740=VERTEX_POINT('',#6176);
#1741=VERTEX_POINT('',#6182);
#1742=VERTEX_POINT('',#6184);
#1743=VERTEX_POINT('',#6186);
#1744=VERTEX_POINT('',#6190);
#1745=VERTEX_POINT('',#6192);
#1746=VERTEX_POINT('',#6197);
#1747=VERTEX_POINT('',#6201);
#1748=VERTEX_POINT('',#6203);
#1749=VERTEX_POINT('',#6205);
#1750=VERTEX_POINT('',#6210);
#1751=VERTEX_POINT('',#6215);
#1752=VERTEX_POINT('',#6220);
#1753=VERTEX_POINT('',#6228);
#1754=VERTEX_POINT('',#6229);
#1755=VERTEX_POINT('',#6231);
#1756=VERTEX_POINT('',#6233);
#1757=VERTEX_POINT('',#6237);
#1758=VERTEX_POINT('',#6239);
#1759=VERTEX_POINT('',#6243);
#1760=VERTEX_POINT('',#6247);
#1761=VERTEX_POINT('',#6251);
#1762=VERTEX_POINT('',#6253);
#1763=VERTEX_POINT('',#6255);
#1764=VERTEX_POINT('',#6257);
#1765=VERTEX_POINT('',#6261);
#1766=VERTEX_POINT('',#6262);
#1767=VERTEX_POINT('',#6264);
#1768=VERTEX_POINT('',#6266);
#1769=VERTEX_POINT('',#6278);
#1770=VERTEX_POINT('',#6279);
#1771=VERTEX_POINT('',#6281);
#1772=VERTEX_POINT('',#6283);
#1773=VERTEX_POINT('',#6287);
#1774=VERTEX_POINT('',#6288);
#1775=VERTEX_POINT('',#6290);
#1776=VERTEX_POINT('',#6292);
#1777=VERTEX_POINT('',#6304);
#1778=VERTEX_POINT('',#6305);
#1779=VERTEX_POINT('',#6307);
#1780=VERTEX_POINT('',#6309);
#1781=VERTEX_POINT('',#6313);
#1782=VERTEX_POINT('',#6314);
#1783=VERTEX_POINT('',#6316);
#1784=VERTEX_POINT('',#6318);
#1785=VERTEX_POINT('',#6330);
#1786=VERTEX_POINT('',#6331);
#1787=VERTEX_POINT('',#6333);
#1788=VERTEX_POINT('',#6335);
#1789=VERTEX_POINT('',#6339);
#1790=VERTEX_POINT('',#6341);
#1791=VERTEX_POINT('',#6345);
#1792=VERTEX_POINT('',#6347);
#1793=VERTEX_POINT('',#6351);
#1794=VERTEX_POINT('',#6353);
#1795=VERTEX_POINT('',#6357);
#1796=VERTEX_POINT('',#6361);
#1797=VERTEX_POINT('',#6370);
#1798=VERTEX_POINT('',#6371);
#1799=VERTEX_POINT('',#6373);
#1800=VERTEX_POINT('',#6375);
#1801=VERTEX_POINT('',#6379);
#1802=VERTEX_POINT('',#6381);
#1803=VERTEX_POINT('',#6385);
#1804=VERTEX_POINT('',#6387);
#1805=VERTEX_POINT('',#6394);
#1806=VERTEX_POINT('',#6395);
#1807=VERTEX_POINT('',#6397);
#1808=VERTEX_POINT('',#6399);
#1809=VERTEX_POINT('',#6401);
#1810=VERTEX_POINT('',#6403);
#1811=VERTEX_POINT('',#6405);
#1812=VERTEX_POINT('',#6407);
#1813=VERTEX_POINT('',#6412);
#1814=VERTEX_POINT('',#6414);
#1815=VERTEX_POINT('',#6418);
#1816=VERTEX_POINT('',#6420);
#1817=VERTEX_POINT('',#6423);
#1818=VERTEX_POINT('',#6427);
#1819=VERTEX_POINT('',#6433);
#1820=VERTEX_POINT('',#6435);
#1821=VERTEX_POINT('',#6440);
#1822=VERTEX_POINT('',#6442);
#1823=VERTEX_POINT('',#6447);
#1824=VERTEX_POINT('',#6449);
#1825=VERTEX_POINT('',#6459);
#1826=VERTEX_POINT('',#6461);
#1827=VERTEX_POINT('',#6464);
#1828=VERTEX_POINT('',#6465);
#1829=VERTEX_POINT('',#6471);
#1830=VERTEX_POINT('',#6473);
#1831=VERTEX_POINT('',#6476);
#1832=VERTEX_POINT('',#6477);
#1833=VERTEX_POINT('',#6483);
#1834=VERTEX_POINT('',#6485);
#1835=VERTEX_POINT('',#6488);
#1836=VERTEX_POINT('',#6489);
#1837=VERTEX_POINT('',#6495);
#1838=VERTEX_POINT('',#6496);
#1839=VERTEX_POINT('',#6507);
#1840=VERTEX_POINT('',#6509);
#1841=VERTEX_POINT('',#6522);
#1842=VERTEX_POINT('',#6524);
#1843=VERTEX_POINT('',#6535);
#1844=VERTEX_POINT('',#6539);
#1845=VERTEX_POINT('',#6543);
#1846=VERTEX_POINT('',#6544);
#1847=VERTEX_POINT('',#6555);
#1848=VERTEX_POINT('',#6557);
#1849=VERTEX_POINT('',#6570);
#1850=VERTEX_POINT('',#6572);
#1851=VERTEX_POINT('',#6574);
#1852=VERTEX_POINT('',#6587);
#1853=VERTEX_POINT('',#6588);
#1854=VERTEX_POINT('',#6590);
#1855=VERTEX_POINT('',#6592);
#1856=VERTEX_POINT('',#6596);
#1857=VERTEX_POINT('',#6598);
#1858=VERTEX_POINT('',#6600);
#1859=VERTEX_POINT('',#6602);
#1860=VERTEX_POINT('',#6604);
#1861=VERTEX_POINT('',#6606);
#1862=VERTEX_POINT('',#6608);
#1863=VERTEX_POINT('',#6610);
#1864=VERTEX_POINT('',#6612);
#1865=VERTEX_POINT('',#6617);
#1866=VERTEX_POINT('',#6628);
#1867=VERTEX_POINT('',#6641);
#1868=VERTEX_POINT('',#6643);
#1869=VERTEX_POINT('',#6645);
#1870=VERTEX_POINT('',#6654);
#1871=VERTEX_POINT('',#6665);
#1872=VERTEX_POINT('',#6678);
#1873=VERTEX_POINT('',#6680);
#1874=VERTEX_POINT('',#6719);
#1875=VERTEX_POINT('',#6724);
#1876=VERTEX_POINT('',#6726);
#1877=VERTEX_POINT('',#6735);
#1878=VERTEX_POINT('',#6737);
#1879=VERTEX_POINT('',#6744);
#1880=VERTEX_POINT('',#6750);
#1881=VERTEX_POINT('',#6756);
#1882=VERTEX_POINT('',#6760);
#1883=VERTEX_POINT('',#6773);
#1884=VERTEX_POINT('',#6784);
#1885=VERTEX_POINT('',#6785);
#1886=VERTEX_POINT('',#6810);
#1887=VERTEX_POINT('',#6812);
#1888=VERTEX_POINT('',#6817);
#1889=VERTEX_POINT('',#6818);
#1890=VERTEX_POINT('',#6829);
#1891=VERTEX_POINT('',#6831);
#1892=VERTEX_POINT('',#6844);
#1893=VERTEX_POINT('',#6846);
#1894=VERTEX_POINT('',#6857);
#1895=VERTEX_POINT('',#6861);
#1896=VERTEX_POINT('',#6865);
#1897=VERTEX_POINT('',#6866);
#1898=VERTEX_POINT('',#6877);
#1899=VERTEX_POINT('',#6879);
#1900=VERTEX_POINT('',#6892);
#1901=VERTEX_POINT('',#6894);
#1902=VERTEX_POINT('',#6896);
#1903=VERTEX_POINT('',#6909);
#1904=VERTEX_POINT('',#6910);
#1905=VERTEX_POINT('',#6912);
#1906=VERTEX_POINT('',#6914);
#1907=VERTEX_POINT('',#6918);
#1908=VERTEX_POINT('',#6920);
#1909=VERTEX_POINT('',#6922);
#1910=VERTEX_POINT('',#6924);
#1911=VERTEX_POINT('',#6926);
#1912=VERTEX_POINT('',#6928);
#1913=VERTEX_POINT('',#6930);
#1914=VERTEX_POINT('',#6932);
#1915=VERTEX_POINT('',#6934);
#1916=VERTEX_POINT('',#6939);
#1917=VERTEX_POINT('',#6950);
#1918=VERTEX_POINT('',#6963);
#1919=VERTEX_POINT('',#6965);
#1920=VERTEX_POINT('',#6967);
#1921=VERTEX_POINT('',#6976);
#1922=VERTEX_POINT('',#6987);
#1923=VERTEX_POINT('',#7000);
#1924=VERTEX_POINT('',#7002);
#1925=VERTEX_POINT('',#7041);
#1926=VERTEX_POINT('',#7046);
#1927=VERTEX_POINT('',#7048);
#1928=VERTEX_POINT('',#7057);
#1929=VERTEX_POINT('',#7059);
#1930=VERTEX_POINT('',#7066);
#1931=VERTEX_POINT('',#7072);
#1932=VERTEX_POINT('',#7078);
#1933=VERTEX_POINT('',#7082);
#1934=VERTEX_POINT('',#7095);
#1935=VERTEX_POINT('',#7106);
#1936=VERTEX_POINT('',#7107);
#1937=VERTEX_POINT('',#7132);
#1938=VERTEX_POINT('',#7134);
#1939=VERTEX_POINT('',#7139);
#1940=VERTEX_POINT('',#7140);
#1941=VERTEX_POINT('',#7151);
#1942=VERTEX_POINT('',#7153);
#1943=VERTEX_POINT('',#7166);
#1944=VERTEX_POINT('',#7168);
#1945=VERTEX_POINT('',#7179);
#1946=VERTEX_POINT('',#7183);
#1947=VERTEX_POINT('',#7187);
#1948=VERTEX_POINT('',#7188);
#1949=VERTEX_POINT('',#7199);
#1950=VERTEX_POINT('',#7201);
#1951=VERTEX_POINT('',#7214);
#1952=VERTEX_POINT('',#7216);
#1953=VERTEX_POINT('',#7218);
#1954=VERTEX_POINT('',#7231);
#1955=VERTEX_POINT('',#7232);
#1956=VERTEX_POINT('',#7234);
#1957=VERTEX_POINT('',#7236);
#1958=VERTEX_POINT('',#7240);
#1959=VERTEX_POINT('',#7242);
#1960=VERTEX_POINT('',#7244);
#1961=VERTEX_POINT('',#7246);
#1962=VERTEX_POINT('',#7248);
#1963=VERTEX_POINT('',#7250);
#1964=VERTEX_POINT('',#7252);
#1965=VERTEX_POINT('',#7254);
#1966=VERTEX_POINT('',#7256);
#1967=VERTEX_POINT('',#7261);
#1968=VERTEX_POINT('',#7272);
#1969=VERTEX_POINT('',#7285);
#1970=VERTEX_POINT('',#7287);
#1971=VERTEX_POINT('',#7289);
#1972=VERTEX_POINT('',#7298);
#1973=VERTEX_POINT('',#7309);
#1974=VERTEX_POINT('',#7322);
#1975=VERTEX_POINT('',#7324);
#1976=VERTEX_POINT('',#7363);
#1977=VERTEX_POINT('',#7368);
#1978=VERTEX_POINT('',#7370);
#1979=VERTEX_POINT('',#7379);
#1980=VERTEX_POINT('',#7381);
#1981=VERTEX_POINT('',#7388);
#1982=VERTEX_POINT('',#7394);
#1983=VERTEX_POINT('',#7400);
#1984=VERTEX_POINT('',#7404);
#1985=VERTEX_POINT('',#7417);
#1986=VERTEX_POINT('',#7428);
#1987=VERTEX_POINT('',#7429);
#1988=VERTEX_POINT('',#7454);
#1989=VERTEX_POINT('',#7456);
#1990=VERTEX_POINT('',#7461);
#1991=VERTEX_POINT('',#7462);
#1992=VERTEX_POINT('',#7464);
#1993=VERTEX_POINT('',#7466);
#1994=VERTEX_POINT('',#7470);
#1995=VERTEX_POINT('',#7472);
#1996=VERTEX_POINT('',#7476);
#1997=VERTEX_POINT('',#7478);
#1998=VERTEX_POINT('',#7482);
#1999=VERTEX_POINT('',#7484);
#2000=VERTEX_POINT('',#7488);
#2001=VERTEX_POINT('',#7492);
#2002=VERTEX_POINT('',#7501);
#2003=VERTEX_POINT('',#7502);
#2004=VERTEX_POINT('',#7504);
#2005=VERTEX_POINT('',#7506);
#2006=VERTEX_POINT('',#7510);
#2007=VERTEX_POINT('',#7512);
#2008=VERTEX_POINT('',#7516);
#2009=VERTEX_POINT('',#7518);
#2010=VERTEX_POINT('',#7525);
#2011=VERTEX_POINT('',#7526);
#2012=VERTEX_POINT('',#7528);
#2013=VERTEX_POINT('',#7530);
#2014=VERTEX_POINT('',#7532);
#2015=VERTEX_POINT('',#7534);
#2016=VERTEX_POINT('',#7536);
#2017=VERTEX_POINT('',#7538);
#2018=VERTEX_POINT('',#7543);
#2019=VERTEX_POINT('',#7545);
#2020=VERTEX_POINT('',#7549);
#2021=VERTEX_POINT('',#7551);
#2022=VERTEX_POINT('',#7554);
#2023=VERTEX_POINT('',#7558);
#2024=VERTEX_POINT('',#7564);
#2025=VERTEX_POINT('',#7566);
#2026=VERTEX_POINT('',#7571);
#2027=VERTEX_POINT('',#7573);
#2028=VERTEX_POINT('',#7578);
#2029=VERTEX_POINT('',#7580);
#2030=VERTEX_POINT('',#7590);
#2031=VERTEX_POINT('',#7591);
#2032=VERTEX_POINT('',#7593);
#2033=VERTEX_POINT('',#7595);
#2034=VERTEX_POINT('',#7599);
#2035=VERTEX_POINT('',#7601);
#2036=VERTEX_POINT('',#7605);
#2037=VERTEX_POINT('',#7607);
#2038=VERTEX_POINT('',#7611);
#2039=VERTEX_POINT('',#7613);
#2040=VERTEX_POINT('',#7617);
#2041=VERTEX_POINT('',#7621);
#2042=VERTEX_POINT('',#7630);
#2043=VERTEX_POINT('',#7631);
#2044=VERTEX_POINT('',#7633);
#2045=VERTEX_POINT('',#7635);
#2046=VERTEX_POINT('',#7639);
#2047=VERTEX_POINT('',#7641);
#2048=VERTEX_POINT('',#7645);
#2049=VERTEX_POINT('',#7647);
#2050=VERTEX_POINT('',#7654);
#2051=VERTEX_POINT('',#7655);
#2052=VERTEX_POINT('',#7657);
#2053=VERTEX_POINT('',#7659);
#2054=VERTEX_POINT('',#7661);
#2055=VERTEX_POINT('',#7663);
#2056=VERTEX_POINT('',#7665);
#2057=VERTEX_POINT('',#7667);
#2058=VERTEX_POINT('',#7672);
#2059=VERTEX_POINT('',#7674);
#2060=VERTEX_POINT('',#7678);
#2061=VERTEX_POINT('',#7680);
#2062=VERTEX_POINT('',#7683);
#2063=VERTEX_POINT('',#7687);
#2064=VERTEX_POINT('',#7693);
#2065=VERTEX_POINT('',#7695);
#2066=VERTEX_POINT('',#7700);
#2067=VERTEX_POINT('',#7702);
#2068=VERTEX_POINT('',#7707);
#2069=VERTEX_POINT('',#7709);
#2070=EDGE_CURVE('',#1663,#1664,#783,.T.);
#2071=EDGE_CURVE('',#1665,#1663,#784,.T.);
#2072=EDGE_CURVE('',#1666,#1665,#785,.T.);
#2073=EDGE_CURVE('',#1664,#1666,#786,.T.);
#2074=EDGE_CURVE('',#1664,#1667,#787,.T.);
#2075=EDGE_CURVE('',#1668,#1666,#788,.T.);
#2076=EDGE_CURVE('',#1667,#1668,#789,.T.);
#2077=EDGE_CURVE('',#1669,#1663,#790,.T.);
#2078=EDGE_CURVE('',#1670,#1669,#791,.T.);
#2079=EDGE_CURVE('',#1665,#1670,#792,.T.);
#2080=EDGE_CURVE('',#1671,#1667,#793,.T.);
#2081=EDGE_CURVE('',#1671,#1672,#794,.T.);
#2082=EDGE_CURVE('',#1672,#1673,#795,.T.);
#2083=EDGE_CURVE('',#1673,#1674,#796,.T.);
#2084=EDGE_CURVE('',#1675,#1674,#797,.T.);
#2085=EDGE_CURVE('',#1675,#1676,#798,.T.);
#2086=EDGE_CURVE('',#1676,#1677,#799,.T.);
#2087=EDGE_CURVE('',#1677,#1678,#800,.T.);
#2088=EDGE_CURVE('',#1679,#1678,#801,.T.);
#2089=EDGE_CURVE('',#1679,#1680,#802,.T.);
#2090=EDGE_CURVE('',#1681,#1680,#803,.T.);
#2091=EDGE_CURVE('',#1682,#1681,#804,.T.);
#2092=EDGE_CURVE('',#1682,#1683,#805,.T.);
#2093=EDGE_CURVE('',#1684,#1683,#806,.T.);
#2094=EDGE_CURVE('',#1669,#1684,#807,.T.);
#2095=EDGE_CURVE('',#1668,#1685,#808,.T.);
#2096=EDGE_CURVE('',#1685,#1671,#809,.T.);
#2097=EDGE_CURVE('',#1686,#1670,#810,.T.);
#2098=EDGE_CURVE('',#1686,#1687,#811,.T.);
#2099=EDGE_CURVE('',#1688,#1687,#812,.T.);
#2100=EDGE_CURVE('',#1689,#1688,#813,.T.);
#2101=EDGE_CURVE('',#1689,#1690,#814,.T.);
#2102=EDGE_CURVE('',#1690,#1691,#815,.T.);
#2103=EDGE_CURVE('',#1691,#1692,#816,.T.);
#2104=EDGE_CURVE('',#1693,#1692,#817,.T.);
#2105=EDGE_CURVE('',#1694,#1693,#818,.T.);
#2106=EDGE_CURVE('',#1694,#1695,#819,.T.);
#2107=EDGE_CURVE('',#1695,#1696,#820,.T.);
#2108=EDGE_CURVE('',#1696,#1697,#821,.T.);
#2109=EDGE_CURVE('',#1698,#1697,#822,.T.);
#2110=EDGE_CURVE('',#1698,#1699,#823,.T.);
#2111=EDGE_CURVE('',#1699,#1700,#824,.T.);
#2112=EDGE_CURVE('',#1700,#1685,#825,.T.);
#2113=EDGE_CURVE('',#1700,#1672,#826,.T.);
#2114=EDGE_CURVE('',#1673,#1699,#827,.T.);
#2115=EDGE_CURVE('',#1674,#1698,#828,.T.);
#2116=EDGE_CURVE('',#1697,#1675,#829,.T.);
#2117=EDGE_CURVE('',#1684,#1701,#830,.T.);
#2118=EDGE_CURVE('',#1701,#1702,#831,.T.);
#2119=EDGE_CURVE('',#1702,#1679,#832,.T.);
#2120=EDGE_CURVE('',#1678,#1694,#833,.T.);
#2121=EDGE_CURVE('',#1693,#1703,#834,.T.);
#2122=EDGE_CURVE('',#1704,#1703,#835,.T.);
#2123=EDGE_CURVE('',#1704,#1686,#836,.T.);
#2124=EDGE_CURVE('',#1677,#1695,#837,.T.);
#2125=EDGE_CURVE('',#1696,#1676,#838,.T.);
#2126=EDGE_CURVE('',#1705,#1706,#839,.T.);
#2127=EDGE_CURVE('',#1705,#1707,#840,.T.);
#2128=EDGE_CURVE('',#1707,#1708,#841,.T.);
#2129=EDGE_CURVE('',#1708,#1706,#842,.T.);
#2130=EDGE_CURVE('',#1706,#1709,#843,.T.);
#2131=EDGE_CURVE('',#1710,#1708,#844,.T.);
#2132=EDGE_CURVE('',#1709,#1710,#845,.T.);
#2133=EDGE_CURVE('',#1709,#1711,#846,.T.);
#2134=EDGE_CURVE('',#1710,#1712,#847,.T.);
#2135=EDGE_CURVE('',#1712,#1711,#848,.T.);
#2136=EDGE_CURVE('',#1712,#1707,#849,.T.);
#2137=EDGE_CURVE('',#1711,#1705,#850,.T.);
#2138=EDGE_CURVE('',#1713,#1714,#851,.T.);
#2139=EDGE_CURVE('',#1713,#1715,#852,.T.);
#2140=EDGE_CURVE('',#1715,#1716,#853,.T.);
#2141=EDGE_CURVE('',#1716,#1714,#854,.T.);
#2142=EDGE_CURVE('',#1714,#1717,#855,.T.);
#2143=EDGE_CURVE('',#1718,#1716,#856,.T.);
#2144=EDGE_CURVE('',#1717,#1718,#857,.T.);
#2145=EDGE_CURVE('',#1717,#1719,#858,.T.);
#2146=EDGE_CURVE('',#1718,#1720,#859,.T.);
#2147=EDGE_CURVE('',#1720,#1719,#860,.T.);
#2148=EDGE_CURVE('',#1720,#1715,#861,.T.);
#2149=EDGE_CURVE('',#1719,#1713,#862,.T.);
#2150=EDGE_CURVE('',#1721,#1682,#863,.T.);
#2151=EDGE_CURVE('',#1722,#1721,#864,.T.);
#2152=EDGE_CURVE('',#1683,#1722,#865,.T.);
#2153=EDGE_CURVE('',#1680,#1723,#866,.T.);
#2154=EDGE_CURVE('',#1702,#1723,#867,.T.);
#2155=EDGE_CURVE('',#1724,#1721,#868,.T.);
#2156=EDGE_CURVE('',#1723,#1724,#869,.T.);
#2157=EDGE_CURVE('',#1701,#1722,#870,.T.);
#2158=EDGE_CURVE('',#1691,#1681,#871,.T.);
#2159=EDGE_CURVE('',#1725,#1690,#872,.T.);
#2160=EDGE_CURVE('',#1726,#1725,#873,.T.);
#2161=EDGE_CURVE('',#1724,#1726,#874,.T.);
#2162=EDGE_CURVE('',#1727,#1728,#150,.T.);
#2163=EDGE_CURVE('',#1728,#1729,#875,.T.);
#2164=EDGE_CURVE('',#1730,#1729,#132,.T.);
#2165=EDGE_CURVE('',#1729,#1730,#133,.T.);
#2166=EDGE_CURVE('',#1728,#1727,#151,.T.);
#2167=EDGE_CURVE('',#1731,#1732,#152,.T.);
#2168=EDGE_CURVE('',#1732,#1733,#876,.T.);
#2169=EDGE_CURVE('',#1734,#1733,#134,.T.);
#2170=EDGE_CURVE('',#1733,#1734,#135,.T.);
#2171=EDGE_CURVE('',#1732,#1731,#153,.T.);
#2172=EDGE_CURVE('',#1735,#1736,#154,.T.);
#2173=EDGE_CURVE('',#1736,#1737,#877,.T.);
#2174=EDGE_CURVE('',#1738,#1737,#136,.T.);
#2175=EDGE_CURVE('',#1737,#1738,#137,.T.);
#2176=EDGE_CURVE('',#1736,#1735,#155,.T.);
#2177=EDGE_CURVE('',#1739,#1726,#878,.T.);
#2178=EDGE_CURVE('',#1692,#1739,#879,.T.);
#2179=EDGE_CURVE('',#1739,#1740,#880,.T.);
#2180=EDGE_CURVE('',#1740,#1725,#881,.T.);
#2181=EDGE_CURVE('',#1740,#1689,#882,.T.);
#2182=EDGE_CURVE('',#1741,#1688,#883,.T.);
#2183=EDGE_CURVE('',#1742,#1741,#884,.T.);
#2184=EDGE_CURVE('',#1743,#1742,#885,.T.);
#2185=EDGE_CURVE('',#1703,#1743,#886,.T.);
#2186=EDGE_CURVE('',#1741,#1744,#887,.T.);
#2187=EDGE_CURVE('',#1744,#1745,#888,.T.);
#2188=EDGE_CURVE('',#1745,#1742,#889,.T.);
#2189=EDGE_CURVE('',#1743,#1705,#890,.T.);
#2190=EDGE_CURVE('',#1746,#1745,#891,.T.);
#2191=EDGE_CURVE('',#1714,#1746,#892,.T.);
#2192=EDGE_CURVE('',#1706,#1713,#893,.T.);
#2193=EDGE_CURVE('',#1747,#1747,#156,.T.);
#2194=EDGE_CURVE('',#1748,#1748,#157,.T.);
#2195=EDGE_CURVE('',#1749,#1749,#158,.T.);
#2196=EDGE_CURVE('',#1746,#1704,#894,.T.);
#2197=EDGE_CURVE('',#1747,#1750,#895,.T.);
#2198=EDGE_CURVE('',#1750,#1750,#159,.T.);
#2199=EDGE_CURVE('',#1748,#1751,#896,.T.);
#2200=EDGE_CURVE('',#1751,#1751,#160,.T.);
#2201=EDGE_CURVE('',#1749,#1752,#897,.T.);
#2202=EDGE_CURVE('',#1752,#1752,#161,.T.);
#2203=EDGE_CURVE('',#1687,#1744,#898,.T.);
#2204=EDGE_CURVE('',#1753,#1754,#899,.T.);
#2205=EDGE_CURVE('',#1753,#1755,#900,.T.);
#2206=EDGE_CURVE('',#1755,#1756,#901,.T.);
#2207=EDGE_CURVE('',#1754,#1756,#902,.T.);
#2208=EDGE_CURVE('',#1756,#1757,#903,.T.);
#2209=EDGE_CURVE('',#1758,#1755,#904,.T.);
#2210=EDGE_CURVE('',#1757,#1758,#905,.T.);
#2211=EDGE_CURVE('',#1759,#1753,#906,.T.);
#2212=EDGE_CURVE('',#1759,#1758,#907,.T.);
#2213=EDGE_CURVE('',#1760,#1759,#908,.T.);
#2214=EDGE_CURVE('',#1757,#1760,#909,.T.);
#2215=EDGE_CURVE('',#1760,#1761,#910,.T.);
#2216=EDGE_CURVE('',#1761,#1762,#911,.T.);
#2217=EDGE_CURVE('',#1762,#1763,#912,.T.);
#2218=EDGE_CURVE('',#1763,#1764,#913,.T.);
#2219=EDGE_CURVE('',#1764,#1754,#914,.T.);
#2220=EDGE_CURVE('',#1765,#1766,#915,.T.);
#2221=EDGE_CURVE('',#1766,#1767,#916,.T.);
#2222=EDGE_CURVE('',#1767,#1768,#917,.T.);
#2223=EDGE_CURVE('',#1768,#1765,#918,.T.);
#2224=EDGE_CURVE('',#1762,#1767,#919,.T.);
#2225=EDGE_CURVE('',#1763,#1766,#920,.T.);
#2226=EDGE_CURVE('',#1761,#1768,#921,.T.);
#2227=EDGE_CURVE('',#1764,#1765,#922,.T.);
#2228=EDGE_CURVE('',#1769,#1770,#923,.T.);
#2229=EDGE_CURVE('',#1770,#1771,#924,.T.);
#2230=EDGE_CURVE('',#1771,#1772,#925,.T.);
#2231=EDGE_CURVE('',#1772,#1769,#926,.T.);
#2232=EDGE_CURVE('',#1773,#1774,#927,.T.);
#2233=EDGE_CURVE('',#1774,#1775,#928,.T.);
#2234=EDGE_CURVE('',#1775,#1776,#929,.T.);
#2235=EDGE_CURVE('',#1776,#1773,#930,.T.);
#2236=EDGE_CURVE('',#1772,#1775,#931,.T.);
#2237=EDGE_CURVE('',#1769,#1774,#932,.T.);
#2238=EDGE_CURVE('',#1771,#1776,#933,.T.);
#2239=EDGE_CURVE('',#1770,#1773,#934,.T.);
#2240=EDGE_CURVE('',#1777,#1778,#935,.F.);
#2241=EDGE_CURVE('',#1778,#1779,#936,.F.);
#2242=EDGE_CURVE('',#1779,#1780,#937,.F.);
#2243=EDGE_CURVE('',#1780,#1777,#938,.F.);
#2244=EDGE_CURVE('',#1781,#1782,#939,.T.);
#2245=EDGE_CURVE('',#1782,#1783,#940,.T.);
#2246=EDGE_CURVE('',#1783,#1784,#941,.T.);
#2247=EDGE_CURVE('',#1784,#1781,#942,.T.);
#2248=EDGE_CURVE('',#1780,#1783,#943,.T.);
#2249=EDGE_CURVE('',#1777,#1782,#944,.T.);
#2250=EDGE_CURVE('',#1779,#1784,#945,.T.);
#2251=EDGE_CURVE('',#1778,#1781,#946,.T.);
#2252=EDGE_CURVE('',#1785,#1786,#947,.T.);
#2253=EDGE_CURVE('',#1786,#1787,#138,.T.);
#2254=EDGE_CURVE('',#1787,#1788,#948,.T.);
#2255=EDGE_CURVE('',#1788,#1785,#139,.T.);
#2256=EDGE_CURVE('',#1789,#1785,#949,.T.);
#2257=EDGE_CURVE('',#1788,#1790,#950,.T.);
#2258=EDGE_CURVE('',#1790,#1789,#140,.T.);
#2259=EDGE_CURVE('',#1790,#1791,#951,.T.);
#2260=EDGE_CURVE('',#1791,#1792,#141,.T.);
#2261=EDGE_CURVE('',#1792,#1789,#952,.T.);
#2262=EDGE_CURVE('',#1793,#1785,#953,.T.);
#2263=EDGE_CURVE('',#1794,#1793,#954,.T.);
#2264=EDGE_CURVE('',#1794,#1786,#955,.T.);
#2265=EDGE_CURVE('',#1795,#1789,#956,.T.);
#2266=EDGE_CURVE('',#1793,#1795,#957,.T.);
#2267=EDGE_CURVE('',#1796,#1792,#958,.T.);
#2268=EDGE_CURVE('',#1795,#1796,#959,.T.);
#2269=EDGE_CURVE('',#1794,#1796,#960,.T.);
#2270=EDGE_CURVE('',#1787,#1791,#961,.T.);
#2271=EDGE_CURVE('',#1797,#1798,#962,.T.);
#2272=EDGE_CURVE('',#1799,#1798,#963,.T.);
#2273=EDGE_CURVE('',#1800,#1799,#964,.T.);
#2274=EDGE_CURVE('',#1797,#1800,#965,.T.);
#2275=EDGE_CURVE('',#1801,#1799,#966,.T.);
#2276=EDGE_CURVE('',#1802,#1801,#967,.T.);
#2277=EDGE_CURVE('',#1800,#1802,#968,.T.);
#2278=EDGE_CURVE('',#1803,#1801,#969,.T.);
#2279=EDGE_CURVE('',#1804,#1803,#970,.T.);
#2280=EDGE_CURVE('',#1802,#1804,#971,.T.);
#2281=EDGE_CURVE('',#1798,#1803,#972,.T.);
#2282=EDGE_CURVE('',#1804,#1797,#973,.T.);
#2283=EDGE_CURVE('',#1805,#1806,#974,.T.);
#2284=EDGE_CURVE('',#1806,#1807,#975,.T.);
#2285=EDGE_CURVE('',#1807,#1808,#976,.T.);
#2286=EDGE_CURVE('',#1808,#1809,#977,.T.);
#2287=EDGE_CURVE('',#1809,#1810,#978,.T.);
#2288=EDGE_CURVE('',#1810,#1811,#979,.T.);
#2289=EDGE_CURVE('',#1811,#1812,#980,.T.);
#2290=EDGE_CURVE('',#1812,#1805,#981,.T.);
#2291=EDGE_CURVE('',#1813,#1808,#982,.T.);
#2292=EDGE_CURVE('',#1813,#1814,#983,.T.);
#2293=EDGE_CURVE('',#1814,#1809,#984,.T.);
#2294=EDGE_CURVE('',#1815,#1806,#985,.T.);
#2295=EDGE_CURVE('',#1816,#1805,#986,.T.);
#2296=EDGE_CURVE('',#1816,#1813,#987,.T.);
#2297=EDGE_CURVE('',#1807,#1817,#988,.T.);
#2298=EDGE_CURVE('',#1817,#1815,#989,.T.);
#2299=EDGE_CURVE('',#1818,#1816,#990,.T.);
#2300=EDGE_CURVE('',#1814,#1818,#991,.T.);
#2301=EDGE_CURVE('',#1818,#1812,#992,.T.);
#2302=EDGE_CURVE('',#1819,#1810,#993,.T.);
#2303=EDGE_CURVE('',#1811,#1820,#994,.T.);
#2304=EDGE_CURVE('',#1820,#1819,#995,.T.);
#2305=EDGE_CURVE('',#1815,#1820,#996,.T.);
#2306=EDGE_CURVE('',#1811,#1821,#997,.T.);
#2307=EDGE_CURVE('',#1821,#1822,#998,.T.);
#2308=EDGE_CURVE('',#1822,#1806,#999,.T.);
#2309=EDGE_CURVE('',#1819,#1817,#1000,.T.);
#2310=EDGE_CURVE('',#1807,#1823,#1001,.T.);
#2311=EDGE_CURVE('',#1823,#1824,#1002,.T.);
#2312=EDGE_CURVE('',#1824,#1810,#1003,.T.);
#2313=EDGE_CURVE('',#1822,#1823,#1004,.T.);
#2314=EDGE_CURVE('',#1821,#1824,#1005,.T.);
#2315=EDGE_CURVE('',#1825,#1825,#162,.T.);
#2316=EDGE_CURVE('',#1825,#1826,#163,.T.);
#2317=EDGE_CURVE('',#1827,#1828,#164,.T.);
#2318=EDGE_CURVE('',#1828,#1827,#165,.T.);
#2319=EDGE_CURVE('',#1828,#1825,#1006,.T.);
#2320=EDGE_CURVE('',#1829,#1829,#166,.T.);
#2321=EDGE_CURVE('',#1829,#1830,#167,.T.);
#2322=EDGE_CURVE('',#1831,#1832,#168,.T.);
#2323=EDGE_CURVE('',#1832,#1831,#169,.T.);
#2324=EDGE_CURVE('',#1832,#1829,#1007,.T.);
#2325=EDGE_CURVE('',#1833,#1833,#170,.T.);
#2326=EDGE_CURVE('',#1833,#1834,#171,.T.);
#2327=EDGE_CURVE('',#1835,#1836,#172,.T.);
#2328=EDGE_CURVE('',#1836,#1835,#173,.T.);
#2329=EDGE_CURVE('',#1836,#1833,#1008,.T.);
#2330=EDGE_CURVE('',#1837,#1838,#16,.T.);
#2331=EDGE_CURVE('',#1838,#1839,#174,.T.);
#2332=EDGE_CURVE('',#1839,#1840,#17,.T.);
#2333=EDGE_CURVE('',#1840,#1837,#175,.T.);
#2334=EDGE_CURVE('',#1841,#1839,#1009,.T.);
#2335=EDGE_CURVE('',#1842,#1841,#18,.T.);
#2336=EDGE_CURVE('',#1842,#1843,#1010,.T.);
#2337=EDGE_CURVE('',#1843,#1840,#1011,.T.);
#2338=EDGE_CURVE('',#1838,#1844,#1012,.T.);
#2339=EDGE_CURVE('',#1841,#1844,#176,.T.);
#2340=EDGE_CURVE('',#1845,#1846,#19,.T.);
#2341=EDGE_CURVE('',#1846,#1847,#177,.T.);
#2342=EDGE_CURVE('',#1847,#1848,#20,.T.);
#2343=EDGE_CURVE('',#1848,#1845,#178,.T.);
#2344=EDGE_CURVE('',#1845,#1849,#1013,.T.);
#2345=EDGE_CURVE('',#1849,#1850,#1014,.T.);
#2346=EDGE_CURVE('',#1851,#1850,#21,.T.);
#2347=EDGE_CURVE('',#1846,#1851,#1015,.T.);
#2348=EDGE_CURVE('',#1852,#1853,#179,.T.);
#2349=EDGE_CURVE('',#1853,#1854,#1016,.T.);
#2350=EDGE_CURVE('',#1855,#1854,#180,.T.);
#2351=EDGE_CURVE('',#1837,#1855,#1017,.T.);
#2352=EDGE_CURVE('',#1849,#1843,#181,.T.);
#2353=EDGE_CURVE('',#1856,#1848,#1018,.T.);
#2354=EDGE_CURVE('',#1857,#1856,#182,.T.);
#2355=EDGE_CURVE('',#1858,#1857,#1019,.T.);
#2356=EDGE_CURVE('',#1859,#1858,#183,.T.);
#2357=EDGE_CURVE('',#1860,#1859,#1020,.T.);
#2358=EDGE_CURVE('',#1861,#1860,#184,.T.);
#2359=EDGE_CURVE('',#1862,#1861,#1021,.T.);
#2360=EDGE_CURVE('',#1863,#1862,#185,.T.);
#2361=EDGE_CURVE('',#1864,#1863,#1022,.T.);
#2362=EDGE_CURVE('',#1854,#1864,#186,.T.);
#2363=EDGE_CURVE('',#1853,#1852,#187,.T.);
#2364=EDGE_CURVE('',#1858,#1865,#22,.T.);
#2365=EDGE_CURVE('',#1865,#1866,#188,.T.);
#2366=EDGE_CURVE('',#1866,#1859,#23,.T.);
#2367=EDGE_CURVE('',#1857,#1867,#1023,.T.);
#2368=EDGE_CURVE('',#1868,#1867,#1024,.F.);
#2369=EDGE_CURVE('',#1869,#1868,#24,.T.);
#2370=EDGE_CURVE('',#1865,#1869,#1025,.T.);
#2371=EDGE_CURVE('',#1862,#1870,#25,.T.);
#2372=EDGE_CURVE('',#1870,#1871,#189,.T.);
#2373=EDGE_CURVE('',#1871,#1863,#26,.T.);
#2374=EDGE_CURVE('',#1861,#1872,#1026,.T.);
#2375=EDGE_CURVE('',#1873,#1872,#27,.T.);
#2376=EDGE_CURVE('',#1870,#1873,#1027,.T.);
#2377=EDGE_CURVE('',#1852,#1874,#190,.T.);
#2378=EDGE_CURVE('',#1874,#1874,#191,.T.);
#2379=EDGE_CURVE('',#1855,#1875,#1028,.T.);
#2380=EDGE_CURVE('',#1876,#1875,#1029,.T.);
#2381=EDGE_CURVE('',#1844,#1876,#28,.T.);
#2382=EDGE_CURVE('',#1877,#1871,#1030,.T.);
#2383=EDGE_CURVE('',#1878,#1877,#29,.T.);
#2384=EDGE_CURVE('',#1878,#1879,#1031,.T.);
#2385=EDGE_CURVE('',#1879,#1864,#1032,.T.);
#2386=EDGE_CURVE('',#1877,#1873,#192,.T.);
#2387=EDGE_CURVE('',#1880,#1860,#1033,.T.);
#2388=EDGE_CURVE('',#1872,#1880,#193,.T.);
#2389=EDGE_CURVE('',#1875,#1879,#1034,.T.);
#2390=EDGE_CURVE('',#1881,#1856,#1035,.T.);
#2391=EDGE_CURVE('',#1867,#1881,#1036,.F.);
#2392=EDGE_CURVE('',#1882,#1866,#1037,.T.);
#2393=EDGE_CURVE('',#1880,#1882,#30,.T.);
#2394=EDGE_CURVE('',#1872,#1883,#194,.T.);
#2395=EDGE_CURVE('',#1883,#1842,#195,.T.);
#2396=EDGE_CURVE('',#1876,#1878,#31,.T.);
#2397=EDGE_CURVE('',#1884,#1885,#32,.T.);
#2398=EDGE_CURVE('',#1885,#1851,#196,.T.);
#2399=EDGE_CURVE('',#1850,#1880,#197,.T.);
#2400=EDGE_CURVE('',#1882,#1869,#198,.T.);
#2401=EDGE_CURVE('',#1868,#1884,#33,.T.);
#2402=EDGE_CURVE('',#1885,#1847,#1038,.T.);
#2403=EDGE_CURVE('',#1884,#1881,#1039,.T.);
#2404=EDGE_CURVE('',#1850,#1842,#199,.T.);
#2405=EDGE_CURVE('',#1883,#1886,#1040,.T.);
#2406=EDGE_CURVE('',#1887,#1886,#200,.T.);
#2407=EDGE_CURVE('',#1886,#1887,#201,.T.);
#2408=EDGE_CURVE('',#1888,#1889,#34,.T.);
#2409=EDGE_CURVE('',#1889,#1890,#202,.T.);
#2410=EDGE_CURVE('',#1890,#1891,#35,.T.);
#2411=EDGE_CURVE('',#1891,#1888,#203,.T.);
#2412=EDGE_CURVE('',#1892,#1890,#1041,.T.);
#2413=EDGE_CURVE('',#1893,#1892,#36,.T.);
#2414=EDGE_CURVE('',#1893,#1894,#1042,.T.);
#2415=EDGE_CURVE('',#1894,#1891,#1043,.T.);
#2416=EDGE_CURVE('',#1889,#1895,#1044,.T.);
#2417=EDGE_CURVE('',#1892,#1895,#204,.T.);
#2418=EDGE_CURVE('',#1896,#1897,#37,.T.);
#2419=EDGE_CURVE('',#1897,#1898,#205,.T.);
#2420=EDGE_CURVE('',#1898,#1899,#38,.T.);
#2421=EDGE_CURVE('',#1899,#1896,#206,.T.);
#2422=EDGE_CURVE('',#1896,#1900,#1045,.T.);
#2423=EDGE_CURVE('',#1900,#1901,#1046,.T.);
#2424=EDGE_CURVE('',#1902,#1901,#39,.T.);
#2425=EDGE_CURVE('',#1897,#1902,#1047,.T.);
#2426=EDGE_CURVE('',#1903,#1904,#207,.T.);
#2427=EDGE_CURVE('',#1904,#1905,#1048,.T.);
#2428=EDGE_CURVE('',#1906,#1905,#208,.T.);
#2429=EDGE_CURVE('',#1888,#1906,#1049,.T.);
#2430=EDGE_CURVE('',#1900,#1894,#209,.T.);
#2431=EDGE_CURVE('',#1907,#1899,#1050,.T.);
#2432=EDGE_CURVE('',#1908,#1907,#210,.T.);
#2433=EDGE_CURVE('',#1909,#1908,#1051,.T.);
#2434=EDGE_CURVE('',#1910,#1909,#211,.T.);
#2435=EDGE_CURVE('',#1911,#1910,#1052,.T.);
#2436=EDGE_CURVE('',#1912,#1911,#212,.T.);
#2437=EDGE_CURVE('',#1913,#1912,#1053,.T.);
#2438=EDGE_CURVE('',#1914,#1913,#213,.T.);
#2439=EDGE_CURVE('',#1915,#1914,#1054,.T.);
#2440=EDGE_CURVE('',#1905,#1915,#214,.T.);
#2441=EDGE_CURVE('',#1904,#1903,#215,.T.);
#2442=EDGE_CURVE('',#1909,#1916,#40,.T.);
#2443=EDGE_CURVE('',#1916,#1917,#216,.T.);
#2444=EDGE_CURVE('',#1917,#1910,#41,.T.);
#2445=EDGE_CURVE('',#1908,#1918,#1055,.T.);
#2446=EDGE_CURVE('',#1919,#1918,#1056,.F.);
#2447=EDGE_CURVE('',#1920,#1919,#42,.T.);
#2448=EDGE_CURVE('',#1916,#1920,#1057,.T.);
#2449=EDGE_CURVE('',#1913,#1921,#43,.T.);
#2450=EDGE_CURVE('',#1921,#1922,#217,.T.);
#2451=EDGE_CURVE('',#1922,#1914,#44,.T.);
#2452=EDGE_CURVE('',#1912,#1923,#1058,.T.);
#2453=EDGE_CURVE('',#1924,#1923,#45,.T.);
#2454=EDGE_CURVE('',#1921,#1924,#1059,.T.);
#2455=EDGE_CURVE('',#1903,#1925,#218,.T.);
#2456=EDGE_CURVE('',#1925,#1925,#219,.T.);
#2457=EDGE_CURVE('',#1906,#1926,#1060,.T.);
#2458=EDGE_CURVE('',#1927,#1926,#1061,.T.);
#2459=EDGE_CURVE('',#1895,#1927,#46,.T.);
#2460=EDGE_CURVE('',#1928,#1922,#1062,.T.);
#2461=EDGE_CURVE('',#1929,#1928,#47,.T.);
#2462=EDGE_CURVE('',#1929,#1930,#1063,.T.);
#2463=EDGE_CURVE('',#1930,#1915,#1064,.T.);
#2464=EDGE_CURVE('',#1928,#1924,#220,.T.);
#2465=EDGE_CURVE('',#1931,#1911,#1065,.T.);
#2466=EDGE_CURVE('',#1923,#1931,#221,.T.);
#2467=EDGE_CURVE('',#1926,#1930,#1066,.T.);
#2468=EDGE_CURVE('',#1932,#1907,#1067,.T.);
#2469=EDGE_CURVE('',#1918,#1932,#1068,.F.);
#2470=EDGE_CURVE('',#1933,#1917,#1069,.T.);
#2471=EDGE_CURVE('',#1931,#1933,#48,.T.);
#2472=EDGE_CURVE('',#1923,#1934,#222,.T.);
#2473=EDGE_CURVE('',#1934,#1893,#223,.T.);
#2474=EDGE_CURVE('',#1927,#1929,#49,.T.);
#2475=EDGE_CURVE('',#1935,#1936,#50,.T.);
#2476=EDGE_CURVE('',#1936,#1902,#224,.T.);
#2477=EDGE_CURVE('',#1901,#1931,#225,.T.);
#2478=EDGE_CURVE('',#1933,#1920,#226,.T.);
#2479=EDGE_CURVE('',#1919,#1935,#51,.T.);
#2480=EDGE_CURVE('',#1936,#1898,#1070,.T.);
#2481=EDGE_CURVE('',#1935,#1932,#1071,.T.);
#2482=EDGE_CURVE('',#1901,#1893,#227,.T.);
#2483=EDGE_CURVE('',#1934,#1937,#1072,.T.);
#2484=EDGE_CURVE('',#1938,#1937,#228,.T.);
#2485=EDGE_CURVE('',#1937,#1938,#229,.T.);
#2486=EDGE_CURVE('',#1939,#1940,#52,.T.);
#2487=EDGE_CURVE('',#1940,#1941,#230,.T.);
#2488=EDGE_CURVE('',#1941,#1942,#53,.T.);
#2489=EDGE_CURVE('',#1942,#1939,#231,.T.);
#2490=EDGE_CURVE('',#1943,#1941,#1073,.T.);
#2491=EDGE_CURVE('',#1944,#1943,#54,.T.);
#2492=EDGE_CURVE('',#1944,#1945,#1074,.T.);
#2493=EDGE_CURVE('',#1945,#1942,#1075,.T.);
#2494=EDGE_CURVE('',#1940,#1946,#1076,.T.);
#2495=EDGE_CURVE('',#1943,#1946,#232,.T.);
#2496=EDGE_CURVE('',#1947,#1948,#55,.T.);
#2497=EDGE_CURVE('',#1948,#1949,#233,.T.);
#2498=EDGE_CURVE('',#1949,#1950,#56,.T.);
#2499=EDGE_CURVE('',#1950,#1947,#234,.T.);
#2500=EDGE_CURVE('',#1947,#1951,#1077,.T.);
#2501=EDGE_CURVE('',#1951,#1952,#1078,.T.);
#2502=EDGE_CURVE('',#1953,#1952,#57,.T.);
#2503=EDGE_CURVE('',#1948,#1953,#1079,.T.);
#2504=EDGE_CURVE('',#1954,#1955,#235,.T.);
#2505=EDGE_CURVE('',#1955,#1956,#1080,.T.);
#2506=EDGE_CURVE('',#1957,#1956,#236,.T.);
#2507=EDGE_CURVE('',#1939,#1957,#1081,.T.);
#2508=EDGE_CURVE('',#1951,#1945,#237,.T.);
#2509=EDGE_CURVE('',#1958,#1950,#1082,.T.);
#2510=EDGE_CURVE('',#1959,#1958,#238,.T.);
#2511=EDGE_CURVE('',#1960,#1959,#1083,.T.);
#2512=EDGE_CURVE('',#1961,#1960,#239,.T.);
#2513=EDGE_CURVE('',#1962,#1961,#1084,.T.);
#2514=EDGE_CURVE('',#1963,#1962,#240,.T.);
#2515=EDGE_CURVE('',#1964,#1963,#1085,.T.);
#2516=EDGE_CURVE('',#1965,#1964,#241,.T.);
#2517=EDGE_CURVE('',#1966,#1965,#1086,.T.);
#2518=EDGE_CURVE('',#1956,#1966,#242,.T.);
#2519=EDGE_CURVE('',#1955,#1954,#243,.T.);
#2520=EDGE_CURVE('',#1960,#1967,#58,.T.);
#2521=EDGE_CURVE('',#1967,#1968,#244,.T.);
#2522=EDGE_CURVE('',#1968,#1961,#59,.T.);
#2523=EDGE_CURVE('',#1959,#1969,#1087,.T.);
#2524=EDGE_CURVE('',#1970,#1969,#1088,.F.);
#2525=EDGE_CURVE('',#1971,#1970,#60,.T.);
#2526=EDGE_CURVE('',#1967,#1971,#1089,.T.);
#2527=EDGE_CURVE('',#1964,#1972,#61,.T.);
#2528=EDGE_CURVE('',#1972,#1973,#245,.T.);
#2529=EDGE_CURVE('',#1973,#1965,#62,.T.);
#2530=EDGE_CURVE('',#1963,#1974,#1090,.T.);
#2531=EDGE_CURVE('',#1975,#1974,#63,.T.);
#2532=EDGE_CURVE('',#1972,#1975,#1091,.T.);
#2533=EDGE_CURVE('',#1954,#1976,#246,.T.);
#2534=EDGE_CURVE('',#1976,#1976,#247,.T.);
#2535=EDGE_CURVE('',#1957,#1977,#1092,.T.);
#2536=EDGE_CURVE('',#1978,#1977,#1093,.T.);
#2537=EDGE_CURVE('',#1946,#1978,#64,.T.);
#2538=EDGE_CURVE('',#1979,#1973,#1094,.T.);
#2539=EDGE_CURVE('',#1980,#1979,#65,.T.);
#2540=EDGE_CURVE('',#1980,#1981,#1095,.T.);
#2541=EDGE_CURVE('',#1981,#1966,#1096,.T.);
#2542=EDGE_CURVE('',#1979,#1975,#248,.T.);
#2543=EDGE_CURVE('',#1982,#1962,#1097,.T.);
#2544=EDGE_CURVE('',#1974,#1982,#249,.T.);
#2545=EDGE_CURVE('',#1977,#1981,#1098,.T.);
#2546=EDGE_CURVE('',#1983,#1958,#1099,.T.);
#2547=EDGE_CURVE('',#1969,#1983,#1100,.F.);
#2548=EDGE_CURVE('',#1984,#1968,#1101,.T.);
#2549=EDGE_CURVE('',#1982,#1984,#66,.T.);
#2550=EDGE_CURVE('',#1974,#1985,#250,.T.);
#2551=EDGE_CURVE('',#1985,#1944,#251,.T.);
#2552=EDGE_CURVE('',#1978,#1980,#67,.T.);
#2553=EDGE_CURVE('',#1986,#1987,#68,.T.);
#2554=EDGE_CURVE('',#1987,#1953,#252,.T.);
#2555=EDGE_CURVE('',#1952,#1982,#253,.T.);
#2556=EDGE_CURVE('',#1984,#1971,#254,.T.);
#2557=EDGE_CURVE('',#1970,#1986,#69,.T.);
#2558=EDGE_CURVE('',#1987,#1949,#1102,.T.);
#2559=EDGE_CURVE('',#1986,#1983,#1103,.T.);
#2560=EDGE_CURVE('',#1952,#1944,#255,.T.);
#2561=EDGE_CURVE('',#1985,#1988,#1104,.T.);
#2562=EDGE_CURVE('',#1989,#1988,#256,.T.);
#2563=EDGE_CURVE('',#1988,#1989,#257,.T.);
#2564=EDGE_CURVE('',#1990,#1991,#1105,.T.);
#2565=EDGE_CURVE('',#1991,#1992,#142,.T.);
#2566=EDGE_CURVE('',#1992,#1993,#1106,.T.);
#2567=EDGE_CURVE('',#1993,#1990,#143,.T.);
#2568=EDGE_CURVE('',#1994,#1990,#1107,.T.);
#2569=EDGE_CURVE('',#1993,#1995,#1108,.T.);
#2570=EDGE_CURVE('',#1995,#1994,#144,.T.);
#2571=EDGE_CURVE('',#1995,#1996,#1109,.T.);
#2572=EDGE_CURVE('',#1996,#1997,#145,.T.);
#2573=EDGE_CURVE('',#1997,#1994,#1110,.T.);
#2574=EDGE_CURVE('',#1998,#1990,#1111,.T.);
#2575=EDGE_CURVE('',#1999,#1998,#1112,.T.);
#2576=EDGE_CURVE('',#1999,#1991,#1113,.T.);
#2577=EDGE_CURVE('',#2000,#1994,#1114,.T.);
#2578=EDGE_CURVE('',#1998,#2000,#1115,.T.);
#2579=EDGE_CURVE('',#2001,#1997,#1116,.T.);
#2580=EDGE_CURVE('',#2000,#2001,#1117,.T.);
#2581=EDGE_CURVE('',#1999,#2001,#1118,.T.);
#2582=EDGE_CURVE('',#1992,#1996,#1119,.T.);
#2583=EDGE_CURVE('',#2002,#2003,#1120,.T.);
#2584=EDGE_CURVE('',#2004,#2003,#1121,.T.);
#2585=EDGE_CURVE('',#2005,#2004,#1122,.T.);
#2586=EDGE_CURVE('',#2002,#2005,#1123,.T.);
#2587=EDGE_CURVE('',#2006,#2004,#1124,.T.);
#2588=EDGE_CURVE('',#2007,#2006,#1125,.T.);
#2589=EDGE_CURVE('',#2005,#2007,#1126,.T.);
#2590=EDGE_CURVE('',#2008,#2006,#1127,.T.);
#2591=EDGE_CURVE('',#2009,#2008,#1128,.T.);
#2592=EDGE_CURVE('',#2007,#2009,#1129,.T.);
#2593=EDGE_CURVE('',#2003,#2008,#1130,.T.);
#2594=EDGE_CURVE('',#2009,#2002,#1131,.T.);
#2595=EDGE_CURVE('',#2010,#2011,#1132,.T.);
#2596=EDGE_CURVE('',#2011,#2012,#1133,.T.);
#2597=EDGE_CURVE('',#2012,#2013,#1134,.T.);
#2598=EDGE_CURVE('',#2013,#2014,#1135,.T.);
#2599=EDGE_CURVE('',#2014,#2015,#1136,.T.);
#2600=EDGE_CURVE('',#2015,#2016,#1137,.T.);
#2601=EDGE_CURVE('',#2016,#2017,#1138,.T.);
#2602=EDGE_CURVE('',#2017,#2010,#1139,.T.);
#2603=EDGE_CURVE('',#2018,#2013,#1140,.T.);
#2604=EDGE_CURVE('',#2018,#2019,#1141,.T.);
#2605=EDGE_CURVE('',#2019,#2014,#1142,.T.);
#2606=EDGE_CURVE('',#2020,#2011,#1143,.T.);
#2607=EDGE_CURVE('',#2021,#2010,#1144,.T.);
#2608=EDGE_CURVE('',#2021,#2018,#1145,.T.);
#2609=EDGE_CURVE('',#2012,#2022,#1146,.T.);
#2610=EDGE_CURVE('',#2022,#2020,#1147,.T.);
#2611=EDGE_CURVE('',#2023,#2021,#1148,.T.);
#2612=EDGE_CURVE('',#2019,#2023,#1149,.T.);
#2613=EDGE_CURVE('',#2023,#2017,#1150,.T.);
#2614=EDGE_CURVE('',#2024,#2015,#1151,.T.);
#2615=EDGE_CURVE('',#2016,#2025,#1152,.T.);
#2616=EDGE_CURVE('',#2025,#2024,#1153,.T.);
#2617=EDGE_CURVE('',#2020,#2025,#1154,.T.);
#2618=EDGE_CURVE('',#2016,#2026,#1155,.T.);
#2619=EDGE_CURVE('',#2026,#2027,#1156,.T.);
#2620=EDGE_CURVE('',#2027,#2011,#1157,.T.);
#2621=EDGE_CURVE('',#2024,#2022,#1158,.T.);
#2622=EDGE_CURVE('',#2012,#2028,#1159,.T.);
#2623=EDGE_CURVE('',#2028,#2029,#1160,.T.);
#2624=EDGE_CURVE('',#2029,#2015,#1161,.T.);
#2625=EDGE_CURVE('',#2027,#2028,#1162,.T.);
#2626=EDGE_CURVE('',#2026,#2029,#1163,.T.);
#2627=EDGE_CURVE('',#2030,#2031,#1164,.T.);
#2628=EDGE_CURVE('',#2031,#2032,#146,.T.);
#2629=EDGE_CURVE('',#2032,#2033,#1165,.T.);
#2630=EDGE_CURVE('',#2033,#2030,#147,.T.);
#2631=EDGE_CURVE('',#2034,#2030,#1166,.T.);
#2632=EDGE_CURVE('',#2033,#2035,#1167,.T.);
#2633=EDGE_CURVE('',#2035,#2034,#148,.T.);
#2634=EDGE_CURVE('',#2035,#2036,#1168,.T.);
#2635=EDGE_CURVE('',#2036,#2037,#149,.T.);
#2636=EDGE_CURVE('',#2037,#2034,#1169,.T.);
#2637=EDGE_CURVE('',#2038,#2030,#1170,.T.);
#2638=EDGE_CURVE('',#2039,#2038,#1171,.T.);
#2639=EDGE_CURVE('',#2039,#2031,#1172,.T.);
#2640=EDGE_CURVE('',#2040,#2034,#1173,.T.);
#2641=EDGE_CURVE('',#2038,#2040,#1174,.T.);
#2642=EDGE_CURVE('',#2041,#2037,#1175,.T.);
#2643=EDGE_CURVE('',#2040,#2041,#1176,.T.);
#2644=EDGE_CURVE('',#2039,#2041,#1177,.T.);
#2645=EDGE_CURVE('',#2032,#2036,#1178,.T.);
#2646=EDGE_CURVE('',#2042,#2043,#1179,.T.);
#2647=EDGE_CURVE('',#2044,#2043,#1180,.T.);
#2648=EDGE_CURVE('',#2045,#2044,#1181,.T.);
#2649=EDGE_CURVE('',#2042,#2045,#1182,.T.);
#2650=EDGE_CURVE('',#2046,#2044,#1183,.T.);
#2651=EDGE_CURVE('',#2047,#2046,#1184,.T.);
#2652=EDGE_CURVE('',#2045,#2047,#1185,.T.);
#2653=EDGE_CURVE('',#2048,#2046,#1186,.T.);
#2654=EDGE_CURVE('',#2049,#2048,#1187,.T.);
#2655=EDGE_CURVE('',#2047,#2049,#1188,.T.);
#2656=EDGE_CURVE('',#2043,#2048,#1189,.T.);
#2657=EDGE_CURVE('',#2049,#2042,#1190,.T.);
#2658=EDGE_CURVE('',#2050,#2051,#1191,.T.);
#2659=EDGE_CURVE('',#2051,#2052,#1192,.T.);
#2660=EDGE_CURVE('',#2052,#2053,#1193,.T.);
#2661=EDGE_CURVE('',#2053,#2054,#1194,.T.);
#2662=EDGE_CURVE('',#2054,#2055,#1195,.T.);
#2663=EDGE_CURVE('',#2055,#2056,#1196,.T.);
#2664=EDGE_CURVE('',#2056,#2057,#1197,.T.);
#2665=EDGE_CURVE('',#2057,#2050,#1198,.T.);
#2666=EDGE_CURVE('',#2058,#2053,#1199,.T.);
#2667=EDGE_CURVE('',#2058,#2059,#1200,.T.);
#2668=EDGE_CURVE('',#2059,#2054,#1201,.T.);
#2669=EDGE_CURVE('',#2060,#2051,#1202,.T.);
#2670=EDGE_CURVE('',#2061,#2050,#1203,.T.);
#2671=EDGE_CURVE('',#2061,#2058,#1204,.T.);
#2672=EDGE_CURVE('',#2052,#2062,#1205,.T.);
#2673=EDGE_CURVE('',#2062,#2060,#1206,.T.);
#2674=EDGE_CURVE('',#2063,#2061,#1207,.T.);
#2675=EDGE_CURVE('',#2059,#2063,#1208,.T.);
#2676=EDGE_CURVE('',#2063,#2057,#1209,.T.);
#2677=EDGE_CURVE('',#2064,#2055,#1210,.T.);
#2678=EDGE_CURVE('',#2056,#2065,#1211,.T.);
#2679=EDGE_CURVE('',#2065,#2064,#1212,.T.);
#2680=EDGE_CURVE('',#2060,#2065,#1213,.T.);
#2681=EDGE_CURVE('',#2056,#2066,#1214,.T.);
#2682=EDGE_CURVE('',#2066,#2067,#1215,.T.);
#2683=EDGE_CURVE('',#2067,#2051,#1216,.T.);
#2684=EDGE_CURVE('',#2064,#2062,#1217,.T.);
#2685=EDGE_CURVE('',#2052,#2068,#1218,.T.);
#2686=EDGE_CURVE('',#2068,#2069,#1219,.T.);
#2687=EDGE_CURVE('',#2069,#2055,#1220,.T.);
#2688=EDGE_CURVE('',#2067,#2068,#1221,.T.);
#2689=EDGE_CURVE('',#2066,#2069,#1222,.T.);
#2690=ORIENTED_EDGE('',*,*,#2070,.F.);
#2691=ORIENTED_EDGE('',*,*,#2071,.F.);
#2692=ORIENTED_EDGE('',*,*,#2072,.F.);
#2693=ORIENTED_EDGE('',*,*,#2073,.F.);
#2694=ORIENTED_EDGE('',*,*,#2074,.F.);
#2695=ORIENTED_EDGE('',*,*,#2073,.T.);
#2696=ORIENTED_EDGE('',*,*,#2075,.F.);
#2697=ORIENTED_EDGE('',*,*,#2076,.F.);
#2698=ORIENTED_EDGE('',*,*,#2077,.F.);
#2699=ORIENTED_EDGE('',*,*,#2078,.F.);
#2700=ORIENTED_EDGE('',*,*,#2079,.F.);
#2701=ORIENTED_EDGE('',*,*,#2071,.T.);
#2702=ORIENTED_EDGE('',*,*,#2077,.T.);
#2703=ORIENTED_EDGE('',*,*,#2070,.T.);
#2704=ORIENTED_EDGE('',*,*,#2074,.T.);
#2705=ORIENTED_EDGE('',*,*,#2080,.F.);
#2706=ORIENTED_EDGE('',*,*,#2081,.T.);
#2707=ORIENTED_EDGE('',*,*,#2082,.T.);
#2708=ORIENTED_EDGE('',*,*,#2083,.T.);
#2709=ORIENTED_EDGE('',*,*,#2084,.F.);
#2710=ORIENTED_EDGE('',*,*,#2085,.T.);
#2711=ORIENTED_EDGE('',*,*,#2086,.T.);
#2712=ORIENTED_EDGE('',*,*,#2087,.T.);
#2713=ORIENTED_EDGE('',*,*,#2088,.F.);
#2714=ORIENTED_EDGE('',*,*,#2089,.T.);
#2715=ORIENTED_EDGE('',*,*,#2090,.F.);
#2716=ORIENTED_EDGE('',*,*,#2091,.F.);
#2717=ORIENTED_EDGE('',*,*,#2092,.T.);
#2718=ORIENTED_EDGE('',*,*,#2093,.F.);
#2719=ORIENTED_EDGE('',*,*,#2094,.F.);
#2720=ORIENTED_EDGE('',*,*,#2076,.T.);
#2721=ORIENTED_EDGE('',*,*,#2095,.T.);
#2722=ORIENTED_EDGE('',*,*,#2096,.T.);
#2723=ORIENTED_EDGE('',*,*,#2080,.T.);
#2724=ORIENTED_EDGE('',*,*,#2075,.T.);
#2725=ORIENTED_EDGE('',*,*,#2072,.T.);
#2726=ORIENTED_EDGE('',*,*,#2079,.T.);
#2727=ORIENTED_EDGE('',*,*,#2097,.F.);
#2728=ORIENTED_EDGE('',*,*,#2098,.T.);
#2729=ORIENTED_EDGE('',*,*,#2099,.F.);
#2730=ORIENTED_EDGE('',*,*,#2100,.F.);
#2731=ORIENTED_EDGE('',*,*,#2101,.T.);
#2732=ORIENTED_EDGE('',*,*,#2102,.T.);
#2733=ORIENTED_EDGE('',*,*,#2103,.T.);
#2734=ORIENTED_EDGE('',*,*,#2104,.F.);
#2735=ORIENTED_EDGE('',*,*,#2105,.F.);
#2736=ORIENTED_EDGE('',*,*,#2106,.T.);
#2737=ORIENTED_EDGE('',*,*,#2107,.T.);
#2738=ORIENTED_EDGE('',*,*,#2108,.T.);
#2739=ORIENTED_EDGE('',*,*,#2109,.F.);
#2740=ORIENTED_EDGE('',*,*,#2110,.T.);
#2741=ORIENTED_EDGE('',*,*,#2111,.T.);
#2742=ORIENTED_EDGE('',*,*,#2112,.T.);
#2743=ORIENTED_EDGE('',*,*,#2095,.F.);
#2744=ORIENTED_EDGE('',*,*,#2112,.F.);
#2745=ORIENTED_EDGE('',*,*,#2113,.T.);
#2746=ORIENTED_EDGE('',*,*,#2081,.F.);
#2747=ORIENTED_EDGE('',*,*,#2096,.F.);
#2748=ORIENTED_EDGE('',*,*,#2111,.F.);
#2749=ORIENTED_EDGE('',*,*,#2114,.F.);
#2750=ORIENTED_EDGE('',*,*,#2082,.F.);
#2751=ORIENTED_EDGE('',*,*,#2113,.F.);
#2752=ORIENTED_EDGE('',*,*,#2110,.F.);
#2753=ORIENTED_EDGE('',*,*,#2115,.F.);
#2754=ORIENTED_EDGE('',*,*,#2083,.F.);
#2755=ORIENTED_EDGE('',*,*,#2114,.T.);
#2756=ORIENTED_EDGE('',*,*,#2115,.T.);
#2757=ORIENTED_EDGE('',*,*,#2109,.T.);
#2758=ORIENTED_EDGE('',*,*,#2116,.T.);
#2759=ORIENTED_EDGE('',*,*,#2084,.T.);
#2760=ORIENTED_EDGE('',*,*,#2078,.T.);
#2761=ORIENTED_EDGE('',*,*,#2094,.T.);
#2762=ORIENTED_EDGE('',*,*,#2117,.T.);
#2763=ORIENTED_EDGE('',*,*,#2118,.T.);
#2764=ORIENTED_EDGE('',*,*,#2119,.T.);
#2765=ORIENTED_EDGE('',*,*,#2088,.T.);
#2766=ORIENTED_EDGE('',*,*,#2120,.T.);
#2767=ORIENTED_EDGE('',*,*,#2105,.T.);
#2768=ORIENTED_EDGE('',*,*,#2121,.T.);
#2769=ORIENTED_EDGE('',*,*,#2122,.F.);
#2770=ORIENTED_EDGE('',*,*,#2123,.T.);
#2771=ORIENTED_EDGE('',*,*,#2097,.T.);
#2772=ORIENTED_EDGE('',*,*,#2087,.F.);
#2773=ORIENTED_EDGE('',*,*,#2124,.T.);
#2774=ORIENTED_EDGE('',*,*,#2106,.F.);
#2775=ORIENTED_EDGE('',*,*,#2120,.F.);
#2776=ORIENTED_EDGE('',*,*,#2086,.F.);
#2777=ORIENTED_EDGE('',*,*,#2125,.F.);
#2778=ORIENTED_EDGE('',*,*,#2107,.F.);
#2779=ORIENTED_EDGE('',*,*,#2124,.F.);
#2780=ORIENTED_EDGE('',*,*,#2085,.F.);
#2781=ORIENTED_EDGE('',*,*,#2116,.F.);
#2782=ORIENTED_EDGE('',*,*,#2108,.F.);
#2783=ORIENTED_EDGE('',*,*,#2125,.T.);
#2784=ORIENTED_EDGE('',*,*,#2126,.F.);
#2785=ORIENTED_EDGE('',*,*,#2127,.T.);
#2786=ORIENTED_EDGE('',*,*,#2128,.T.);
#2787=ORIENTED_EDGE('',*,*,#2129,.T.);
#2788=ORIENTED_EDGE('',*,*,#2130,.F.);
#2789=ORIENTED_EDGE('',*,*,#2129,.F.);
#2790=ORIENTED_EDGE('',*,*,#2131,.F.);
#2791=ORIENTED_EDGE('',*,*,#2132,.F.);
#2792=ORIENTED_EDGE('',*,*,#2133,.F.);
#2793=ORIENTED_EDGE('',*,*,#2132,.T.);
#2794=ORIENTED_EDGE('',*,*,#2134,.T.);
#2795=ORIENTED_EDGE('',*,*,#2135,.T.);
#2796=ORIENTED_EDGE('',*,*,#2134,.F.);
#2797=ORIENTED_EDGE('',*,*,#2131,.T.);
#2798=ORIENTED_EDGE('',*,*,#2128,.F.);
#2799=ORIENTED_EDGE('',*,*,#2136,.F.);
#2800=ORIENTED_EDGE('',*,*,#2137,.F.);
#2801=ORIENTED_EDGE('',*,*,#2135,.F.);
#2802=ORIENTED_EDGE('',*,*,#2136,.T.);
#2803=ORIENTED_EDGE('',*,*,#2127,.F.);
#2804=ORIENTED_EDGE('',*,*,#2138,.F.);
#2805=ORIENTED_EDGE('',*,*,#2139,.T.);
#2806=ORIENTED_EDGE('',*,*,#2140,.T.);
#2807=ORIENTED_EDGE('',*,*,#2141,.T.);
#2808=ORIENTED_EDGE('',*,*,#2142,.F.);
#2809=ORIENTED_EDGE('',*,*,#2141,.F.);
#2810=ORIENTED_EDGE('',*,*,#2143,.F.);
#2811=ORIENTED_EDGE('',*,*,#2144,.F.);
#2812=ORIENTED_EDGE('',*,*,#2145,.F.);
#2813=ORIENTED_EDGE('',*,*,#2144,.T.);
#2814=ORIENTED_EDGE('',*,*,#2146,.T.);
#2815=ORIENTED_EDGE('',*,*,#2147,.T.);
#2816=ORIENTED_EDGE('',*,*,#2146,.F.);
#2817=ORIENTED_EDGE('',*,*,#2143,.T.);
#2818=ORIENTED_EDGE('',*,*,#2140,.F.);
#2819=ORIENTED_EDGE('',*,*,#2148,.F.);
#2820=ORIENTED_EDGE('',*,*,#2149,.F.);
#2821=ORIENTED_EDGE('',*,*,#2147,.F.);
#2822=ORIENTED_EDGE('',*,*,#2148,.T.);
#2823=ORIENTED_EDGE('',*,*,#2139,.F.);
#2824=ORIENTED_EDGE('',*,*,#2150,.F.);
#2825=ORIENTED_EDGE('',*,*,#2151,.F.);
#2826=ORIENTED_EDGE('',*,*,#2152,.F.);
#2827=ORIENTED_EDGE('',*,*,#2092,.F.);
#2828=ORIENTED_EDGE('',*,*,#2153,.F.);
#2829=ORIENTED_EDGE('',*,*,#2089,.F.);
#2830=ORIENTED_EDGE('',*,*,#2119,.F.);
#2831=ORIENTED_EDGE('',*,*,#2154,.T.);
#2832=ORIENTED_EDGE('',*,*,#2155,.F.);
#2833=ORIENTED_EDGE('',*,*,#2156,.F.);
#2834=ORIENTED_EDGE('',*,*,#2154,.F.);
#2835=ORIENTED_EDGE('',*,*,#2118,.F.);
#2836=ORIENTED_EDGE('',*,*,#2157,.T.);
#2837=ORIENTED_EDGE('',*,*,#2151,.T.);
#2838=ORIENTED_EDGE('',*,*,#2117,.F.);
#2839=ORIENTED_EDGE('',*,*,#2093,.T.);
#2840=ORIENTED_EDGE('',*,*,#2152,.T.);
#2841=ORIENTED_EDGE('',*,*,#2157,.F.);
#2842=ORIENTED_EDGE('',*,*,#2155,.T.);
#2843=ORIENTED_EDGE('',*,*,#2150,.T.);
#2844=ORIENTED_EDGE('',*,*,#2091,.T.);
#2845=ORIENTED_EDGE('',*,*,#2158,.F.);
#2846=ORIENTED_EDGE('',*,*,#2102,.F.);
#2847=ORIENTED_EDGE('',*,*,#2159,.F.);
#2848=ORIENTED_EDGE('',*,*,#2160,.F.);
#2849=ORIENTED_EDGE('',*,*,#2161,.F.);
#2850=ORIENTED_EDGE('',*,*,#2162,.T.);
#2851=ORIENTED_EDGE('',*,*,#2163,.T.);
#2852=ORIENTED_EDGE('',*,*,#2164,.F.);
#2853=ORIENTED_EDGE('',*,*,#2165,.F.);
#2854=ORIENTED_EDGE('',*,*,#2163,.F.);
#2855=ORIENTED_EDGE('',*,*,#2166,.T.);
#2856=ORIENTED_EDGE('',*,*,#2162,.F.);
#2857=ORIENTED_EDGE('',*,*,#2166,.F.);
#2858=ORIENTED_EDGE('',*,*,#2167,.T.);
#2859=ORIENTED_EDGE('',*,*,#2168,.T.);
#2860=ORIENTED_EDGE('',*,*,#2169,.F.);
#2861=ORIENTED_EDGE('',*,*,#2170,.F.);
#2862=ORIENTED_EDGE('',*,*,#2168,.F.);
#2863=ORIENTED_EDGE('',*,*,#2171,.T.);
#2864=ORIENTED_EDGE('',*,*,#2167,.F.);
#2865=ORIENTED_EDGE('',*,*,#2171,.F.);
#2866=ORIENTED_EDGE('',*,*,#2172,.T.);
#2867=ORIENTED_EDGE('',*,*,#2173,.T.);
#2868=ORIENTED_EDGE('',*,*,#2174,.F.);
#2869=ORIENTED_EDGE('',*,*,#2175,.F.);
#2870=ORIENTED_EDGE('',*,*,#2173,.F.);
#2871=ORIENTED_EDGE('',*,*,#2176,.T.);
#2872=ORIENTED_EDGE('',*,*,#2172,.F.);
#2873=ORIENTED_EDGE('',*,*,#2176,.F.);
#2874=ORIENTED_EDGE('',*,*,#2156,.T.);
#2875=ORIENTED_EDGE('',*,*,#2161,.T.);
#2876=ORIENTED_EDGE('',*,*,#2177,.F.);
#2877=ORIENTED_EDGE('',*,*,#2178,.F.);
#2878=ORIENTED_EDGE('',*,*,#2103,.F.);
#2879=ORIENTED_EDGE('',*,*,#2158,.T.);
#2880=ORIENTED_EDGE('',*,*,#2090,.T.);
#2881=ORIENTED_EDGE('',*,*,#2153,.T.);
#2882=ORIENTED_EDGE('',*,*,#2179,.F.);
#2883=ORIENTED_EDGE('',*,*,#2177,.T.);
#2884=ORIENTED_EDGE('',*,*,#2160,.T.);
#2885=ORIENTED_EDGE('',*,*,#2180,.F.);
#2886=ORIENTED_EDGE('',*,*,#2181,.F.);
#2887=ORIENTED_EDGE('',*,*,#2180,.T.);
#2888=ORIENTED_EDGE('',*,*,#2159,.T.);
#2889=ORIENTED_EDGE('',*,*,#2101,.F.);
#2890=ORIENTED_EDGE('',*,*,#2178,.T.);
#2891=ORIENTED_EDGE('',*,*,#2179,.T.);
#2892=ORIENTED_EDGE('',*,*,#2181,.T.);
#2893=ORIENTED_EDGE('',*,*,#2100,.T.);
#2894=ORIENTED_EDGE('',*,*,#2182,.F.);
#2895=ORIENTED_EDGE('',*,*,#2183,.F.);
#2896=ORIENTED_EDGE('',*,*,#2184,.F.);
#2897=ORIENTED_EDGE('',*,*,#2185,.F.);
#2898=ORIENTED_EDGE('',*,*,#2121,.F.);
#2899=ORIENTED_EDGE('',*,*,#2104,.T.);
#2900=ORIENTED_EDGE('',*,*,#2183,.T.);
#2901=ORIENTED_EDGE('',*,*,#2186,.T.);
#2902=ORIENTED_EDGE('',*,*,#2187,.T.);
#2903=ORIENTED_EDGE('',*,*,#2188,.T.);
#2904=ORIENTED_EDGE('',*,*,#2164,.T.);
#2905=ORIENTED_EDGE('',*,*,#2165,.T.);
#2906=ORIENTED_EDGE('',*,*,#2169,.T.);
#2907=ORIENTED_EDGE('',*,*,#2170,.T.);
#2908=ORIENTED_EDGE('',*,*,#2174,.T.);
#2909=ORIENTED_EDGE('',*,*,#2175,.T.);
#2910=ORIENTED_EDGE('',*,*,#2137,.T.);
#2911=ORIENTED_EDGE('',*,*,#2189,.F.);
#2912=ORIENTED_EDGE('',*,*,#2184,.T.);
#2913=ORIENTED_EDGE('',*,*,#2188,.F.);
#2914=ORIENTED_EDGE('',*,*,#2190,.F.);
#2915=ORIENTED_EDGE('',*,*,#2191,.F.);
#2916=ORIENTED_EDGE('',*,*,#2142,.T.);
#2917=ORIENTED_EDGE('',*,*,#2145,.T.);
#2918=ORIENTED_EDGE('',*,*,#2149,.T.);
#2919=ORIENTED_EDGE('',*,*,#2192,.F.);
#2920=ORIENTED_EDGE('',*,*,#2130,.T.);
#2921=ORIENTED_EDGE('',*,*,#2133,.T.);
#2922=ORIENTED_EDGE('',*,*,#2193,.T.);
#2923=ORIENTED_EDGE('',*,*,#2194,.T.);
#2924=ORIENTED_EDGE('',*,*,#2195,.T.);
#2925=ORIENTED_EDGE('',*,*,#2196,.T.);
#2926=ORIENTED_EDGE('',*,*,#2122,.T.);
#2927=ORIENTED_EDGE('',*,*,#2185,.T.);
#2928=ORIENTED_EDGE('',*,*,#2189,.T.);
#2929=ORIENTED_EDGE('',*,*,#2126,.T.);
#2930=ORIENTED_EDGE('',*,*,#2192,.T.);
#2931=ORIENTED_EDGE('',*,*,#2138,.T.);
#2932=ORIENTED_EDGE('',*,*,#2191,.T.);
#2933=ORIENTED_EDGE('',*,*,#2193,.F.);
#2934=ORIENTED_EDGE('',*,*,#2197,.T.);
#2935=ORIENTED_EDGE('',*,*,#2198,.T.);
#2936=ORIENTED_EDGE('',*,*,#2197,.F.);
#2937=ORIENTED_EDGE('',*,*,#2198,.F.);
#2938=ORIENTED_EDGE('',*,*,#2194,.F.);
#2939=ORIENTED_EDGE('',*,*,#2199,.T.);
#2940=ORIENTED_EDGE('',*,*,#2200,.T.);
#2941=ORIENTED_EDGE('',*,*,#2199,.F.);
#2942=ORIENTED_EDGE('',*,*,#2200,.F.);
#2943=ORIENTED_EDGE('',*,*,#2195,.F.);
#2944=ORIENTED_EDGE('',*,*,#2201,.T.);
#2945=ORIENTED_EDGE('',*,*,#2202,.T.);
#2946=ORIENTED_EDGE('',*,*,#2201,.F.);
#2947=ORIENTED_EDGE('',*,*,#2202,.F.);
#2948=ORIENTED_EDGE('',*,*,#2187,.F.);
#2949=ORIENTED_EDGE('',*,*,#2203,.F.);
#2950=ORIENTED_EDGE('',*,*,#2098,.F.);
#2951=ORIENTED_EDGE('',*,*,#2123,.F.);
#2952=ORIENTED_EDGE('',*,*,#2196,.F.);
#2953=ORIENTED_EDGE('',*,*,#2190,.T.);
#2954=ORIENTED_EDGE('',*,*,#2186,.F.);
#2955=ORIENTED_EDGE('',*,*,#2182,.T.);
#2956=ORIENTED_EDGE('',*,*,#2099,.T.);
#2957=ORIENTED_EDGE('',*,*,#2203,.T.);
#2958=ORIENTED_EDGE('',*,*,#2204,.F.);
#2959=ORIENTED_EDGE('',*,*,#2205,.T.);
#2960=ORIENTED_EDGE('',*,*,#2206,.T.);
#2961=ORIENTED_EDGE('',*,*,#2207,.F.);
#2962=ORIENTED_EDGE('',*,*,#2208,.F.);
#2963=ORIENTED_EDGE('',*,*,#2206,.F.);
#2964=ORIENTED_EDGE('',*,*,#2209,.F.);
#2965=ORIENTED_EDGE('',*,*,#2210,.F.);
#2966=ORIENTED_EDGE('',*,*,#2211,.F.);
#2967=ORIENTED_EDGE('',*,*,#2212,.T.);
#2968=ORIENTED_EDGE('',*,*,#2209,.T.);
#2969=ORIENTED_EDGE('',*,*,#2205,.F.);
#2970=ORIENTED_EDGE('',*,*,#2213,.F.);
#2971=ORIENTED_EDGE('',*,*,#2214,.F.);
#2972=ORIENTED_EDGE('',*,*,#2210,.T.);
#2973=ORIENTED_EDGE('',*,*,#2212,.F.);
#2974=ORIENTED_EDGE('',*,*,#2207,.T.);
#2975=ORIENTED_EDGE('',*,*,#2208,.T.);
#2976=ORIENTED_EDGE('',*,*,#2214,.T.);
#2977=ORIENTED_EDGE('',*,*,#2215,.T.);
#2978=ORIENTED_EDGE('',*,*,#2216,.T.);
#2979=ORIENTED_EDGE('',*,*,#2217,.T.);
#2980=ORIENTED_EDGE('',*,*,#2218,.T.);
#2981=ORIENTED_EDGE('',*,*,#2219,.T.);
#2982=ORIENTED_EDGE('',*,*,#2220,.T.);
#2983=ORIENTED_EDGE('',*,*,#2221,.T.);
#2984=ORIENTED_EDGE('',*,*,#2222,.T.);
#2985=ORIENTED_EDGE('',*,*,#2223,.T.);
#2986=ORIENTED_EDGE('',*,*,#2224,.T.);
#2987=ORIENTED_EDGE('',*,*,#2221,.F.);
#2988=ORIENTED_EDGE('',*,*,#2225,.F.);
#2989=ORIENTED_EDGE('',*,*,#2217,.F.);
#2990=ORIENTED_EDGE('',*,*,#2226,.T.);
#2991=ORIENTED_EDGE('',*,*,#2222,.F.);
#2992=ORIENTED_EDGE('',*,*,#2224,.F.);
#2993=ORIENTED_EDGE('',*,*,#2216,.F.);
#2994=ORIENTED_EDGE('',*,*,#2204,.T.);
#2995=ORIENTED_EDGE('',*,*,#2219,.F.);
#2996=ORIENTED_EDGE('',*,*,#2227,.T.);
#2997=ORIENTED_EDGE('',*,*,#2223,.F.);
#2998=ORIENTED_EDGE('',*,*,#2226,.F.);
#2999=ORIENTED_EDGE('',*,*,#2215,.F.);
#3000=ORIENTED_EDGE('',*,*,#2213,.T.);
#3001=ORIENTED_EDGE('',*,*,#2211,.T.);
#3002=ORIENTED_EDGE('',*,*,#2225,.T.);
#3003=ORIENTED_EDGE('',*,*,#2220,.F.);
#3004=ORIENTED_EDGE('',*,*,#2227,.F.);
#3005=ORIENTED_EDGE('',*,*,#2218,.F.);
#3006=ORIENTED_EDGE('',*,*,#2228,.T.);
#3007=ORIENTED_EDGE('',*,*,#2229,.T.);
#3008=ORIENTED_EDGE('',*,*,#2230,.T.);
#3009=ORIENTED_EDGE('',*,*,#2231,.T.);
#3010=ORIENTED_EDGE('',*,*,#2232,.T.);
#3011=ORIENTED_EDGE('',*,*,#2233,.T.);
#3012=ORIENTED_EDGE('',*,*,#2234,.T.);
#3013=ORIENTED_EDGE('',*,*,#2235,.T.);
#3014=ORIENTED_EDGE('',*,*,#2236,.T.);
#3015=ORIENTED_EDGE('',*,*,#2233,.F.);
#3016=ORIENTED_EDGE('',*,*,#2237,.F.);
#3017=ORIENTED_EDGE('',*,*,#2231,.F.);
#3018=ORIENTED_EDGE('',*,*,#2238,.T.);
#3019=ORIENTED_EDGE('',*,*,#2234,.F.);
#3020=ORIENTED_EDGE('',*,*,#2236,.F.);
#3021=ORIENTED_EDGE('',*,*,#2230,.F.);
#3022=ORIENTED_EDGE('',*,*,#2239,.T.);
#3023=ORIENTED_EDGE('',*,*,#2235,.F.);
#3024=ORIENTED_EDGE('',*,*,#2238,.F.);
#3025=ORIENTED_EDGE('',*,*,#2229,.F.);
#3026=ORIENTED_EDGE('',*,*,#2237,.T.);
#3027=ORIENTED_EDGE('',*,*,#2232,.F.);
#3028=ORIENTED_EDGE('',*,*,#2239,.F.);
#3029=ORIENTED_EDGE('',*,*,#2228,.F.);
#3030=ORIENTED_EDGE('',*,*,#2240,.T.);
#3031=ORIENTED_EDGE('',*,*,#2241,.T.);
#3032=ORIENTED_EDGE('',*,*,#2242,.T.);
#3033=ORIENTED_EDGE('',*,*,#2243,.T.);
#3034=ORIENTED_EDGE('',*,*,#2244,.T.);
#3035=ORIENTED_EDGE('',*,*,#2245,.T.);
#3036=ORIENTED_EDGE('',*,*,#2246,.T.);
#3037=ORIENTED_EDGE('',*,*,#2247,.T.);
#3038=ORIENTED_EDGE('',*,*,#2248,.T.);
#3039=ORIENTED_EDGE('',*,*,#2245,.F.);
#3040=ORIENTED_EDGE('',*,*,#2249,.F.);
#3041=ORIENTED_EDGE('',*,*,#2243,.F.);
#3042=ORIENTED_EDGE('',*,*,#2250,.T.);
#3043=ORIENTED_EDGE('',*,*,#2246,.F.);
#3044=ORIENTED_EDGE('',*,*,#2248,.F.);
#3045=ORIENTED_EDGE('',*,*,#2242,.F.);
#3046=ORIENTED_EDGE('',*,*,#2251,.T.);
#3047=ORIENTED_EDGE('',*,*,#2247,.F.);
#3048=ORIENTED_EDGE('',*,*,#2250,.F.);
#3049=ORIENTED_EDGE('',*,*,#2241,.F.);
#3050=ORIENTED_EDGE('',*,*,#2249,.T.);
#3051=ORIENTED_EDGE('',*,*,#2244,.F.);
#3052=ORIENTED_EDGE('',*,*,#2251,.F.);
#3053=ORIENTED_EDGE('',*,*,#2240,.F.);
#3054=ORIENTED_EDGE('',*,*,#2252,.T.);
#3055=ORIENTED_EDGE('',*,*,#2253,.T.);
#3056=ORIENTED_EDGE('',*,*,#2254,.T.);
#3057=ORIENTED_EDGE('',*,*,#2255,.T.);
#3058=ORIENTED_EDGE('',*,*,#2256,.T.);
#3059=ORIENTED_EDGE('',*,*,#2255,.F.);
#3060=ORIENTED_EDGE('',*,*,#2257,.T.);
#3061=ORIENTED_EDGE('',*,*,#2258,.T.);
#3062=ORIENTED_EDGE('',*,*,#2259,.T.);
#3063=ORIENTED_EDGE('',*,*,#2260,.T.);
#3064=ORIENTED_EDGE('',*,*,#2261,.T.);
#3065=ORIENTED_EDGE('',*,*,#2258,.F.);
#3066=ORIENTED_EDGE('',*,*,#2252,.F.);
#3067=ORIENTED_EDGE('',*,*,#2262,.F.);
#3068=ORIENTED_EDGE('',*,*,#2263,.F.);
#3069=ORIENTED_EDGE('',*,*,#2264,.T.);
#3070=ORIENTED_EDGE('',*,*,#2256,.F.);
#3071=ORIENTED_EDGE('',*,*,#2265,.F.);
#3072=ORIENTED_EDGE('',*,*,#2266,.F.);
#3073=ORIENTED_EDGE('',*,*,#2262,.T.);
#3074=ORIENTED_EDGE('',*,*,#2261,.F.);
#3075=ORIENTED_EDGE('',*,*,#2267,.F.);
#3076=ORIENTED_EDGE('',*,*,#2268,.F.);
#3077=ORIENTED_EDGE('',*,*,#2265,.T.);
#3078=ORIENTED_EDGE('',*,*,#2253,.F.);
#3079=ORIENTED_EDGE('',*,*,#2264,.F.);
#3080=ORIENTED_EDGE('',*,*,#2269,.T.);
#3081=ORIENTED_EDGE('',*,*,#2267,.T.);
#3082=ORIENTED_EDGE('',*,*,#2260,.F.);
#3083=ORIENTED_EDGE('',*,*,#2270,.F.);
#3084=ORIENTED_EDGE('',*,*,#2268,.T.);
#3085=ORIENTED_EDGE('',*,*,#2269,.F.);
#3086=ORIENTED_EDGE('',*,*,#2263,.T.);
#3087=ORIENTED_EDGE('',*,*,#2266,.T.);
#3088=ORIENTED_EDGE('',*,*,#2254,.F.);
#3089=ORIENTED_EDGE('',*,*,#2270,.T.);
#3090=ORIENTED_EDGE('',*,*,#2259,.F.);
#3091=ORIENTED_EDGE('',*,*,#2257,.F.);
#3092=ORIENTED_EDGE('',*,*,#2271,.T.);
#3093=ORIENTED_EDGE('',*,*,#2272,.F.);
#3094=ORIENTED_EDGE('',*,*,#2273,.F.);
#3095=ORIENTED_EDGE('',*,*,#2274,.F.);
#3096=ORIENTED_EDGE('',*,*,#2273,.T.);
#3097=ORIENTED_EDGE('',*,*,#2275,.F.);
#3098=ORIENTED_EDGE('',*,*,#2276,.F.);
#3099=ORIENTED_EDGE('',*,*,#2277,.F.);
#3100=ORIENTED_EDGE('',*,*,#2276,.T.);
#3101=ORIENTED_EDGE('',*,*,#2278,.F.);
#3102=ORIENTED_EDGE('',*,*,#2279,.F.);
#3103=ORIENTED_EDGE('',*,*,#2280,.F.);
#3104=ORIENTED_EDGE('',*,*,#2279,.T.);
#3105=ORIENTED_EDGE('',*,*,#2281,.F.);
#3106=ORIENTED_EDGE('',*,*,#2271,.F.);
#3107=ORIENTED_EDGE('',*,*,#2282,.F.);
#3108=ORIENTED_EDGE('',*,*,#2272,.T.);
#3109=ORIENTED_EDGE('',*,*,#2281,.T.);
#3110=ORIENTED_EDGE('',*,*,#2278,.T.);
#3111=ORIENTED_EDGE('',*,*,#2275,.T.);
#3112=ORIENTED_EDGE('',*,*,#2283,.T.);
#3113=ORIENTED_EDGE('',*,*,#2284,.T.);
#3114=ORIENTED_EDGE('',*,*,#2285,.T.);
#3115=ORIENTED_EDGE('',*,*,#2286,.T.);
#3116=ORIENTED_EDGE('',*,*,#2287,.T.);
#3117=ORIENTED_EDGE('',*,*,#2288,.T.);
#3118=ORIENTED_EDGE('',*,*,#2289,.T.);
#3119=ORIENTED_EDGE('',*,*,#2290,.T.);
#3120=ORIENTED_EDGE('',*,*,#2274,.T.);
#3121=ORIENTED_EDGE('',*,*,#2277,.T.);
#3122=ORIENTED_EDGE('',*,*,#2280,.T.);
#3123=ORIENTED_EDGE('',*,*,#2282,.T.);
#3124=ORIENTED_EDGE('',*,*,#2286,.F.);
#3125=ORIENTED_EDGE('',*,*,#2291,.F.);
#3126=ORIENTED_EDGE('',*,*,#2292,.T.);
#3127=ORIENTED_EDGE('',*,*,#2293,.T.);
#3128=ORIENTED_EDGE('',*,*,#2294,.T.);
#3129=ORIENTED_EDGE('',*,*,#2283,.F.);
#3130=ORIENTED_EDGE('',*,*,#2295,.F.);
#3131=ORIENTED_EDGE('',*,*,#2296,.T.);
#3132=ORIENTED_EDGE('',*,*,#2291,.T.);
#3133=ORIENTED_EDGE('',*,*,#2285,.F.);
#3134=ORIENTED_EDGE('',*,*,#2297,.T.);
#3135=ORIENTED_EDGE('',*,*,#2298,.T.);
#3136=ORIENTED_EDGE('',*,*,#2292,.F.);
#3137=ORIENTED_EDGE('',*,*,#2296,.F.);
#3138=ORIENTED_EDGE('',*,*,#2299,.F.);
#3139=ORIENTED_EDGE('',*,*,#2300,.F.);
#3140=ORIENTED_EDGE('',*,*,#2290,.F.);
#3141=ORIENTED_EDGE('',*,*,#2301,.F.);
#3142=ORIENTED_EDGE('',*,*,#2299,.T.);
#3143=ORIENTED_EDGE('',*,*,#2295,.T.);
#3144=ORIENTED_EDGE('',*,*,#2302,.T.);
#3145=ORIENTED_EDGE('',*,*,#2287,.F.);
#3146=ORIENTED_EDGE('',*,*,#2293,.F.);
#3147=ORIENTED_EDGE('',*,*,#2300,.T.);
#3148=ORIENTED_EDGE('',*,*,#2301,.T.);
#3149=ORIENTED_EDGE('',*,*,#2289,.F.);
#3150=ORIENTED_EDGE('',*,*,#2303,.T.);
#3151=ORIENTED_EDGE('',*,*,#2304,.T.);
#3152=ORIENTED_EDGE('',*,*,#2305,.T.);
#3153=ORIENTED_EDGE('',*,*,#2303,.F.);
#3154=ORIENTED_EDGE('',*,*,#2306,.T.);
#3155=ORIENTED_EDGE('',*,*,#2307,.T.);
#3156=ORIENTED_EDGE('',*,*,#2308,.T.);
#3157=ORIENTED_EDGE('',*,*,#2294,.F.);
#3158=ORIENTED_EDGE('',*,*,#2309,.T.);
#3159=ORIENTED_EDGE('',*,*,#2297,.F.);
#3160=ORIENTED_EDGE('',*,*,#2310,.T.);
#3161=ORIENTED_EDGE('',*,*,#2311,.T.);
#3162=ORIENTED_EDGE('',*,*,#2312,.T.);
#3163=ORIENTED_EDGE('',*,*,#2302,.F.);
#3164=ORIENTED_EDGE('',*,*,#2305,.F.);
#3165=ORIENTED_EDGE('',*,*,#2298,.F.);
#3166=ORIENTED_EDGE('',*,*,#2309,.F.);
#3167=ORIENTED_EDGE('',*,*,#2304,.F.);
#3168=ORIENTED_EDGE('',*,*,#2284,.F.);
#3169=ORIENTED_EDGE('',*,*,#2308,.F.);
#3170=ORIENTED_EDGE('',*,*,#2313,.T.);
#3171=ORIENTED_EDGE('',*,*,#2310,.F.);
#3172=ORIENTED_EDGE('',*,*,#2307,.F.);
#3173=ORIENTED_EDGE('',*,*,#2314,.T.);
#3174=ORIENTED_EDGE('',*,*,#2311,.F.);
#3175=ORIENTED_EDGE('',*,*,#2313,.F.);
#3176=ORIENTED_EDGE('',*,*,#2288,.F.);
#3177=ORIENTED_EDGE('',*,*,#2312,.F.);
#3178=ORIENTED_EDGE('',*,*,#2314,.F.);
#3179=ORIENTED_EDGE('',*,*,#2306,.F.);
#3180=ORIENTED_EDGE('',*,*,#2315,.T.);
#3181=ORIENTED_EDGE('',*,*,#2316,.T.);
#3182=ORIENTED_EDGE('',*,*,#2316,.F.);
#3183=ORIENTED_EDGE('',*,*,#2317,.F.);
#3184=ORIENTED_EDGE('',*,*,#2318,.F.);
#3185=ORIENTED_EDGE('',*,*,#2319,.T.);
#3186=ORIENTED_EDGE('',*,*,#2315,.F.);
#3187=ORIENTED_EDGE('',*,*,#2319,.F.);
#3188=ORIENTED_EDGE('',*,*,#2317,.T.);
#3189=ORIENTED_EDGE('',*,*,#2318,.T.);
#3190=ORIENTED_EDGE('',*,*,#2320,.T.);
#3191=ORIENTED_EDGE('',*,*,#2321,.T.);
#3192=ORIENTED_EDGE('',*,*,#2321,.F.);
#3193=ORIENTED_EDGE('',*,*,#2322,.F.);
#3194=ORIENTED_EDGE('',*,*,#2323,.F.);
#3195=ORIENTED_EDGE('',*,*,#2324,.T.);
#3196=ORIENTED_EDGE('',*,*,#2320,.F.);
#3197=ORIENTED_EDGE('',*,*,#2324,.F.);
#3198=ORIENTED_EDGE('',*,*,#2322,.T.);
#3199=ORIENTED_EDGE('',*,*,#2323,.T.);
#3200=ORIENTED_EDGE('',*,*,#2325,.T.);
#3201=ORIENTED_EDGE('',*,*,#2326,.T.);
#3202=ORIENTED_EDGE('',*,*,#2326,.F.);
#3203=ORIENTED_EDGE('',*,*,#2327,.F.);
#3204=ORIENTED_EDGE('',*,*,#2328,.F.);
#3205=ORIENTED_EDGE('',*,*,#2329,.T.);
#3206=ORIENTED_EDGE('',*,*,#2325,.F.);
#3207=ORIENTED_EDGE('',*,*,#2329,.F.);
#3208=ORIENTED_EDGE('',*,*,#2327,.T.);
#3209=ORIENTED_EDGE('',*,*,#2328,.T.);
#3210=ORIENTED_EDGE('',*,*,#2330,.T.);
#3211=ORIENTED_EDGE('',*,*,#2331,.T.);
#3212=ORIENTED_EDGE('',*,*,#2332,.T.);
#3213=ORIENTED_EDGE('',*,*,#2333,.T.);
#3214=ORIENTED_EDGE('',*,*,#2332,.F.);
#3215=ORIENTED_EDGE('',*,*,#2334,.F.);
#3216=ORIENTED_EDGE('',*,*,#2335,.F.);
#3217=ORIENTED_EDGE('',*,*,#2336,.T.);
#3218=ORIENTED_EDGE('',*,*,#2337,.T.);
#3219=ORIENTED_EDGE('',*,*,#2331,.F.);
#3220=ORIENTED_EDGE('',*,*,#2338,.T.);
#3221=ORIENTED_EDGE('',*,*,#2339,.F.);
#3222=ORIENTED_EDGE('',*,*,#2334,.T.);
#3223=ORIENTED_EDGE('',*,*,#2340,.T.);
#3224=ORIENTED_EDGE('',*,*,#2341,.T.);
#3225=ORIENTED_EDGE('',*,*,#2342,.T.);
#3226=ORIENTED_EDGE('',*,*,#2343,.T.);
#3227=ORIENTED_EDGE('',*,*,#2340,.F.);
#3228=ORIENTED_EDGE('',*,*,#2344,.T.);
#3229=ORIENTED_EDGE('',*,*,#2345,.T.);
#3230=ORIENTED_EDGE('',*,*,#2346,.F.);
#3231=ORIENTED_EDGE('',*,*,#2347,.F.);
#3232=ORIENTED_EDGE('',*,*,#2348,.T.);
#3233=ORIENTED_EDGE('',*,*,#2349,.T.);
#3234=ORIENTED_EDGE('',*,*,#2350,.F.);
#3235=ORIENTED_EDGE('',*,*,#2351,.F.);
#3236=ORIENTED_EDGE('',*,*,#2333,.F.);
#3237=ORIENTED_EDGE('',*,*,#2337,.F.);
#3238=ORIENTED_EDGE('',*,*,#2352,.F.);
#3239=ORIENTED_EDGE('',*,*,#2344,.F.);
#3240=ORIENTED_EDGE('',*,*,#2343,.F.);
#3241=ORIENTED_EDGE('',*,*,#2353,.F.);
#3242=ORIENTED_EDGE('',*,*,#2354,.F.);
#3243=ORIENTED_EDGE('',*,*,#2355,.F.);
#3244=ORIENTED_EDGE('',*,*,#2356,.F.);
#3245=ORIENTED_EDGE('',*,*,#2357,.F.);
#3246=ORIENTED_EDGE('',*,*,#2358,.F.);
#3247=ORIENTED_EDGE('',*,*,#2359,.F.);
#3248=ORIENTED_EDGE('',*,*,#2360,.F.);
#3249=ORIENTED_EDGE('',*,*,#2361,.F.);
#3250=ORIENTED_EDGE('',*,*,#2362,.F.);
#3251=ORIENTED_EDGE('',*,*,#2349,.F.);
#3252=ORIENTED_EDGE('',*,*,#2363,.T.);
#3253=ORIENTED_EDGE('',*,*,#2364,.T.);
#3254=ORIENTED_EDGE('',*,*,#2365,.T.);
#3255=ORIENTED_EDGE('',*,*,#2366,.T.);
#3256=ORIENTED_EDGE('',*,*,#2356,.T.);
#3257=ORIENTED_EDGE('',*,*,#2364,.F.);
#3258=ORIENTED_EDGE('',*,*,#2355,.T.);
#3259=ORIENTED_EDGE('',*,*,#2367,.T.);
#3260=ORIENTED_EDGE('',*,*,#2368,.F.);
#3261=ORIENTED_EDGE('',*,*,#2369,.F.);
#3262=ORIENTED_EDGE('',*,*,#2370,.F.);
#3263=ORIENTED_EDGE('',*,*,#2371,.T.);
#3264=ORIENTED_EDGE('',*,*,#2372,.T.);
#3265=ORIENTED_EDGE('',*,*,#2373,.T.);
#3266=ORIENTED_EDGE('',*,*,#2360,.T.);
#3267=ORIENTED_EDGE('',*,*,#2371,.F.);
#3268=ORIENTED_EDGE('',*,*,#2359,.T.);
#3269=ORIENTED_EDGE('',*,*,#2374,.T.);
#3270=ORIENTED_EDGE('',*,*,#2375,.F.);
#3271=ORIENTED_EDGE('',*,*,#2376,.F.);
#3272=ORIENTED_EDGE('',*,*,#2348,.F.);
#3273=ORIENTED_EDGE('',*,*,#2377,.T.);
#3274=ORIENTED_EDGE('',*,*,#2378,.F.);
#3275=ORIENTED_EDGE('',*,*,#2377,.F.);
#3276=ORIENTED_EDGE('',*,*,#2363,.F.);
#3277=ORIENTED_EDGE('',*,*,#2378,.T.);
#3278=ORIENTED_EDGE('',*,*,#2330,.F.);
#3279=ORIENTED_EDGE('',*,*,#2351,.T.);
#3280=ORIENTED_EDGE('',*,*,#2379,.T.);
#3281=ORIENTED_EDGE('',*,*,#2380,.F.);
#3282=ORIENTED_EDGE('',*,*,#2381,.F.);
#3283=ORIENTED_EDGE('',*,*,#2338,.F.);
#3284=ORIENTED_EDGE('',*,*,#2373,.F.);
#3285=ORIENTED_EDGE('',*,*,#2382,.F.);
#3286=ORIENTED_EDGE('',*,*,#2383,.F.);
#3287=ORIENTED_EDGE('',*,*,#2384,.T.);
#3288=ORIENTED_EDGE('',*,*,#2385,.T.);
#3289=ORIENTED_EDGE('',*,*,#2361,.T.);
#3290=ORIENTED_EDGE('',*,*,#2372,.F.);
#3291=ORIENTED_EDGE('',*,*,#2376,.T.);
#3292=ORIENTED_EDGE('',*,*,#2386,.F.);
#3293=ORIENTED_EDGE('',*,*,#2382,.T.);
#3294=ORIENTED_EDGE('',*,*,#2358,.T.);
#3295=ORIENTED_EDGE('',*,*,#2387,.F.);
#3296=ORIENTED_EDGE('',*,*,#2388,.F.);
#3297=ORIENTED_EDGE('',*,*,#2374,.F.);
#3298=ORIENTED_EDGE('',*,*,#2350,.T.);
#3299=ORIENTED_EDGE('',*,*,#2362,.T.);
#3300=ORIENTED_EDGE('',*,*,#2385,.F.);
#3301=ORIENTED_EDGE('',*,*,#2389,.F.);
#3302=ORIENTED_EDGE('',*,*,#2379,.F.);
#3303=ORIENTED_EDGE('',*,*,#2354,.T.);
#3304=ORIENTED_EDGE('',*,*,#2390,.F.);
#3305=ORIENTED_EDGE('',*,*,#2391,.F.);
#3306=ORIENTED_EDGE('',*,*,#2367,.F.);
#3307=ORIENTED_EDGE('',*,*,#2366,.F.);
#3308=ORIENTED_EDGE('',*,*,#2392,.F.);
#3309=ORIENTED_EDGE('',*,*,#2393,.F.);
#3310=ORIENTED_EDGE('',*,*,#2387,.T.);
#3311=ORIENTED_EDGE('',*,*,#2357,.T.);
#3312=ORIENTED_EDGE('',*,*,#2383,.T.);
#3313=ORIENTED_EDGE('',*,*,#2386,.T.);
#3314=ORIENTED_EDGE('',*,*,#2375,.T.);
#3315=ORIENTED_EDGE('',*,*,#2394,.T.);
#3316=ORIENTED_EDGE('',*,*,#2395,.T.);
#3317=ORIENTED_EDGE('',*,*,#2335,.T.);
#3318=ORIENTED_EDGE('',*,*,#2339,.T.);
#3319=ORIENTED_EDGE('',*,*,#2381,.T.);
#3320=ORIENTED_EDGE('',*,*,#2396,.T.);
#3321=ORIENTED_EDGE('',*,*,#2396,.F.);
#3322=ORIENTED_EDGE('',*,*,#2380,.T.);
#3323=ORIENTED_EDGE('',*,*,#2389,.T.);
#3324=ORIENTED_EDGE('',*,*,#2384,.F.);
#3325=ORIENTED_EDGE('',*,*,#2397,.T.);
#3326=ORIENTED_EDGE('',*,*,#2398,.T.);
#3327=ORIENTED_EDGE('',*,*,#2346,.T.);
#3328=ORIENTED_EDGE('',*,*,#2399,.T.);
#3329=ORIENTED_EDGE('',*,*,#2393,.T.);
#3330=ORIENTED_EDGE('',*,*,#2400,.T.);
#3331=ORIENTED_EDGE('',*,*,#2369,.T.);
#3332=ORIENTED_EDGE('',*,*,#2401,.T.);
#3333=ORIENTED_EDGE('',*,*,#2365,.F.);
#3334=ORIENTED_EDGE('',*,*,#2370,.T.);
#3335=ORIENTED_EDGE('',*,*,#2400,.F.);
#3336=ORIENTED_EDGE('',*,*,#2392,.T.);
#3337=ORIENTED_EDGE('',*,*,#2341,.F.);
#3338=ORIENTED_EDGE('',*,*,#2347,.T.);
#3339=ORIENTED_EDGE('',*,*,#2398,.F.);
#3340=ORIENTED_EDGE('',*,*,#2402,.T.);
#3341=ORIENTED_EDGE('',*,*,#2342,.F.);
#3342=ORIENTED_EDGE('',*,*,#2402,.F.);
#3343=ORIENTED_EDGE('',*,*,#2397,.F.);
#3344=ORIENTED_EDGE('',*,*,#2403,.T.);
#3345=ORIENTED_EDGE('',*,*,#2390,.T.);
#3346=ORIENTED_EDGE('',*,*,#2353,.T.);
#3347=ORIENTED_EDGE('',*,*,#2401,.F.);
#3348=ORIENTED_EDGE('',*,*,#2368,.T.);
#3349=ORIENTED_EDGE('',*,*,#2391,.T.);
#3350=ORIENTED_EDGE('',*,*,#2403,.F.);
#3351=ORIENTED_EDGE('',*,*,#2352,.T.);
#3352=ORIENTED_EDGE('',*,*,#2336,.F.);
#3353=ORIENTED_EDGE('',*,*,#2404,.F.);
#3354=ORIENTED_EDGE('',*,*,#2345,.F.);
#3355=ORIENTED_EDGE('',*,*,#2394,.F.);
#3356=ORIENTED_EDGE('',*,*,#2388,.T.);
#3357=ORIENTED_EDGE('',*,*,#2399,.F.);
#3358=ORIENTED_EDGE('',*,*,#2404,.T.);
#3359=ORIENTED_EDGE('',*,*,#2395,.F.);
#3360=ORIENTED_EDGE('',*,*,#2405,.T.);
#3361=ORIENTED_EDGE('',*,*,#2406,.F.);
#3362=ORIENTED_EDGE('',*,*,#2407,.F.);
#3363=ORIENTED_EDGE('',*,*,#2405,.F.);
#3364=ORIENTED_EDGE('',*,*,#2406,.T.);
#3365=ORIENTED_EDGE('',*,*,#2407,.T.);
#3366=ORIENTED_EDGE('',*,*,#2408,.T.);
#3367=ORIENTED_EDGE('',*,*,#2409,.T.);
#3368=ORIENTED_EDGE('',*,*,#2410,.T.);
#3369=ORIENTED_EDGE('',*,*,#2411,.T.);
#3370=ORIENTED_EDGE('',*,*,#2410,.F.);
#3371=ORIENTED_EDGE('',*,*,#2412,.F.);
#3372=ORIENTED_EDGE('',*,*,#2413,.F.);
#3373=ORIENTED_EDGE('',*,*,#2414,.T.);
#3374=ORIENTED_EDGE('',*,*,#2415,.T.);
#3375=ORIENTED_EDGE('',*,*,#2409,.F.);
#3376=ORIENTED_EDGE('',*,*,#2416,.T.);
#3377=ORIENTED_EDGE('',*,*,#2417,.F.);
#3378=ORIENTED_EDGE('',*,*,#2412,.T.);
#3379=ORIENTED_EDGE('',*,*,#2418,.T.);
#3380=ORIENTED_EDGE('',*,*,#2419,.T.);
#3381=ORIENTED_EDGE('',*,*,#2420,.T.);
#3382=ORIENTED_EDGE('',*,*,#2421,.T.);
#3383=ORIENTED_EDGE('',*,*,#2418,.F.);
#3384=ORIENTED_EDGE('',*,*,#2422,.T.);
#3385=ORIENTED_EDGE('',*,*,#2423,.T.);
#3386=ORIENTED_EDGE('',*,*,#2424,.F.);
#3387=ORIENTED_EDGE('',*,*,#2425,.F.);
#3388=ORIENTED_EDGE('',*,*,#2426,.T.);
#3389=ORIENTED_EDGE('',*,*,#2427,.T.);
#3390=ORIENTED_EDGE('',*,*,#2428,.F.);
#3391=ORIENTED_EDGE('',*,*,#2429,.F.);
#3392=ORIENTED_EDGE('',*,*,#2411,.F.);
#3393=ORIENTED_EDGE('',*,*,#2415,.F.);
#3394=ORIENTED_EDGE('',*,*,#2430,.F.);
#3395=ORIENTED_EDGE('',*,*,#2422,.F.);
#3396=ORIENTED_EDGE('',*,*,#2421,.F.);
#3397=ORIENTED_EDGE('',*,*,#2431,.F.);
#3398=ORIENTED_EDGE('',*,*,#2432,.F.);
#3399=ORIENTED_EDGE('',*,*,#2433,.F.);
#3400=ORIENTED_EDGE('',*,*,#2434,.F.);
#3401=ORIENTED_EDGE('',*,*,#2435,.F.);
#3402=ORIENTED_EDGE('',*,*,#2436,.F.);
#3403=ORIENTED_EDGE('',*,*,#2437,.F.);
#3404=ORIENTED_EDGE('',*,*,#2438,.F.);
#3405=ORIENTED_EDGE('',*,*,#2439,.F.);
#3406=ORIENTED_EDGE('',*,*,#2440,.F.);
#3407=ORIENTED_EDGE('',*,*,#2427,.F.);
#3408=ORIENTED_EDGE('',*,*,#2441,.T.);
#3409=ORIENTED_EDGE('',*,*,#2442,.T.);
#3410=ORIENTED_EDGE('',*,*,#2443,.T.);
#3411=ORIENTED_EDGE('',*,*,#2444,.T.);
#3412=ORIENTED_EDGE('',*,*,#2434,.T.);
#3413=ORIENTED_EDGE('',*,*,#2442,.F.);
#3414=ORIENTED_EDGE('',*,*,#2433,.T.);
#3415=ORIENTED_EDGE('',*,*,#2445,.T.);
#3416=ORIENTED_EDGE('',*,*,#2446,.F.);
#3417=ORIENTED_EDGE('',*,*,#2447,.F.);
#3418=ORIENTED_EDGE('',*,*,#2448,.F.);
#3419=ORIENTED_EDGE('',*,*,#2449,.T.);
#3420=ORIENTED_EDGE('',*,*,#2450,.T.);
#3421=ORIENTED_EDGE('',*,*,#2451,.T.);
#3422=ORIENTED_EDGE('',*,*,#2438,.T.);
#3423=ORIENTED_EDGE('',*,*,#2449,.F.);
#3424=ORIENTED_EDGE('',*,*,#2437,.T.);
#3425=ORIENTED_EDGE('',*,*,#2452,.T.);
#3426=ORIENTED_EDGE('',*,*,#2453,.F.);
#3427=ORIENTED_EDGE('',*,*,#2454,.F.);
#3428=ORIENTED_EDGE('',*,*,#2426,.F.);
#3429=ORIENTED_EDGE('',*,*,#2455,.T.);
#3430=ORIENTED_EDGE('',*,*,#2456,.F.);
#3431=ORIENTED_EDGE('',*,*,#2455,.F.);
#3432=ORIENTED_EDGE('',*,*,#2441,.F.);
#3433=ORIENTED_EDGE('',*,*,#2456,.T.);
#3434=ORIENTED_EDGE('',*,*,#2408,.F.);
#3435=ORIENTED_EDGE('',*,*,#2429,.T.);
#3436=ORIENTED_EDGE('',*,*,#2457,.T.);
#3437=ORIENTED_EDGE('',*,*,#2458,.F.);
#3438=ORIENTED_EDGE('',*,*,#2459,.F.);
#3439=ORIENTED_EDGE('',*,*,#2416,.F.);
#3440=ORIENTED_EDGE('',*,*,#2451,.F.);
#3441=ORIENTED_EDGE('',*,*,#2460,.F.);
#3442=ORIENTED_EDGE('',*,*,#2461,.F.);
#3443=ORIENTED_EDGE('',*,*,#2462,.T.);
#3444=ORIENTED_EDGE('',*,*,#2463,.T.);
#3445=ORIENTED_EDGE('',*,*,#2439,.T.);
#3446=ORIENTED_EDGE('',*,*,#2450,.F.);
#3447=ORIENTED_EDGE('',*,*,#2454,.T.);
#3448=ORIENTED_EDGE('',*,*,#2464,.F.);
#3449=ORIENTED_EDGE('',*,*,#2460,.T.);
#3450=ORIENTED_EDGE('',*,*,#2436,.T.);
#3451=ORIENTED_EDGE('',*,*,#2465,.F.);
#3452=ORIENTED_EDGE('',*,*,#2466,.F.);
#3453=ORIENTED_EDGE('',*,*,#2452,.F.);
#3454=ORIENTED_EDGE('',*,*,#2428,.T.);
#3455=ORIENTED_EDGE('',*,*,#2440,.T.);
#3456=ORIENTED_EDGE('',*,*,#2463,.F.);
#3457=ORIENTED_EDGE('',*,*,#2467,.F.);
#3458=ORIENTED_EDGE('',*,*,#2457,.F.);
#3459=ORIENTED_EDGE('',*,*,#2432,.T.);
#3460=ORIENTED_EDGE('',*,*,#2468,.F.);
#3461=ORIENTED_EDGE('',*,*,#2469,.F.);
#3462=ORIENTED_EDGE('',*,*,#2445,.F.);
#3463=ORIENTED_EDGE('',*,*,#2444,.F.);
#3464=ORIENTED_EDGE('',*,*,#2470,.F.);
#3465=ORIENTED_EDGE('',*,*,#2471,.F.);
#3466=ORIENTED_EDGE('',*,*,#2465,.T.);
#3467=ORIENTED_EDGE('',*,*,#2435,.T.);
#3468=ORIENTED_EDGE('',*,*,#2461,.T.);
#3469=ORIENTED_EDGE('',*,*,#2464,.T.);
#3470=ORIENTED_EDGE('',*,*,#2453,.T.);
#3471=ORIENTED_EDGE('',*,*,#2472,.T.);
#3472=ORIENTED_EDGE('',*,*,#2473,.T.);
#3473=ORIENTED_EDGE('',*,*,#2413,.T.);
#3474=ORIENTED_EDGE('',*,*,#2417,.T.);
#3475=ORIENTED_EDGE('',*,*,#2459,.T.);
#3476=ORIENTED_EDGE('',*,*,#2474,.T.);
#3477=ORIENTED_EDGE('',*,*,#2474,.F.);
#3478=ORIENTED_EDGE('',*,*,#2458,.T.);
#3479=ORIENTED_EDGE('',*,*,#2467,.T.);
#3480=ORIENTED_EDGE('',*,*,#2462,.F.);
#3481=ORIENTED_EDGE('',*,*,#2475,.T.);
#3482=ORIENTED_EDGE('',*,*,#2476,.T.);
#3483=ORIENTED_EDGE('',*,*,#2424,.T.);
#3484=ORIENTED_EDGE('',*,*,#2477,.T.);
#3485=ORIENTED_EDGE('',*,*,#2471,.T.);
#3486=ORIENTED_EDGE('',*,*,#2478,.T.);
#3487=ORIENTED_EDGE('',*,*,#2447,.T.);
#3488=ORIENTED_EDGE('',*,*,#2479,.T.);
#3489=ORIENTED_EDGE('',*,*,#2443,.F.);
#3490=ORIENTED_EDGE('',*,*,#2448,.T.);
#3491=ORIENTED_EDGE('',*,*,#2478,.F.);
#3492=ORIENTED_EDGE('',*,*,#2470,.T.);
#3493=ORIENTED_EDGE('',*,*,#2419,.F.);
#3494=ORIENTED_EDGE('',*,*,#2425,.T.);
#3495=ORIENTED_EDGE('',*,*,#2476,.F.);
#3496=ORIENTED_EDGE('',*,*,#2480,.T.);
#3497=ORIENTED_EDGE('',*,*,#2420,.F.);
#3498=ORIENTED_EDGE('',*,*,#2480,.F.);
#3499=ORIENTED_EDGE('',*,*,#2475,.F.);
#3500=ORIENTED_EDGE('',*,*,#2481,.T.);
#3501=ORIENTED_EDGE('',*,*,#2468,.T.);
#3502=ORIENTED_EDGE('',*,*,#2431,.T.);
#3503=ORIENTED_EDGE('',*,*,#2479,.F.);
#3504=ORIENTED_EDGE('',*,*,#2446,.T.);
#3505=ORIENTED_EDGE('',*,*,#2469,.T.);
#3506=ORIENTED_EDGE('',*,*,#2481,.F.);
#3507=ORIENTED_EDGE('',*,*,#2430,.T.);
#3508=ORIENTED_EDGE('',*,*,#2414,.F.);
#3509=ORIENTED_EDGE('',*,*,#2482,.F.);
#3510=ORIENTED_EDGE('',*,*,#2423,.F.);
#3511=ORIENTED_EDGE('',*,*,#2472,.F.);
#3512=ORIENTED_EDGE('',*,*,#2466,.T.);
#3513=ORIENTED_EDGE('',*,*,#2477,.F.);
#3514=ORIENTED_EDGE('',*,*,#2482,.T.);
#3515=ORIENTED_EDGE('',*,*,#2473,.F.);
#3516=ORIENTED_EDGE('',*,*,#2483,.T.);
#3517=ORIENTED_EDGE('',*,*,#2484,.F.);
#3518=ORIENTED_EDGE('',*,*,#2485,.F.);
#3519=ORIENTED_EDGE('',*,*,#2483,.F.);
#3520=ORIENTED_EDGE('',*,*,#2484,.T.);
#3521=ORIENTED_EDGE('',*,*,#2485,.T.);
#3522=ORIENTED_EDGE('',*,*,#2486,.T.);
#3523=ORIENTED_EDGE('',*,*,#2487,.T.);
#3524=ORIENTED_EDGE('',*,*,#2488,.T.);
#3525=ORIENTED_EDGE('',*,*,#2489,.T.);
#3526=ORIENTED_EDGE('',*,*,#2488,.F.);
#3527=ORIENTED_EDGE('',*,*,#2490,.F.);
#3528=ORIENTED_EDGE('',*,*,#2491,.F.);
#3529=ORIENTED_EDGE('',*,*,#2492,.T.);
#3530=ORIENTED_EDGE('',*,*,#2493,.T.);
#3531=ORIENTED_EDGE('',*,*,#2487,.F.);
#3532=ORIENTED_EDGE('',*,*,#2494,.T.);
#3533=ORIENTED_EDGE('',*,*,#2495,.F.);
#3534=ORIENTED_EDGE('',*,*,#2490,.T.);
#3535=ORIENTED_EDGE('',*,*,#2496,.T.);
#3536=ORIENTED_EDGE('',*,*,#2497,.T.);
#3537=ORIENTED_EDGE('',*,*,#2498,.T.);
#3538=ORIENTED_EDGE('',*,*,#2499,.T.);
#3539=ORIENTED_EDGE('',*,*,#2496,.F.);
#3540=ORIENTED_EDGE('',*,*,#2500,.T.);
#3541=ORIENTED_EDGE('',*,*,#2501,.T.);
#3542=ORIENTED_EDGE('',*,*,#2502,.F.);
#3543=ORIENTED_EDGE('',*,*,#2503,.F.);
#3544=ORIENTED_EDGE('',*,*,#2504,.T.);
#3545=ORIENTED_EDGE('',*,*,#2505,.T.);
#3546=ORIENTED_EDGE('',*,*,#2506,.F.);
#3547=ORIENTED_EDGE('',*,*,#2507,.F.);
#3548=ORIENTED_EDGE('',*,*,#2489,.F.);
#3549=ORIENTED_EDGE('',*,*,#2493,.F.);
#3550=ORIENTED_EDGE('',*,*,#2508,.F.);
#3551=ORIENTED_EDGE('',*,*,#2500,.F.);
#3552=ORIENTED_EDGE('',*,*,#2499,.F.);
#3553=ORIENTED_EDGE('',*,*,#2509,.F.);
#3554=ORIENTED_EDGE('',*,*,#2510,.F.);
#3555=ORIENTED_EDGE('',*,*,#2511,.F.);
#3556=ORIENTED_EDGE('',*,*,#2512,.F.);
#3557=ORIENTED_EDGE('',*,*,#2513,.F.);
#3558=ORIENTED_EDGE('',*,*,#2514,.F.);
#3559=ORIENTED_EDGE('',*,*,#2515,.F.);
#3560=ORIENTED_EDGE('',*,*,#2516,.F.);
#3561=ORIENTED_EDGE('',*,*,#2517,.F.);
#3562=ORIENTED_EDGE('',*,*,#2518,.F.);
#3563=ORIENTED_EDGE('',*,*,#2505,.F.);
#3564=ORIENTED_EDGE('',*,*,#2519,.T.);
#3565=ORIENTED_EDGE('',*,*,#2520,.T.);
#3566=ORIENTED_EDGE('',*,*,#2521,.T.);
#3567=ORIENTED_EDGE('',*,*,#2522,.T.);
#3568=ORIENTED_EDGE('',*,*,#2512,.T.);
#3569=ORIENTED_EDGE('',*,*,#2520,.F.);
#3570=ORIENTED_EDGE('',*,*,#2511,.T.);
#3571=ORIENTED_EDGE('',*,*,#2523,.T.);
#3572=ORIENTED_EDGE('',*,*,#2524,.F.);
#3573=ORIENTED_EDGE('',*,*,#2525,.F.);
#3574=ORIENTED_EDGE('',*,*,#2526,.F.);
#3575=ORIENTED_EDGE('',*,*,#2527,.T.);
#3576=ORIENTED_EDGE('',*,*,#2528,.T.);
#3577=ORIENTED_EDGE('',*,*,#2529,.T.);
#3578=ORIENTED_EDGE('',*,*,#2516,.T.);
#3579=ORIENTED_EDGE('',*,*,#2527,.F.);
#3580=ORIENTED_EDGE('',*,*,#2515,.T.);
#3581=ORIENTED_EDGE('',*,*,#2530,.T.);
#3582=ORIENTED_EDGE('',*,*,#2531,.F.);
#3583=ORIENTED_EDGE('',*,*,#2532,.F.);
#3584=ORIENTED_EDGE('',*,*,#2504,.F.);
#3585=ORIENTED_EDGE('',*,*,#2533,.T.);
#3586=ORIENTED_EDGE('',*,*,#2534,.F.);
#3587=ORIENTED_EDGE('',*,*,#2533,.F.);
#3588=ORIENTED_EDGE('',*,*,#2519,.F.);
#3589=ORIENTED_EDGE('',*,*,#2534,.T.);
#3590=ORIENTED_EDGE('',*,*,#2486,.F.);
#3591=ORIENTED_EDGE('',*,*,#2507,.T.);
#3592=ORIENTED_EDGE('',*,*,#2535,.T.);
#3593=ORIENTED_EDGE('',*,*,#2536,.F.);
#3594=ORIENTED_EDGE('',*,*,#2537,.F.);
#3595=ORIENTED_EDGE('',*,*,#2494,.F.);
#3596=ORIENTED_EDGE('',*,*,#2529,.F.);
#3597=ORIENTED_EDGE('',*,*,#2538,.F.);
#3598=ORIENTED_EDGE('',*,*,#2539,.F.);
#3599=ORIENTED_EDGE('',*,*,#2540,.T.);
#3600=ORIENTED_EDGE('',*,*,#2541,.T.);
#3601=ORIENTED_EDGE('',*,*,#2517,.T.);
#3602=ORIENTED_EDGE('',*,*,#2528,.F.);
#3603=ORIENTED_EDGE('',*,*,#2532,.T.);
#3604=ORIENTED_EDGE('',*,*,#2542,.F.);
#3605=ORIENTED_EDGE('',*,*,#2538,.T.);
#3606=ORIENTED_EDGE('',*,*,#2514,.T.);
#3607=ORIENTED_EDGE('',*,*,#2543,.F.);
#3608=ORIENTED_EDGE('',*,*,#2544,.F.);
#3609=ORIENTED_EDGE('',*,*,#2530,.F.);
#3610=ORIENTED_EDGE('',*,*,#2506,.T.);
#3611=ORIENTED_EDGE('',*,*,#2518,.T.);
#3612=ORIENTED_EDGE('',*,*,#2541,.F.);
#3613=ORIENTED_EDGE('',*,*,#2545,.F.);
#3614=ORIENTED_EDGE('',*,*,#2535,.F.);
#3615=ORIENTED_EDGE('',*,*,#2510,.T.);
#3616=ORIENTED_EDGE('',*,*,#2546,.F.);
#3617=ORIENTED_EDGE('',*,*,#2547,.F.);
#3618=ORIENTED_EDGE('',*,*,#2523,.F.);
#3619=ORIENTED_EDGE('',*,*,#2522,.F.);
#3620=ORIENTED_EDGE('',*,*,#2548,.F.);
#3621=ORIENTED_EDGE('',*,*,#2549,.F.);
#3622=ORIENTED_EDGE('',*,*,#2543,.T.);
#3623=ORIENTED_EDGE('',*,*,#2513,.T.);
#3624=ORIENTED_EDGE('',*,*,#2539,.T.);
#3625=ORIENTED_EDGE('',*,*,#2542,.T.);
#3626=ORIENTED_EDGE('',*,*,#2531,.T.);
#3627=ORIENTED_EDGE('',*,*,#2550,.T.);
#3628=ORIENTED_EDGE('',*,*,#2551,.T.);
#3629=ORIENTED_EDGE('',*,*,#2491,.T.);
#3630=ORIENTED_EDGE('',*,*,#2495,.T.);
#3631=ORIENTED_EDGE('',*,*,#2537,.T.);
#3632=ORIENTED_EDGE('',*,*,#2552,.T.);
#3633=ORIENTED_EDGE('',*,*,#2552,.F.);
#3634=ORIENTED_EDGE('',*,*,#2536,.T.);
#3635=ORIENTED_EDGE('',*,*,#2545,.T.);
#3636=ORIENTED_EDGE('',*,*,#2540,.F.);
#3637=ORIENTED_EDGE('',*,*,#2553,.T.);
#3638=ORIENTED_EDGE('',*,*,#2554,.T.);
#3639=ORIENTED_EDGE('',*,*,#2502,.T.);
#3640=ORIENTED_EDGE('',*,*,#2555,.T.);
#3641=ORIENTED_EDGE('',*,*,#2549,.T.);
#3642=ORIENTED_EDGE('',*,*,#2556,.T.);
#3643=ORIENTED_EDGE('',*,*,#2525,.T.);
#3644=ORIENTED_EDGE('',*,*,#2557,.T.);
#3645=ORIENTED_EDGE('',*,*,#2521,.F.);
#3646=ORIENTED_EDGE('',*,*,#2526,.T.);
#3647=ORIENTED_EDGE('',*,*,#2556,.F.);
#3648=ORIENTED_EDGE('',*,*,#2548,.T.);
#3649=ORIENTED_EDGE('',*,*,#2497,.F.);
#3650=ORIENTED_EDGE('',*,*,#2503,.T.);
#3651=ORIENTED_EDGE('',*,*,#2554,.F.);
#3652=ORIENTED_EDGE('',*,*,#2558,.T.);
#3653=ORIENTED_EDGE('',*,*,#2498,.F.);
#3654=ORIENTED_EDGE('',*,*,#2558,.F.);
#3655=ORIENTED_EDGE('',*,*,#2553,.F.);
#3656=ORIENTED_EDGE('',*,*,#2559,.T.);
#3657=ORIENTED_EDGE('',*,*,#2546,.T.);
#3658=ORIENTED_EDGE('',*,*,#2509,.T.);
#3659=ORIENTED_EDGE('',*,*,#2557,.F.);
#3660=ORIENTED_EDGE('',*,*,#2524,.T.);
#3661=ORIENTED_EDGE('',*,*,#2547,.T.);
#3662=ORIENTED_EDGE('',*,*,#2559,.F.);
#3663=ORIENTED_EDGE('',*,*,#2508,.T.);
#3664=ORIENTED_EDGE('',*,*,#2492,.F.);
#3665=ORIENTED_EDGE('',*,*,#2560,.F.);
#3666=ORIENTED_EDGE('',*,*,#2501,.F.);
#3667=ORIENTED_EDGE('',*,*,#2550,.F.);
#3668=ORIENTED_EDGE('',*,*,#2544,.T.);
#3669=ORIENTED_EDGE('',*,*,#2555,.F.);
#3670=ORIENTED_EDGE('',*,*,#2560,.T.);
#3671=ORIENTED_EDGE('',*,*,#2551,.F.);
#3672=ORIENTED_EDGE('',*,*,#2561,.T.);
#3673=ORIENTED_EDGE('',*,*,#2562,.F.);
#3674=ORIENTED_EDGE('',*,*,#2563,.F.);
#3675=ORIENTED_EDGE('',*,*,#2561,.F.);
#3676=ORIENTED_EDGE('',*,*,#2562,.T.);
#3677=ORIENTED_EDGE('',*,*,#2563,.T.);
#3678=ORIENTED_EDGE('',*,*,#2564,.T.);
#3679=ORIENTED_EDGE('',*,*,#2565,.T.);
#3680=ORIENTED_EDGE('',*,*,#2566,.T.);
#3681=ORIENTED_EDGE('',*,*,#2567,.T.);
#3682=ORIENTED_EDGE('',*,*,#2568,.T.);
#3683=ORIENTED_EDGE('',*,*,#2567,.F.);
#3684=ORIENTED_EDGE('',*,*,#2569,.T.);
#3685=ORIENTED_EDGE('',*,*,#2570,.T.);
#3686=ORIENTED_EDGE('',*,*,#2571,.T.);
#3687=ORIENTED_EDGE('',*,*,#2572,.T.);
#3688=ORIENTED_EDGE('',*,*,#2573,.T.);
#3689=ORIENTED_EDGE('',*,*,#2570,.F.);
#3690=ORIENTED_EDGE('',*,*,#2564,.F.);
#3691=ORIENTED_EDGE('',*,*,#2574,.F.);
#3692=ORIENTED_EDGE('',*,*,#2575,.F.);
#3693=ORIENTED_EDGE('',*,*,#2576,.T.);
#3694=ORIENTED_EDGE('',*,*,#2568,.F.);
#3695=ORIENTED_EDGE('',*,*,#2577,.F.);
#3696=ORIENTED_EDGE('',*,*,#2578,.F.);
#3697=ORIENTED_EDGE('',*,*,#2574,.T.);
#3698=ORIENTED_EDGE('',*,*,#2573,.F.);
#3699=ORIENTED_EDGE('',*,*,#2579,.F.);
#3700=ORIENTED_EDGE('',*,*,#2580,.F.);
#3701=ORIENTED_EDGE('',*,*,#2577,.T.);
#3702=ORIENTED_EDGE('',*,*,#2565,.F.);
#3703=ORIENTED_EDGE('',*,*,#2576,.F.);
#3704=ORIENTED_EDGE('',*,*,#2581,.T.);
#3705=ORIENTED_EDGE('',*,*,#2579,.T.);
#3706=ORIENTED_EDGE('',*,*,#2572,.F.);
#3707=ORIENTED_EDGE('',*,*,#2582,.F.);
#3708=ORIENTED_EDGE('',*,*,#2580,.T.);
#3709=ORIENTED_EDGE('',*,*,#2581,.F.);
#3710=ORIENTED_EDGE('',*,*,#2575,.T.);
#3711=ORIENTED_EDGE('',*,*,#2578,.T.);
#3712=ORIENTED_EDGE('',*,*,#2566,.F.);
#3713=ORIENTED_EDGE('',*,*,#2582,.T.);
#3714=ORIENTED_EDGE('',*,*,#2571,.F.);
#3715=ORIENTED_EDGE('',*,*,#2569,.F.);
#3716=ORIENTED_EDGE('',*,*,#2583,.T.);
#3717=ORIENTED_EDGE('',*,*,#2584,.F.);
#3718=ORIENTED_EDGE('',*,*,#2585,.F.);
#3719=ORIENTED_EDGE('',*,*,#2586,.F.);
#3720=ORIENTED_EDGE('',*,*,#2585,.T.);
#3721=ORIENTED_EDGE('',*,*,#2587,.F.);
#3722=ORIENTED_EDGE('',*,*,#2588,.F.);
#3723=ORIENTED_EDGE('',*,*,#2589,.F.);
#3724=ORIENTED_EDGE('',*,*,#2588,.T.);
#3725=ORIENTED_EDGE('',*,*,#2590,.F.);
#3726=ORIENTED_EDGE('',*,*,#2591,.F.);
#3727=ORIENTED_EDGE('',*,*,#2592,.F.);
#3728=ORIENTED_EDGE('',*,*,#2591,.T.);
#3729=ORIENTED_EDGE('',*,*,#2593,.F.);
#3730=ORIENTED_EDGE('',*,*,#2583,.F.);
#3731=ORIENTED_EDGE('',*,*,#2594,.F.);
#3732=ORIENTED_EDGE('',*,*,#2584,.T.);
#3733=ORIENTED_EDGE('',*,*,#2593,.T.);
#3734=ORIENTED_EDGE('',*,*,#2590,.T.);
#3735=ORIENTED_EDGE('',*,*,#2587,.T.);
#3736=ORIENTED_EDGE('',*,*,#2595,.T.);
#3737=ORIENTED_EDGE('',*,*,#2596,.T.);
#3738=ORIENTED_EDGE('',*,*,#2597,.T.);
#3739=ORIENTED_EDGE('',*,*,#2598,.T.);
#3740=ORIENTED_EDGE('',*,*,#2599,.T.);
#3741=ORIENTED_EDGE('',*,*,#2600,.T.);
#3742=ORIENTED_EDGE('',*,*,#2601,.T.);
#3743=ORIENTED_EDGE('',*,*,#2602,.T.);
#3744=ORIENTED_EDGE('',*,*,#2586,.T.);
#3745=ORIENTED_EDGE('',*,*,#2589,.T.);
#3746=ORIENTED_EDGE('',*,*,#2592,.T.);
#3747=ORIENTED_EDGE('',*,*,#2594,.T.);
#3748=ORIENTED_EDGE('',*,*,#2598,.F.);
#3749=ORIENTED_EDGE('',*,*,#2603,.F.);
#3750=ORIENTED_EDGE('',*,*,#2604,.T.);
#3751=ORIENTED_EDGE('',*,*,#2605,.T.);
#3752=ORIENTED_EDGE('',*,*,#2606,.T.);
#3753=ORIENTED_EDGE('',*,*,#2595,.F.);
#3754=ORIENTED_EDGE('',*,*,#2607,.F.);
#3755=ORIENTED_EDGE('',*,*,#2608,.T.);
#3756=ORIENTED_EDGE('',*,*,#2603,.T.);
#3757=ORIENTED_EDGE('',*,*,#2597,.F.);
#3758=ORIENTED_EDGE('',*,*,#2609,.T.);
#3759=ORIENTED_EDGE('',*,*,#2610,.T.);
#3760=ORIENTED_EDGE('',*,*,#2604,.F.);
#3761=ORIENTED_EDGE('',*,*,#2608,.F.);
#3762=ORIENTED_EDGE('',*,*,#2611,.F.);
#3763=ORIENTED_EDGE('',*,*,#2612,.F.);
#3764=ORIENTED_EDGE('',*,*,#2602,.F.);
#3765=ORIENTED_EDGE('',*,*,#2613,.F.);
#3766=ORIENTED_EDGE('',*,*,#2611,.T.);
#3767=ORIENTED_EDGE('',*,*,#2607,.T.);
#3768=ORIENTED_EDGE('',*,*,#2614,.T.);
#3769=ORIENTED_EDGE('',*,*,#2599,.F.);
#3770=ORIENTED_EDGE('',*,*,#2605,.F.);
#3771=ORIENTED_EDGE('',*,*,#2612,.T.);
#3772=ORIENTED_EDGE('',*,*,#2613,.T.);
#3773=ORIENTED_EDGE('',*,*,#2601,.F.);
#3774=ORIENTED_EDGE('',*,*,#2615,.T.);
#3775=ORIENTED_EDGE('',*,*,#2616,.T.);
#3776=ORIENTED_EDGE('',*,*,#2617,.T.);
#3777=ORIENTED_EDGE('',*,*,#2615,.F.);
#3778=ORIENTED_EDGE('',*,*,#2618,.T.);
#3779=ORIENTED_EDGE('',*,*,#2619,.T.);
#3780=ORIENTED_EDGE('',*,*,#2620,.T.);
#3781=ORIENTED_EDGE('',*,*,#2606,.F.);
#3782=ORIENTED_EDGE('',*,*,#2621,.T.);
#3783=ORIENTED_EDGE('',*,*,#2609,.F.);
#3784=ORIENTED_EDGE('',*,*,#2622,.T.);
#3785=ORIENTED_EDGE('',*,*,#2623,.T.);
#3786=ORIENTED_EDGE('',*,*,#2624,.T.);
#3787=ORIENTED_EDGE('',*,*,#2614,.F.);
#3788=ORIENTED_EDGE('',*,*,#2617,.F.);
#3789=ORIENTED_EDGE('',*,*,#2610,.F.);
#3790=ORIENTED_EDGE('',*,*,#2621,.F.);
#3791=ORIENTED_EDGE('',*,*,#2616,.F.);
#3792=ORIENTED_EDGE('',*,*,#2596,.F.);
#3793=ORIENTED_EDGE('',*,*,#2620,.F.);
#3794=ORIENTED_EDGE('',*,*,#2625,.T.);
#3795=ORIENTED_EDGE('',*,*,#2622,.F.);
#3796=ORIENTED_EDGE('',*,*,#2619,.F.);
#3797=ORIENTED_EDGE('',*,*,#2626,.T.);
#3798=ORIENTED_EDGE('',*,*,#2623,.F.);
#3799=ORIENTED_EDGE('',*,*,#2625,.F.);
#3800=ORIENTED_EDGE('',*,*,#2600,.F.);
#3801=ORIENTED_EDGE('',*,*,#2624,.F.);
#3802=ORIENTED_EDGE('',*,*,#2626,.F.);
#3803=ORIENTED_EDGE('',*,*,#2618,.F.);
#3804=ORIENTED_EDGE('',*,*,#2627,.T.);
#3805=ORIENTED_EDGE('',*,*,#2628,.T.);
#3806=ORIENTED_EDGE('',*,*,#2629,.T.);
#3807=ORIENTED_EDGE('',*,*,#2630,.T.);
#3808=ORIENTED_EDGE('',*,*,#2631,.T.);
#3809=ORIENTED_EDGE('',*,*,#2630,.F.);
#3810=ORIENTED_EDGE('',*,*,#2632,.T.);
#3811=ORIENTED_EDGE('',*,*,#2633,.T.);
#3812=ORIENTED_EDGE('',*,*,#2634,.T.);
#3813=ORIENTED_EDGE('',*,*,#2635,.T.);
#3814=ORIENTED_EDGE('',*,*,#2636,.T.);
#3815=ORIENTED_EDGE('',*,*,#2633,.F.);
#3816=ORIENTED_EDGE('',*,*,#2627,.F.);
#3817=ORIENTED_EDGE('',*,*,#2637,.F.);
#3818=ORIENTED_EDGE('',*,*,#2638,.F.);
#3819=ORIENTED_EDGE('',*,*,#2639,.T.);
#3820=ORIENTED_EDGE('',*,*,#2631,.F.);
#3821=ORIENTED_EDGE('',*,*,#2640,.F.);
#3822=ORIENTED_EDGE('',*,*,#2641,.F.);
#3823=ORIENTED_EDGE('',*,*,#2637,.T.);
#3824=ORIENTED_EDGE('',*,*,#2636,.F.);
#3825=ORIENTED_EDGE('',*,*,#2642,.F.);
#3826=ORIENTED_EDGE('',*,*,#2643,.F.);
#3827=ORIENTED_EDGE('',*,*,#2640,.T.);
#3828=ORIENTED_EDGE('',*,*,#2628,.F.);
#3829=ORIENTED_EDGE('',*,*,#2639,.F.);
#3830=ORIENTED_EDGE('',*,*,#2644,.T.);
#3831=ORIENTED_EDGE('',*,*,#2642,.T.);
#3832=ORIENTED_EDGE('',*,*,#2635,.F.);
#3833=ORIENTED_EDGE('',*,*,#2645,.F.);
#3834=ORIENTED_EDGE('',*,*,#2643,.T.);
#3835=ORIENTED_EDGE('',*,*,#2644,.F.);
#3836=ORIENTED_EDGE('',*,*,#2638,.T.);
#3837=ORIENTED_EDGE('',*,*,#2641,.T.);
#3838=ORIENTED_EDGE('',*,*,#2629,.F.);
#3839=ORIENTED_EDGE('',*,*,#2645,.T.);
#3840=ORIENTED_EDGE('',*,*,#2634,.F.);
#3841=ORIENTED_EDGE('',*,*,#2632,.F.);
#3842=ORIENTED_EDGE('',*,*,#2646,.T.);
#3843=ORIENTED_EDGE('',*,*,#2647,.F.);
#3844=ORIENTED_EDGE('',*,*,#2648,.F.);
#3845=ORIENTED_EDGE('',*,*,#2649,.F.);
#3846=ORIENTED_EDGE('',*,*,#2648,.T.);
#3847=ORIENTED_EDGE('',*,*,#2650,.F.);
#3848=ORIENTED_EDGE('',*,*,#2651,.F.);
#3849=ORIENTED_EDGE('',*,*,#2652,.F.);
#3850=ORIENTED_EDGE('',*,*,#2651,.T.);
#3851=ORIENTED_EDGE('',*,*,#2653,.F.);
#3852=ORIENTED_EDGE('',*,*,#2654,.F.);
#3853=ORIENTED_EDGE('',*,*,#2655,.F.);
#3854=ORIENTED_EDGE('',*,*,#2654,.T.);
#3855=ORIENTED_EDGE('',*,*,#2656,.F.);
#3856=ORIENTED_EDGE('',*,*,#2646,.F.);
#3857=ORIENTED_EDGE('',*,*,#2657,.F.);
#3858=ORIENTED_EDGE('',*,*,#2647,.T.);
#3859=ORIENTED_EDGE('',*,*,#2656,.T.);
#3860=ORIENTED_EDGE('',*,*,#2653,.T.);
#3861=ORIENTED_EDGE('',*,*,#2650,.T.);
#3862=ORIENTED_EDGE('',*,*,#2658,.T.);
#3863=ORIENTED_EDGE('',*,*,#2659,.T.);
#3864=ORIENTED_EDGE('',*,*,#2660,.T.);
#3865=ORIENTED_EDGE('',*,*,#2661,.T.);
#3866=ORIENTED_EDGE('',*,*,#2662,.T.);
#3867=ORIENTED_EDGE('',*,*,#2663,.T.);
#3868=ORIENTED_EDGE('',*,*,#2664,.T.);
#3869=ORIENTED_EDGE('',*,*,#2665,.T.);
#3870=ORIENTED_EDGE('',*,*,#2649,.T.);
#3871=ORIENTED_EDGE('',*,*,#2652,.T.);
#3872=ORIENTED_EDGE('',*,*,#2655,.T.);
#3873=ORIENTED_EDGE('',*,*,#2657,.T.);
#3874=ORIENTED_EDGE('',*,*,#2661,.F.);
#3875=ORIENTED_EDGE('',*,*,#2666,.F.);
#3876=ORIENTED_EDGE('',*,*,#2667,.T.);
#3877=ORIENTED_EDGE('',*,*,#2668,.T.);
#3878=ORIENTED_EDGE('',*,*,#2669,.T.);
#3879=ORIENTED_EDGE('',*,*,#2658,.F.);
#3880=ORIENTED_EDGE('',*,*,#2670,.F.);
#3881=ORIENTED_EDGE('',*,*,#2671,.T.);
#3882=ORIENTED_EDGE('',*,*,#2666,.T.);
#3883=ORIENTED_EDGE('',*,*,#2660,.F.);
#3884=ORIENTED_EDGE('',*,*,#2672,.T.);
#3885=ORIENTED_EDGE('',*,*,#2673,.T.);
#3886=ORIENTED_EDGE('',*,*,#2667,.F.);
#3887=ORIENTED_EDGE('',*,*,#2671,.F.);
#3888=ORIENTED_EDGE('',*,*,#2674,.F.);
#3889=ORIENTED_EDGE('',*,*,#2675,.F.);
#3890=ORIENTED_EDGE('',*,*,#2665,.F.);
#3891=ORIENTED_EDGE('',*,*,#2676,.F.);
#3892=ORIENTED_EDGE('',*,*,#2674,.T.);
#3893=ORIENTED_EDGE('',*,*,#2670,.T.);
#3894=ORIENTED_EDGE('',*,*,#2677,.T.);
#3895=ORIENTED_EDGE('',*,*,#2662,.F.);
#3896=ORIENTED_EDGE('',*,*,#2668,.F.);
#3897=ORIENTED_EDGE('',*,*,#2675,.T.);
#3898=ORIENTED_EDGE('',*,*,#2676,.T.);
#3899=ORIENTED_EDGE('',*,*,#2664,.F.);
#3900=ORIENTED_EDGE('',*,*,#2678,.T.);
#3901=ORIENTED_EDGE('',*,*,#2679,.T.);
#3902=ORIENTED_EDGE('',*,*,#2680,.T.);
#3903=ORIENTED_EDGE('',*,*,#2678,.F.);
#3904=ORIENTED_EDGE('',*,*,#2681,.T.);
#3905=ORIENTED_EDGE('',*,*,#2682,.T.);
#3906=ORIENTED_EDGE('',*,*,#2683,.T.);
#3907=ORIENTED_EDGE('',*,*,#2669,.F.);
#3908=ORIENTED_EDGE('',*,*,#2684,.T.);
#3909=ORIENTED_EDGE('',*,*,#2672,.F.);
#3910=ORIENTED_EDGE('',*,*,#2685,.T.);
#3911=ORIENTED_EDGE('',*,*,#2686,.T.);
#3912=ORIENTED_EDGE('',*,*,#2687,.T.);
#3913=ORIENTED_EDGE('',*,*,#2677,.F.);
#3914=ORIENTED_EDGE('',*,*,#2680,.F.);
#3915=ORIENTED_EDGE('',*,*,#2673,.F.);
#3916=ORIENTED_EDGE('',*,*,#2684,.F.);
#3917=ORIENTED_EDGE('',*,*,#2679,.F.);
#3918=ORIENTED_EDGE('',*,*,#2659,.F.);
#3919=ORIENTED_EDGE('',*,*,#2683,.F.);
#3920=ORIENTED_EDGE('',*,*,#2688,.T.);
#3921=ORIENTED_EDGE('',*,*,#2685,.F.);
#3922=ORIENTED_EDGE('',*,*,#2682,.F.);
#3923=ORIENTED_EDGE('',*,*,#2689,.T.);
#3924=ORIENTED_EDGE('',*,*,#2686,.F.);
#3925=ORIENTED_EDGE('',*,*,#2688,.F.);
#3926=ORIENTED_EDGE('',*,*,#2663,.F.);
#3927=ORIENTED_EDGE('',*,*,#2687,.F.);
#3928=ORIENTED_EDGE('',*,*,#2689,.F.);
#3929=ORIENTED_EDGE('',*,*,#2681,.F.);
#3930=PLANE('',#4403);
#3931=PLANE('',#4404);
#3932=PLANE('',#4405);
#3933=PLANE('',#4406);
#3934=PLANE('',#4407);
#3935=PLANE('',#4408);
#3936=PLANE('',#4409);
#3937=PLANE('',#4410);
#3938=PLANE('',#4411);
#3939=PLANE('',#4412);
#3940=PLANE('',#4413);
#3941=PLANE('',#4414);
#3942=PLANE('',#4415);
#3943=PLANE('',#4416);
#3944=PLANE('',#4417);
#3945=PLANE('',#4418);
#3946=PLANE('',#4419);
#3947=PLANE('',#4420);
#3948=PLANE('',#4421);
#3949=PLANE('',#4422);
#3950=PLANE('',#4423);
#3951=PLANE('',#4424);
#3952=PLANE('',#4425);
#3953=PLANE('',#4426);
#3954=PLANE('',#4427);
#3955=PLANE('',#4428);
#3956=PLANE('',#4429);
#3957=PLANE('',#4430);
#3958=PLANE('',#4431);
#3959=PLANE('',#4437);
#3960=PLANE('',#4443);
#3961=PLANE('',#4449);
#3962=PLANE('',#4450);
#3963=PLANE('',#4451);
#3964=PLANE('',#4452);
#3965=PLANE('',#4453);
#3966=PLANE('',#4454);
#3967=PLANE('',#4455);
#3968=PLANE('',#4459);
#3969=PLANE('',#4462);
#3970=PLANE('',#4465);
#3971=PLANE('',#4468);
#3972=PLANE('',#4469);
#3973=PLANE('',#4470);
#3974=PLANE('',#4471);
#3975=PLANE('',#4472);
#3976=PLANE('',#4473);
#3977=PLANE('',#4474);
#3978=PLANE('',#4475);
#3979=PLANE('',#4476);
#3980=PLANE('',#4477);
#3981=PLANE('',#4478);
#3982=PLANE('',#4479);
#3983=PLANE('',#4480);
#3984=PLANE('',#4481);
#3985=PLANE('',#4482);
#3986=PLANE('',#4483);
#3987=PLANE('',#4484);
#3988=PLANE('',#4485);
#3989=PLANE('',#4486);
#3990=PLANE('',#4487);
#3991=PLANE('',#4488);
#3992=PLANE('',#4489);
#3993=PLANE('',#4490);
#3994=PLANE('',#4491);
#3995=PLANE('',#4492);
#3996=PLANE('',#4500);
#3997=PLANE('',#4501);
#3998=PLANE('',#4502);
#3999=PLANE('',#4503);
#4000=PLANE('',#4504);
#4001=PLANE('',#4505);
#4002=PLANE('',#4506);
#4003=PLANE('',#4507);
#4004=PLANE('',#4508);
#4005=PLANE('',#4509);
#4006=PLANE('',#4510);
#4007=PLANE('',#4511);
#4008=PLANE('',#4512);
#4009=PLANE('',#4513);
#4010=PLANE('',#4514);
#4011=PLANE('',#4515);
#4012=PLANE('',#4516);
#4013=PLANE('',#4517);
#4014=PLANE('',#4518);
#4015=PLANE('',#4519);
#4016=PLANE('',#4520);
#4017=PLANE('',#4521);
#4018=PLANE('',#4522);
#4019=PLANE('',#4529);
#4020=PLANE('',#4536);
#4021=PLANE('',#4543);
#4022=PLANE('',#4547);
#4023=PLANE('',#4548);
#4024=PLANE('',#4553);
#4025=PLANE('',#4566);
#4026=PLANE('',#4569);
#4027=PLANE('',#4572);
#4028=PLANE('',#4573);
#4029=PLANE('',#4574);
#4030=PLANE('',#4575);
#4031=PLANE('',#4577);
#4032=PLANE('',#4579);
#4033=PLANE('',#4580);
#4034=PLANE('',#4581);
#4035=PLANE('',#4585);
#4036=PLANE('',#4590);
#4037=PLANE('',#4591);
#4038=PLANE('',#4592);
#4039=PLANE('',#4593);
#4040=PLANE('',#4594);
#4041=PLANE('',#4599);
#4042=PLANE('',#4603);
#4043=PLANE('',#4604);
#4044=PLANE('',#4609);
#4045=PLANE('',#4622);
#4046=PLANE('',#4625);
#4047=PLANE('',#4628);
#4048=PLANE('',#4629);
#4049=PLANE('',#4630);
#4050=PLANE('',#4631);
#4051=PLANE('',#4633);
#4052=PLANE('',#4635);
#4053=PLANE('',#4636);
#4054=PLANE('',#4637);
#4055=PLANE('',#4641);
#4056=PLANE('',#4646);
#4057=PLANE('',#4647);
#4058=PLANE('',#4648);
#4059=PLANE('',#4649);
#4060=PLANE('',#4650);
#4061=PLANE('',#4655);
#4062=PLANE('',#4659);
#4063=PLANE('',#4660);
#4064=PLANE('',#4665);
#4065=PLANE('',#4678);
#4066=PLANE('',#4681);
#4067=PLANE('',#4684);
#4068=PLANE('',#4685);
#4069=PLANE('',#4686);
#4070=PLANE('',#4687);
#4071=PLANE('',#4689);
#4072=PLANE('',#4691);
#4073=PLANE('',#4692);
#4074=PLANE('',#4693);
#4075=PLANE('',#4697);
#4076=PLANE('',#4702);
#4077=PLANE('',#4703);
#4078=PLANE('',#4704);
#4079=PLANE('',#4705);
#4080=PLANE('',#4706);
#4081=PLANE('',#4711);
#4082=PLANE('',#4719);
#4083=PLANE('',#4720);
#4084=PLANE('',#4721);
#4085=PLANE('',#4722);
#4086=PLANE('',#4723);
#4087=PLANE('',#4724);
#4088=PLANE('',#4725);
#4089=PLANE('',#4726);
#4090=PLANE('',#4727);
#4091=PLANE('',#4728);
#4092=PLANE('',#4729);
#4093=PLANE('',#4730);
#4094=PLANE('',#4731);
#4095=PLANE('',#4732);
#4096=PLANE('',#4733);
#4097=PLANE('',#4734);
#4098=PLANE('',#4735);
#4099=PLANE('',#4736);
#4100=PLANE('',#4737);
#4101=PLANE('',#4738);
#4102=PLANE('',#4739);
#4103=PLANE('',#4740);
#4104=PLANE('',#4741);
#4105=PLANE('',#4749);
#4106=PLANE('',#4750);
#4107=PLANE('',#4751);
#4108=PLANE('',#4752);
#4109=PLANE('',#4753);
#4110=PLANE('',#4754);
#4111=PLANE('',#4755);
#4112=PLANE('',#4756);
#4113=PLANE('',#4757);
#4114=PLANE('',#4758);
#4115=PLANE('',#4759);
#4116=PLANE('',#4760);
#4117=PLANE('',#4761);
#4118=PLANE('',#4762);
#4119=PLANE('',#4763);
#4120=PLANE('',#4764);
#4121=PLANE('',#4765);
#4122=PLANE('',#4766);
#4123=PLANE('',#4767);
#4124=PLANE('',#4768);
#4125=PLANE('',#4769);
#4126=PLANE('',#4770);
#4127=PLANE('',#4771);
#4128=ADVANCED_FACE('',(#282),#3930,.F.);
#4129=ADVANCED_FACE('',(#283),#3931,.T.);
#4130=ADVANCED_FACE('',(#284),#3932,.T.);
#4131=ADVANCED_FACE('',(#285),#3933,.F.);
#4132=ADVANCED_FACE('',(#286),#3934,.F.);
#4133=ADVANCED_FACE('',(#287),#3935,.T.);
#4134=ADVANCED_FACE('',(#288),#3936,.T.);
#4135=ADVANCED_FACE('',(#289),#3937,.F.);
#4136=ADVANCED_FACE('',(#290),#3938,.T.);
#4137=ADVANCED_FACE('',(#291),#3939,.F.);
#4138=ADVANCED_FACE('',(#292),#3940,.F.);
#4139=ADVANCED_FACE('',(#293),#3941,.T.);
#4140=ADVANCED_FACE('',(#294),#3942,.F.);
#4141=ADVANCED_FACE('',(#295),#3943,.T.);
#4142=ADVANCED_FACE('',(#296),#3944,.T.);
#4143=ADVANCED_FACE('',(#297),#3945,.T.);
#4144=ADVANCED_FACE('',(#298),#3946,.T.);
#4145=ADVANCED_FACE('',(#299),#3947,.T.);
#4146=ADVANCED_FACE('',(#300),#3948,.T.);
#4147=ADVANCED_FACE('',(#301),#3949,.T.);
#4148=ADVANCED_FACE('',(#302),#3950,.T.);
#4149=ADVANCED_FACE('',(#303),#3951,.T.);
#4150=ADVANCED_FACE('',(#304),#3952,.T.);
#4151=ADVANCED_FACE('',(#305),#3953,.T.);
#4152=ADVANCED_FACE('',(#306),#3954,.F.);
#4153=ADVANCED_FACE('',(#307),#3955,.F.);
#4154=ADVANCED_FACE('',(#308),#3956,.F.);
#4155=ADVANCED_FACE('',(#309),#3957,.F.);
#4156=ADVANCED_FACE('',(#310),#3958,.T.);
#4157=ADVANCED_FACE('',(#311),#258,.F.);
#4158=ADVANCED_FACE('',(#312),#3959,.F.);
#4159=ADVANCED_FACE('',(#313),#259,.F.);
#4160=ADVANCED_FACE('',(#314),#3960,.F.);
#4161=ADVANCED_FACE('',(#315),#260,.F.);
#4162=ADVANCED_FACE('',(#316),#3961,.F.);
#4163=ADVANCED_FACE('',(#317),#3962,.T.);
#4164=ADVANCED_FACE('',(#318),#3963,.T.);
#4165=ADVANCED_FACE('',(#319),#3964,.T.);
#4166=ADVANCED_FACE('',(#320),#3965,.T.);
#4167=ADVANCED_FACE('',(#321,#123,#124,#125),#3966,.T.);
#4168=ADVANCED_FACE('',(#322,#126,#127,#128),#3967,.T.);
#4169=ADVANCED_FACE('',(#323),#3968,.T.);
#4170=ADVANCED_FACE('',(#324),#261,.F.);
#4171=ADVANCED_FACE('',(#325),#3969,.T.);
#4172=ADVANCED_FACE('',(#326),#262,.F.);
#4173=ADVANCED_FACE('',(#327),#3970,.T.);
#4174=ADVANCED_FACE('',(#328),#263,.F.);
#4175=ADVANCED_FACE('',(#329),#3971,.T.);
#4176=ADVANCED_FACE('',(#330),#3972,.T.);
#4177=ADVANCED_FACE('',(#331),#3973,.T.);
#4178=ADVANCED_FACE('',(#332),#3974,.F.);
#4179=ADVANCED_FACE('',(#333),#3975,.F.);
#4180=ADVANCED_FACE('',(#334),#3976,.F.);
#4181=ADVANCED_FACE('',(#335),#3977,.F.);
#4182=ADVANCED_FACE('',(#336),#3978,.T.);
#4183=ADVANCED_FACE('',(#337),#3979,.F.);
#4184=ADVANCED_FACE('',(#338),#3980,.F.);
#4185=ADVANCED_FACE('',(#339),#3981,.F.);
#4186=ADVANCED_FACE('',(#340),#3982,.F.);
#4187=ADVANCED_FACE('',(#341),#3983,.F.);
#4188=ADVANCED_FACE('',(#342),#3984,.T.);
#4189=ADVANCED_FACE('',(#343),#3985,.F.);
#4190=ADVANCED_FACE('',(#344),#3986,.F.);
#4191=ADVANCED_FACE('',(#345),#3987,.F.);
#4192=ADVANCED_FACE('',(#346),#3988,.F.);
#4193=ADVANCED_FACE('',(#347),#3989,.F.);
#4194=ADVANCED_FACE('',(#348),#3990,.T.);
#4195=ADVANCED_FACE('',(#349),#3991,.F.);
#4196=ADVANCED_FACE('',(#350),#3992,.F.);
#4197=ADVANCED_FACE('',(#351),#3993,.F.);
#4198=ADVANCED_FACE('',(#352),#3994,.F.);
#4199=ADVANCED_FACE('',(#353),#3995,.F.);
#4200=ADVANCED_FACE('',(#354),#264,.T.);
#4201=ADVANCED_FACE('',(#355),#265,.T.);
#4202=ADVANCED_FACE('',(#356),#266,.T.);
#4203=ADVANCED_FACE('',(#357),#3996,.T.);
#4204=ADVANCED_FACE('',(#358),#3997,.T.);
#4205=ADVANCED_FACE('',(#359),#3998,.T.);
#4206=ADVANCED_FACE('',(#360),#3999,.T.);
#4207=ADVANCED_FACE('',(#361),#4000,.T.);
#4208=ADVANCED_FACE('',(#362),#4001,.T.);
#4209=ADVANCED_FACE('',(#363),#4002,.F.);
#4210=ADVANCED_FACE('',(#364),#4003,.F.);
#4211=ADVANCED_FACE('',(#365),#4004,.F.);
#4212=ADVANCED_FACE('',(#366),#4005,.F.);
#4213=ADVANCED_FACE('',(#367,#129),#4006,.F.);
#4214=ADVANCED_FACE('',(#368),#4007,.T.);
#4215=ADVANCED_FACE('',(#369),#4008,.T.);
#4216=ADVANCED_FACE('',(#370),#4009,.T.);
#4217=ADVANCED_FACE('',(#371),#4010,.F.);
#4218=ADVANCED_FACE('',(#372),#4011,.T.);
#4219=ADVANCED_FACE('',(#373),#4012,.T.);
#4220=ADVANCED_FACE('',(#374),#4013,.F.);
#4221=ADVANCED_FACE('',(#375),#4014,.T.);
#4222=ADVANCED_FACE('',(#376),#4015,.T.);
#4223=ADVANCED_FACE('',(#377),#4016,.T.);
#4224=ADVANCED_FACE('',(#378),#4017,.T.);
#4225=ADVANCED_FACE('',(#379),#4018,.T.);
#4226=ADVANCED_FACE('',(#380),#88,.T.);
#4227=ADVANCED_FACE('',(#381),#267,.T.);
#4228=ADVANCED_FACE('',(#382),#4019,.T.);
#4229=ADVANCED_FACE('',(#383),#89,.T.);
#4230=ADVANCED_FACE('',(#384),#268,.T.);
#4231=ADVANCED_FACE('',(#385),#4020,.T.);
#4232=ADVANCED_FACE('',(#386),#90,.T.);
#4233=ADVANCED_FACE('',(#387),#269,.T.);
#4234=ADVANCED_FACE('',(#388),#4021,.T.);
#4235=ADVANCED_FACE('',(#389),#70,.T.);
#4236=ADVANCED_FACE('',(#390),#4022,.T.);
#4237=ADVANCED_FACE('',(#391),#4023,.T.);
#4238=ADVANCED_FACE('',(#392),#71,.T.);
#4239=ADVANCED_FACE('',(#393),#4024,.T.);
#4240=ADVANCED_FACE('',(#394),#270,.F.);
#4241=ADVANCED_FACE('',(#395),#72,.T.);
#4242=ADVANCED_FACE('',(#396),#4025,.T.);
#4243=ADVANCED_FACE('',(#397),#73,.T.);
#4244=ADVANCED_FACE('',(#398),#4026,.T.);
#4245=ADVANCED_FACE('',(#399),#13,.T.);
#4246=ADVANCED_FACE('',(#400),#4027,.F.);
#4247=ADVANCED_FACE('',(#401),#4028,.T.);
#4248=ADVANCED_FACE('',(#402),#4029,.T.);
#4249=ADVANCED_FACE('',(#403),#4030,.T.);
#4250=ADVANCED_FACE('',(#404),#4031,.T.);
#4251=ADVANCED_FACE('',(#405),#4032,.T.);
#4252=ADVANCED_FACE('',(#406),#4033,.T.);
#4253=ADVANCED_FACE('',(#407),#4034,.T.);
#4254=ADVANCED_FACE('',(#408),#74,.T.);
#4255=ADVANCED_FACE('',(#409),#4035,.T.);
#4256=ADVANCED_FACE('',(#410),#75,.T.);
#4257=ADVANCED_FACE('',(#411),#4036,.T.);
#4258=ADVANCED_FACE('',(#412),#4037,.T.);
#4259=ADVANCED_FACE('',(#413),#4038,.T.);
#4260=ADVANCED_FACE('',(#414),#4039,.T.);
#4261=ADVANCED_FACE('',(#415),#4040,.T.);
#4262=ADVANCED_FACE('',(#416),#271,.T.);
#4263=ADVANCED_FACE('',(#417),#4041,.T.);
#4264=ADVANCED_FACE('',(#418),#76,.T.);
#4265=ADVANCED_FACE('',(#419),#4042,.T.);
#4266=ADVANCED_FACE('',(#420),#4043,.T.);
#4267=ADVANCED_FACE('',(#421),#77,.T.);
#4268=ADVANCED_FACE('',(#422),#4044,.T.);
#4269=ADVANCED_FACE('',(#423),#272,.F.);
#4270=ADVANCED_FACE('',(#424),#78,.T.);
#4271=ADVANCED_FACE('',(#425),#4045,.T.);
#4272=ADVANCED_FACE('',(#426),#79,.T.);
#4273=ADVANCED_FACE('',(#427),#4046,.T.);
#4274=ADVANCED_FACE('',(#428),#14,.T.);
#4275=ADVANCED_FACE('',(#429),#4047,.F.);
#4276=ADVANCED_FACE('',(#430),#4048,.T.);
#4277=ADVANCED_FACE('',(#431),#4049,.T.);
#4278=ADVANCED_FACE('',(#432),#4050,.T.);
#4279=ADVANCED_FACE('',(#433),#4051,.T.);
#4280=ADVANCED_FACE('',(#434),#4052,.T.);
#4281=ADVANCED_FACE('',(#435),#4053,.T.);
#4282=ADVANCED_FACE('',(#436),#4054,.T.);
#4283=ADVANCED_FACE('',(#437),#80,.T.);
#4284=ADVANCED_FACE('',(#438),#4055,.T.);
#4285=ADVANCED_FACE('',(#439),#81,.T.);
#4286=ADVANCED_FACE('',(#440),#4056,.T.);
#4287=ADVANCED_FACE('',(#441),#4057,.T.);
#4288=ADVANCED_FACE('',(#442),#4058,.T.);
#4289=ADVANCED_FACE('',(#443),#4059,.T.);
#4290=ADVANCED_FACE('',(#444),#4060,.T.);
#4291=ADVANCED_FACE('',(#445),#273,.T.);
#4292=ADVANCED_FACE('',(#446),#4061,.T.);
#4293=ADVANCED_FACE('',(#447),#82,.T.);
#4294=ADVANCED_FACE('',(#448),#4062,.T.);
#4295=ADVANCED_FACE('',(#449),#4063,.T.);
#4296=ADVANCED_FACE('',(#450),#83,.T.);
#4297=ADVANCED_FACE('',(#451),#4064,.T.);
#4298=ADVANCED_FACE('',(#452),#274,.F.);
#4299=ADVANCED_FACE('',(#453),#84,.T.);
#4300=ADVANCED_FACE('',(#454),#4065,.T.);
#4301=ADVANCED_FACE('',(#455),#85,.T.);
#4302=ADVANCED_FACE('',(#456),#4066,.T.);
#4303=ADVANCED_FACE('',(#457),#15,.T.);
#4304=ADVANCED_FACE('',(#458),#4067,.F.);
#4305=ADVANCED_FACE('',(#459),#4068,.T.);
#4306=ADVANCED_FACE('',(#460),#4069,.T.);
#4307=ADVANCED_FACE('',(#461),#4070,.T.);
#4308=ADVANCED_FACE('',(#462),#4071,.T.);
#4309=ADVANCED_FACE('',(#463),#4072,.T.);
#4310=ADVANCED_FACE('',(#464),#4073,.T.);
#4311=ADVANCED_FACE('',(#465),#4074,.T.);
#4312=ADVANCED_FACE('',(#466),#86,.T.);
#4313=ADVANCED_FACE('',(#467),#4075,.T.);
#4314=ADVANCED_FACE('',(#468),#87,.T.);
#4315=ADVANCED_FACE('',(#469),#4076,.T.);
#4316=ADVANCED_FACE('',(#470),#4077,.T.);
#4317=ADVANCED_FACE('',(#471),#4078,.T.);
#4318=ADVANCED_FACE('',(#472),#4079,.T.);
#4319=ADVANCED_FACE('',(#473),#4080,.T.);
#4320=ADVANCED_FACE('',(#474),#275,.T.);
#4321=ADVANCED_FACE('',(#475),#4081,.T.);
#4322=ADVANCED_FACE('',(#476),#276,.T.);
#4323=ADVANCED_FACE('',(#477),#277,.T.);
#4324=ADVANCED_FACE('',(#478),#278,.T.);
#4325=ADVANCED_FACE('',(#479),#4082,.T.);
#4326=ADVANCED_FACE('',(#480),#4083,.T.);
#4327=ADVANCED_FACE('',(#481),#4084,.T.);
#4328=ADVANCED_FACE('',(#482),#4085,.T.);
#4329=ADVANCED_FACE('',(#483),#4086,.T.);
#4330=ADVANCED_FACE('',(#484),#4087,.T.);
#4331=ADVANCED_FACE('',(#485),#4088,.F.);
#4332=ADVANCED_FACE('',(#486),#4089,.F.);
#4333=ADVANCED_FACE('',(#487),#4090,.F.);
#4334=ADVANCED_FACE('',(#488),#4091,.F.);
#4335=ADVANCED_FACE('',(#489,#130),#4092,.F.);
#4336=ADVANCED_FACE('',(#490),#4093,.T.);
#4337=ADVANCED_FACE('',(#491),#4094,.T.);
#4338=ADVANCED_FACE('',(#492),#4095,.T.);
#4339=ADVANCED_FACE('',(#493),#4096,.F.);
#4340=ADVANCED_FACE('',(#494),#4097,.T.);
#4341=ADVANCED_FACE('',(#495),#4098,.T.);
#4342=ADVANCED_FACE('',(#496),#4099,.F.);
#4343=ADVANCED_FACE('',(#497),#4100,.T.);
#4344=ADVANCED_FACE('',(#498),#4101,.T.);
#4345=ADVANCED_FACE('',(#499),#4102,.T.);
#4346=ADVANCED_FACE('',(#500),#4103,.T.);
#4347=ADVANCED_FACE('',(#501),#4104,.T.);
#4348=ADVANCED_FACE('',(#502),#279,.T.);
#4349=ADVANCED_FACE('',(#503),#280,.T.);
#4350=ADVANCED_FACE('',(#504),#281,.T.);
#4351=ADVANCED_FACE('',(#505),#4105,.T.);
#4352=ADVANCED_FACE('',(#506),#4106,.T.);
#4353=ADVANCED_FACE('',(#507),#4107,.T.);
#4354=ADVANCED_FACE('',(#508),#4108,.T.);
#4355=ADVANCED_FACE('',(#509),#4109,.T.);
#4356=ADVANCED_FACE('',(#510),#4110,.T.);
#4357=ADVANCED_FACE('',(#511),#4111,.F.);
#4358=ADVANCED_FACE('',(#512),#4112,.F.);
#4359=ADVANCED_FACE('',(#513),#4113,.F.);
#4360=ADVANCED_FACE('',(#514),#4114,.F.);
#4361=ADVANCED_FACE('',(#515,#131),#4115,.F.);
#4362=ADVANCED_FACE('',(#516),#4116,.T.);
#4363=ADVANCED_FACE('',(#517),#4117,.T.);
#4364=ADVANCED_FACE('',(#518),#4118,.T.);
#4365=ADVANCED_FACE('',(#519),#4119,.F.);
#4366=ADVANCED_FACE('',(#520),#4120,.T.);
#4367=ADVANCED_FACE('',(#521),#4121,.T.);
#4368=ADVANCED_FACE('',(#522),#4122,.F.);
#4369=ADVANCED_FACE('',(#523),#4123,.T.);
#4370=ADVANCED_FACE('',(#524),#4124,.T.);
#4371=ADVANCED_FACE('',(#525),#4125,.T.);
#4372=ADVANCED_FACE('',(#526),#4126,.T.);
#4373=ADVANCED_FACE('',(#527),#4127,.T.);
#4374=CLOSED_SHELL('',(#4128,#4129,#4130,#4131,#4132,#4133,#4134,#4135,
#4136,#4137,#4138,#4139,#4140,#4141,#4142,#4143,#4144,#4145,#4146,#4147,
#4148,#4149,#4150,#4151,#4152,#4153,#4154,#4155,#4156,#4157,#4158,#4159,
#4160,#4161,#4162,#4163,#4164,#4165,#4166,#4167,#4168,#4169,#4170,#4171,
#4172,#4173,#4174,#4175,#4176,#4177));
#4375=CLOSED_SHELL('',(#4178,#4179,#4180,#4181,#4182,#4183,#4184,#4185,
#4186,#4187));
#4376=CLOSED_SHELL('',(#4188,#4189,#4190,#4191,#4192,#4193));
#4377=CLOSED_SHELL('',(#4194,#4195,#4196,#4197,#4198,#4199));
#4378=CLOSED_SHELL('',(#4200,#4201,#4202,#4203,#4204,#4205,#4206,#4207,
#4208));
#4379=CLOSED_SHELL('',(#4209,#4210,#4211,#4212,#4213,#4214,#4215,#4216,
#4217,#4218,#4219,#4220,#4221,#4222,#4223,#4224,#4225));
#4380=CLOSED_SHELL('',(#4226,#4227,#4228));
#4381=CLOSED_SHELL('',(#4229,#4230,#4231));
#4382=CLOSED_SHELL('',(#4232,#4233,#4234));
#4383=CLOSED_SHELL('',(#4235,#4236,#4237,#4238,#4239,#4240,#4241,#4242,
#4243,#4244,#4245,#4246,#4247,#4248,#4249,#4250,#4251,#4252,#4253,#4254,
#4255,#4256,#4257,#4258,#4259,#4260,#4261,#4262,#4263));
#4384=CLOSED_SHELL('',(#4264,#4265,#4266,#4267,#4268,#4269,#4270,#4271,
#4272,#4273,#4274,#4275,#4276,#4277,#4278,#4279,#4280,#4281,#4282,#4283,
#4284,#4285,#4286,#4287,#4288,#4289,#4290,#4291,#4292));
#4385=CLOSED_SHELL('',(#4293,#4294,#4295,#4296,#4297,#4298,#4299,#4300,
#4301,#4302,#4303,#4304,#4305,#4306,#4307,#4308,#4309,#4310,#4311,#4312,
#4313,#4314,#4315,#4316,#4317,#4318,#4319,#4320,#4321));
#4386=CLOSED_SHELL('',(#4322,#4323,#4324,#4325,#4326,#4327,#4328,#4329,
#4330));
#4387=CLOSED_SHELL('',(#4331,#4332,#4333,#4334,#4335,#4336,#4337,#4338,
#4339,#4340,#4341,#4342,#4343,#4344,#4345,#4346,#4347));
#4388=CLOSED_SHELL('',(#4348,#4349,#4350,#4351,#4352,#4353,#4354,#4355,
#4356));
#4389=CLOSED_SHELL('',(#4357,#4358,#4359,#4360,#4361,#4362,#4363,#4364,
#4365,#4366,#4367,#4368,#4369,#4370,#4371,#4372,#4373));
#4390=DERIVED_UNIT_ELEMENT(#4392,1.);
#4391=DERIVED_UNIT_ELEMENT(#7723,3.);
#4392=(
MASS_UNIT()
NAMED_UNIT(*)
SI_UNIT(.KILO.,.GRAM.)
);
#4393=DERIVED_UNIT((#4390,#4391));
#4394=MEASURE_REPRESENTATION_ITEM('density measure',
POSITIVE_RATIO_MEASURE(7850.),#4393);
#4395=PROPERTY_DEFINITION_REPRESENTATION(#4400,#4397);
#4396=PROPERTY_DEFINITION_REPRESENTATION(#4401,#4398);
#4397=REPRESENTATION('material name',(#4399),#7720);
#4398=REPRESENTATION('density',(#4394),#7720);
#4399=DESCRIPTIVE_REPRESENTATION_ITEM('Steel','Steel');
#4400=PROPERTY_DEFINITION('material property','material name',#7730);
#4401=PROPERTY_DEFINITION('material property','density of part',#7730);
#4402=AXIS2_PLACEMENT_3D('placement',#5952,#4772,#4773);
#4403=AXIS2_PLACEMENT_3D('',#5953,#4774,#4775);
#4404=AXIS2_PLACEMENT_3D('',#5962,#4780,#4781);
#4405=AXIS2_PLACEMENT_3D('',#5968,#4785,#4786);
#4406=AXIS2_PLACEMENT_3D('',#5974,#4790,#4791);
#4407=AXIS2_PLACEMENT_3D('',#6004,#4807,#4808);
#4408=AXIS2_PLACEMENT_3D('',#6008,#4811,#4812);
#4409=AXIS2_PLACEMENT_3D('',#6040,#4829,#4830);
#4410=AXIS2_PLACEMENT_3D('',#6042,#4832,#4833);
#4411=AXIS2_PLACEMENT_3D('',#6044,#4835,#4836);
#4412=AXIS2_PLACEMENT_3D('',#6046,#4838,#4839);
#4413=AXIS2_PLACEMENT_3D('',#6048,#4841,#4842);
#4414=AXIS2_PLACEMENT_3D('',#6060,#4850,#4851);
#4415=AXIS2_PLACEMENT_3D('',#6062,#4853,#4854);
#4416=AXIS2_PLACEMENT_3D('',#6064,#4856,#4857);
#4417=AXIS2_PLACEMENT_3D('',#6065,#4858,#4859);
#4418=AXIS2_PLACEMENT_3D('',#6074,#4864,#4865);
#4419=AXIS2_PLACEMENT_3D('',#6080,#4869,#4870);
#4420=AXIS2_PLACEMENT_3D('',#6086,#4874,#4875);
#4421=AXIS2_PLACEMENT_3D('',#6088,#4877,#4878);
#4422=AXIS2_PLACEMENT_3D('',#6090,#4880,#4881);
#4423=AXIS2_PLACEMENT_3D('',#6099,#4886,#4887);
#4424=AXIS2_PLACEMENT_3D('',#6105,#4891,#4892);
#4425=AXIS2_PLACEMENT_3D('',#6111,#4896,#4897);
#4426=AXIS2_PLACEMENT_3D('',#6113,#4899,#4900);
#4427=AXIS2_PLACEMENT_3D('',#6115,#4902,#4903);
#4428=AXIS2_PLACEMENT_3D('',#6121,#4907,#4908);
#4429=AXIS2_PLACEMENT_3D('',#6125,#4911,#4912);
#4430=AXIS2_PLACEMENT_3D('',#6130,#4916,#4917);
#4431=AXIS2_PLACEMENT_3D('',#6131,#4918,#4919);
#4432=AXIS2_PLACEMENT_3D('',#6138,#4924,#4925);
#4433=AXIS2_PLACEMENT_3D('',#6141,#4926,#4927);
#4434=AXIS2_PLACEMENT_3D('',#6145,#4929,#4930);
#4435=AXIS2_PLACEMENT_3D('',#6146,#4931,#4932);
#4436=AXIS2_PLACEMENT_3D('',#6147,#4933,#4934);
#4437=AXIS2_PLACEMENT_3D('',#6148,#4935,#4936);
#4438=AXIS2_PLACEMENT_3D('',#6149,#4937,#4938);
#4439=AXIS2_PLACEMENT_3D('',#6152,#4939,#4940);
#4440=AXIS2_PLACEMENT_3D('',#6156,#4942,#4943);
#4441=AXIS2_PLACEMENT_3D('',#6157,#4944,#4945);
#4442=AXIS2_PLACEMENT_3D('',#6158,#4946,#4947);
#4443=AXIS2_PLACEMENT_3D('',#6159,#4948,#4949);
#4444=AXIS2_PLACEMENT_3D('',#6160,#4950,#4951);
#4445=AXIS2_PLACEMENT_3D('',#6163,#4952,#4953);
#4446=AXIS2_PLACEMENT_3D('',#6167,#4955,#4956);
#4447=AXIS2_PLACEMENT_3D('',#6168,#4957,#4958);
#4448=AXIS2_PLACEMENT_3D('',#6169,#4959,#4960);
#4449=AXIS2_PLACEMENT_3D('',#6170,#4961,#4962);
#4450=AXIS2_PLACEMENT_3D('',#6171,#4963,#4964);
#4451=AXIS2_PLACEMENT_3D('',#6175,#4967,#4968);
#4452=AXIS2_PLACEMENT_3D('',#6179,#4971,#4972);
#4453=AXIS2_PLACEMENT_3D('',#6181,#4974,#4975);
#4454=AXIS2_PLACEMENT_3D('',#6189,#4980,#4981);
#4455=AXIS2_PLACEMENT_3D('',#6195,#4985,#4986);
#4456=AXIS2_PLACEMENT_3D('',#6202,#4991,#4992);
#4457=AXIS2_PLACEMENT_3D('',#6204,#4993,#4994);
#4458=AXIS2_PLACEMENT_3D('',#6206,#4995,#4996);
#4459=AXIS2_PLACEMENT_3D('',#6207,#4997,#4998);
#4460=AXIS2_PLACEMENT_3D('',#6209,#5000,#5001);
#4461=AXIS2_PLACEMENT_3D('',#6212,#5003,#5004);
#4462=AXIS2_PLACEMENT_3D('',#6213,#5005,#5006);
#4463=AXIS2_PLACEMENT_3D('',#6214,#5007,#5008);
#4464=AXIS2_PLACEMENT_3D('',#6217,#5010,#5011);
#4465=AXIS2_PLACEMENT_3D('',#6218,#5012,#5013);
#4466=AXIS2_PLACEMENT_3D('',#6219,#5014,#5015);
#4467=AXIS2_PLACEMENT_3D('',#6222,#5017,#5018);
#4468=AXIS2_PLACEMENT_3D('',#6223,#5019,#5020);
#4469=AXIS2_PLACEMENT_3D('',#6224,#5021,#5022);
#4470=AXIS2_PLACEMENT_3D('',#6226,#5024,#5025);
#4471=AXIS2_PLACEMENT_3D('',#6227,#5026,#5027);
#4472=AXIS2_PLACEMENT_3D('',#6236,#5032,#5033);
#4473=AXIS2_PLACEMENT_3D('',#6242,#5037,#5038);
#4474=AXIS2_PLACEMENT_3D('',#6246,#5041,#5042);
#4475=AXIS2_PLACEMENT_3D('',#6250,#5045,#5046);
#4476=AXIS2_PLACEMENT_3D('',#6260,#5052,#5053);
#4477=AXIS2_PLACEMENT_3D('',#6269,#5058,#5059);
#4478=AXIS2_PLACEMENT_3D('',#6272,#5062,#5063);
#4479=AXIS2_PLACEMENT_3D('',#6274,#5065,#5066);
#4480=AXIS2_PLACEMENT_3D('',#6276,#5068,#5069);
#4481=AXIS2_PLACEMENT_3D('',#6277,#5070,#5071);
#4482=AXIS2_PLACEMENT_3D('',#6286,#5076,#5077);
#4483=AXIS2_PLACEMENT_3D('',#6295,#5082,#5083);
#4484=AXIS2_PLACEMENT_3D('',#6298,#5086,#5087);
#4485=AXIS2_PLACEMENT_3D('',#6300,#5089,#5090);
#4486=AXIS2_PLACEMENT_3D('',#6302,#5092,#5093);
#4487=AXIS2_PLACEMENT_3D('',#6303,#5094,#5095);
#4488=AXIS2_PLACEMENT_3D('',#6312,#5100,#5101);
#4489=AXIS2_PLACEMENT_3D('',#6321,#5106,#5107);
#4490=AXIS2_PLACEMENT_3D('',#6324,#5110,#5111);
#4491=AXIS2_PLACEMENT_3D('',#6326,#5113,#5114);
#4492=AXIS2_PLACEMENT_3D('',#6328,#5116,#5117);
#4493=AXIS2_PLACEMENT_3D('',#6329,#5118,#5119);
#4494=AXIS2_PLACEMENT_3D('',#6334,#5121,#5122);
#4495=AXIS2_PLACEMENT_3D('',#6337,#5124,#5125);
#4496=AXIS2_PLACEMENT_3D('',#6338,#5126,#5127);
#4497=AXIS2_PLACEMENT_3D('',#6343,#5130,#5131);
#4498=AXIS2_PLACEMENT_3D('',#6344,#5132,#5133);
#4499=AXIS2_PLACEMENT_3D('',#6348,#5135,#5136);
#4500=AXIS2_PLACEMENT_3D('',#6350,#5138,#5139);
#4501=AXIS2_PLACEMENT_3D('',#6356,#5143,#5144);
#4502=AXIS2_PLACEMENT_3D('',#6360,#5147,#5148);
#4503=AXIS2_PLACEMENT_3D('',#6364,#5151,#5152);
#4504=AXIS2_PLACEMENT_3D('',#6367,#5155,#5156);
#4505=AXIS2_PLACEMENT_3D('',#6368,#5157,#5158);
#4506=AXIS2_PLACEMENT_3D('',#6369,#5159,#5160);
#4507=AXIS2_PLACEMENT_3D('',#6378,#5165,#5166);
#4508=AXIS2_PLACEMENT_3D('',#6384,#5170,#5171);
#4509=AXIS2_PLACEMENT_3D('',#6390,#5175,#5176);
#4510=AXIS2_PLACEMENT_3D('',#6393,#5179,#5180);
#4511=AXIS2_PLACEMENT_3D('',#6410,#5189,#5190);
#4512=AXIS2_PLACEMENT_3D('',#6411,#5191,#5192);
#4513=AXIS2_PLACEMENT_3D('',#6417,#5196,#5197);
#4514=AXIS2_PLACEMENT_3D('',#6426,#5203,#5204);
#4515=AXIS2_PLACEMENT_3D('',#6430,#5207,#5208);
#4516=AXIS2_PLACEMENT_3D('',#6432,#5210,#5211);
#4517=AXIS2_PLACEMENT_3D('',#6438,#5215,#5216);
#4518=AXIS2_PLACEMENT_3D('',#6445,#5221,#5222);
#4519=AXIS2_PLACEMENT_3D('',#6452,#5227,#5228);
#4520=AXIS2_PLACEMENT_3D('',#6453,#5229,#5230);
#4521=AXIS2_PLACEMENT_3D('',#6455,#5232,#5233);
#4522=AXIS2_PLACEMENT_3D('',#6457,#5235,#5236);
#4523=AXIS2_PLACEMENT_3D('',#6458,#5237,#5238);
#4524=AXIS2_PLACEMENT_3D('',#6460,#5239,#5240);
#4525=AXIS2_PLACEMENT_3D('',#6462,#5241,#5242);
#4526=AXIS2_PLACEMENT_3D('',#6463,#5243,#5244);
#4527=AXIS2_PLACEMENT_3D('',#6466,#5245,#5246);
#4528=AXIS2_PLACEMENT_3D('',#6467,#5247,#5248);
#4529=AXIS2_PLACEMENT_3D('',#6469,#5250,#5251);
#4530=AXIS2_PLACEMENT_3D('',#6470,#5252,#5253);
#4531=AXIS2_PLACEMENT_3D('',#6472,#5254,#5255);
#4532=AXIS2_PLACEMENT_3D('',#6474,#5256,#5257);
#4533=AXIS2_PLACEMENT_3D('',#6475,#5258,#5259);
#4534=AXIS2_PLACEMENT_3D('',#6478,#5260,#5261);
#4535=AXIS2_PLACEMENT_3D('',#6479,#5262,#5263);
#4536=AXIS2_PLACEMENT_3D('',#6481,#5265,#5266);
#4537=AXIS2_PLACEMENT_3D('',#6482,#5267,#5268);
#4538=AXIS2_PLACEMENT_3D('',#6484,#5269,#5270);
#4539=AXIS2_PLACEMENT_3D('',#6486,#5271,#5272);
#4540=AXIS2_PLACEMENT_3D('',#6487,#5273,#5274);
#4541=AXIS2_PLACEMENT_3D('',#6490,#5275,#5276);
#4542=AXIS2_PLACEMENT_3D('',#6491,#5277,#5278);
#4543=AXIS2_PLACEMENT_3D('',#6493,#5280,#5281);
#4544=AXIS2_PLACEMENT_3D('',#6494,#5282,#5283);
#4545=AXIS2_PLACEMENT_3D('',#6508,#5284,#5285);
#4546=AXIS2_PLACEMENT_3D('',#6520,#5286,#5287);
#4547=AXIS2_PLACEMENT_3D('',#6521,#5288,#5289);
#4548=AXIS2_PLACEMENT_3D('',#6538,#5293,#5294);
#4549=AXIS2_PLACEMENT_3D('',#6541,#5296,#5297);
#4550=AXIS2_PLACEMENT_3D('',#6542,#5298,#5299);
#4551=AXIS2_PLACEMENT_3D('',#6556,#5300,#5301);
#4552=AXIS2_PLACEMENT_3D('',#6568,#5302,#5303);
#4553=AXIS2_PLACEMENT_3D('',#6569,#5304,#5305);
#4554=AXIS2_PLACEMENT_3D('',#6586,#5309,#5310);
#4555=AXIS2_PLACEMENT_3D('',#6589,#5311,#5312);
#4556=AXIS2_PLACEMENT_3D('',#6593,#5314,#5315);
#4557=AXIS2_PLACEMENT_3D('',#6595,#5317,#5318);
#4558=AXIS2_PLACEMENT_3D('',#6599,#5320,#5321);
#4559=AXIS2_PLACEMENT_3D('',#6603,#5323,#5324);
#4560=AXIS2_PLACEMENT_3D('',#6607,#5326,#5327);
#4561=AXIS2_PLACEMENT_3D('',#6611,#5329,#5330);
#4562=AXIS2_PLACEMENT_3D('',#6614,#5332,#5333);
#4563=AXIS2_PLACEMENT_3D('',#6615,#5334,#5335);
#4564=AXIS2_PLACEMENT_3D('',#6616,#5336,#5337);
#4565=AXIS2_PLACEMENT_3D('',#6629,#5338,#5339);
#4566=AXIS2_PLACEMENT_3D('',#6640,#5340,#5341);
#4567=AXIS2_PLACEMENT_3D('',#6653,#5345,#5346);
#4568=AXIS2_PLACEMENT_3D('',#6666,#5347,#5348);
#4569=AXIS2_PLACEMENT_3D('',#6677,#5349,#5350);
#4570=AXIS2_PLACEMENT_3D('',#6720,#5353,#5354);
#4571=AXIS2_PLACEMENT_3D('',#6721,#5355,#5356);
#4572=AXIS2_PLACEMENT_3D('',#6722,#5357,#5358);
#4573=AXIS2_PLACEMENT_3D('',#6723,#5359,#5360);
#4574=AXIS2_PLACEMENT_3D('',#6734,#5363,#5364);
#4575=AXIS2_PLACEMENT_3D('',#6747,#5368,#5369);
#4576=AXIS2_PLACEMENT_3D('',#6748,#5370,#5371);
#4577=AXIS2_PLACEMENT_3D('',#6749,#5372,#5373);
#4578=AXIS2_PLACEMENT_3D('',#6752,#5375,#5376);
#4579=AXIS2_PLACEMENT_3D('',#6753,#5377,#5378);
#4580=AXIS2_PLACEMENT_3D('',#6755,#5380,#5381);
#4581=AXIS2_PLACEMENT_3D('',#6759,#5384,#5385);
#4582=AXIS2_PLACEMENT_3D('',#6772,#5387,#5388);
#4583=AXIS2_PLACEMENT_3D('',#6774,#5389,#5390);
#4584=AXIS2_PLACEMENT_3D('',#6775,#5391,#5392);
#4585=AXIS2_PLACEMENT_3D('',#6782,#5393,#5394);
#4586=AXIS2_PLACEMENT_3D('',#6783,#5395,#5396);
#4587=AXIS2_PLACEMENT_3D('',#6792,#5397,#5398);
#4588=AXIS2_PLACEMENT_3D('',#6793,#5399,#5400);
#4589=AXIS2_PLACEMENT_3D('',#6794,#5401,#5402);
#4590=AXIS2_PLACEMENT_3D('',#6801,#5403,#5404);
#4591=AXIS2_PLACEMENT_3D('',#6802,#5405,#5406);
#4592=AXIS2_PLACEMENT_3D('',#6804,#5408,#5409);
#4593=AXIS2_PLACEMENT_3D('',#6806,#5411,#5412);
#4594=AXIS2_PLACEMENT_3D('',#6807,#5413,#5414);
#4595=AXIS2_PLACEMENT_3D('',#6808,#5415,#5416);
#4596=AXIS2_PLACEMENT_3D('',#6809,#5417,#5418);
#4597=AXIS2_PLACEMENT_3D('',#6813,#5420,#5421);
#4598=AXIS2_PLACEMENT_3D('',#6814,#5422,#5423);
#4599=AXIS2_PLACEMENT_3D('',#6815,#5424,#5425);
#4600=AXIS2_PLACEMENT_3D('',#6816,#5426,#5427);
#4601=AXIS2_PLACEMENT_3D('',#6830,#5428,#5429);
#4602=AXIS2_PLACEMENT_3D('',#6842,#5430,#5431);
#4603=AXIS2_PLACEMENT_3D('',#6843,#5432,#5433);
#4604=AXIS2_PLACEMENT_3D('',#6860,#5437,#5438);
#4605=AXIS2_PLACEMENT_3D('',#6863,#5440,#5441);
#4606=AXIS2_PLACEMENT_3D('',#6864,#5442,#5443);
#4607=AXIS2_PLACEMENT_3D('',#6878,#5444,#5445);
#4608=AXIS2_PLACEMENT_3D('',#6890,#5446,#5447);
#4609=AXIS2_PLACEMENT_3D('',#6891,#5448,#5449);
#4610=AXIS2_PLACEMENT_3D('',#6908,#5453,#5454);
#4611=AXIS2_PLACEMENT_3D('',#6911,#5455,#5456);
#4612=AXIS2_PLACEMENT_3D('',#6915,#5458,#5459);
#4613=AXIS2_PLACEMENT_3D('',#6917,#5461,#5462);
#4614=AXIS2_PLACEMENT_3D('',#6921,#5464,#5465);
#4615=AXIS2_PLACEMENT_3D('',#6925,#5467,#5468);
#4616=AXIS2_PLACEMENT_3D('',#6929,#5470,#5471);
#4617=AXIS2_PLACEMENT_3D('',#6933,#5473,#5474);
#4618=AXIS2_PLACEMENT_3D('',#6936,#5476,#5477);
#4619=AXIS2_PLACEMENT_3D('',#6937,#5478,#5479);
#4620=AXIS2_PLACEMENT_3D('',#6938,#5480,#5481);
#4621=AXIS2_PLACEMENT_3D('',#6951,#5482,#5483);
#4622=AXIS2_PLACEMENT_3D('',#6962,#5484,#5485);
#4623=AXIS2_PLACEMENT_3D('',#6975,#5489,#5490);
#4624=AXIS2_PLACEMENT_3D('',#6988,#5491,#5492);
#4625=AXIS2_PLACEMENT_3D('',#6999,#5493,#5494);
#4626=AXIS2_PLACEMENT_3D('',#7042,#5497,#5498);
#4627=AXIS2_PLACEMENT_3D('',#7043,#5499,#5500);
#4628=AXIS2_PLACEMENT_3D('',#7044,#5501,#5502);
#4629=AXIS2_PLACEMENT_3D('',#7045,#5503,#5504);
#4630=AXIS2_PLACEMENT_3D('',#7056,#5507,#5508);
#4631=AXIS2_PLACEMENT_3D('',#7069,#5512,#5513);
#4632=AXIS2_PLACEMENT_3D('',#7070,#5514,#5515);
#4633=AXIS2_PLACEMENT_3D('',#7071,#5516,#5517);
#4634=AXIS2_PLACEMENT_3D('',#7074,#5519,#5520);
#4635=AXIS2_PLACEMENT_3D('',#7075,#5521,#5522);
#4636=AXIS2_PLACEMENT_3D('',#7077,#5524,#5525);
#4637=AXIS2_PLACEMENT_3D('',#7081,#5528,#5529);
#4638=AXIS2_PLACEMENT_3D('',#7094,#5531,#5532);
#4639=AXIS2_PLACEMENT_3D('',#7096,#5533,#5534);
#4640=AXIS2_PLACEMENT_3D('',#7097,#5535,#5536);
#4641=AXIS2_PLACEMENT_3D('',#7104,#5537,#5538);
#4642=AXIS2_PLACEMENT_3D('',#7105,#5539,#5540);
#4643=AXIS2_PLACEMENT_3D('',#7114,#5541,#5542);
#4644=AXIS2_PLACEMENT_3D('',#7115,#5543,#5544);
#4645=AXIS2_PLACEMENT_3D('',#7116,#5545,#5546);
#4646=AXIS2_PLACEMENT_3D('',#7123,#5547,#5548);
#4647=AXIS2_PLACEMENT_3D('',#7124,#5549,#5550);
#4648=AXIS2_PLACEMENT_3D('',#7126,#5552,#5553);
#4649=AXIS2_PLACEMENT_3D('',#7128,#5555,#5556);
#4650=AXIS2_PLACEMENT_3D('',#7129,#5557,#5558);
#4651=AXIS2_PLACEMENT_3D('',#7130,#5559,#5560);
#4652=AXIS2_PLACEMENT_3D('',#7131,#5561,#5562);
#4653=AXIS2_PLACEMENT_3D('',#7135,#5564,#5565);
#4654=AXIS2_PLACEMENT_3D('',#7136,#5566,#5567);
#4655=AXIS2_PLACEMENT_3D('',#7137,#5568,#5569);
#4656=AXIS2_PLACEMENT_3D('',#7138,#5570,#5571);
#4657=AXIS2_PLACEMENT_3D('',#7152,#5572,#5573);
#4658=AXIS2_PLACEMENT_3D('',#7164,#5574,#5575);
#4659=AXIS2_PLACEMENT_3D('',#7165,#5576,#5577);
#4660=AXIS2_PLACEMENT_3D('',#7182,#5581,#5582);
#4661=AXIS2_PLACEMENT_3D('',#7185,#5584,#5585);
#4662=AXIS2_PLACEMENT_3D('',#7186,#5586,#5587);
#4663=AXIS2_PLACEMENT_3D('',#7200,#5588,#5589);
#4664=AXIS2_PLACEMENT_3D('',#7212,#5590,#5591);
#4665=AXIS2_PLACEMENT_3D('',#7213,#5592,#5593);
#4666=AXIS2_PLACEMENT_3D('',#7230,#5597,#5598);
#4667=AXIS2_PLACEMENT_3D('',#7233,#5599,#5600);
#4668=AXIS2_PLACEMENT_3D('',#7237,#5602,#5603);
#4669=AXIS2_PLACEMENT_3D('',#7239,#5605,#5606);
#4670=AXIS2_PLACEMENT_3D('',#7243,#5608,#5609);
#4671=AXIS2_PLACEMENT_3D('',#7247,#5611,#5612);
#4672=AXIS2_PLACEMENT_3D('',#7251,#5614,#5615);
#4673=AXIS2_PLACEMENT_3D('',#7255,#5617,#5618);
#4674=AXIS2_PLACEMENT_3D('',#7258,#5620,#5621);
#4675=AXIS2_PLACEMENT_3D('',#7259,#5622,#5623);
#4676=AXIS2_PLACEMENT_3D('',#7260,#5624,#5625);
#4677=AXIS2_PLACEMENT_3D('',#7273,#5626,#5627);
#4678=AXIS2_PLACEMENT_3D('',#7284,#5628,#5629);
#4679=AXIS2_PLACEMENT_3D('',#7297,#5633,#5634);
#4680=AXIS2_PLACEMENT_3D('',#7310,#5635,#5636);
#4681=AXIS2_PLACEMENT_3D('',#7321,#5637,#5638);
#4682=AXIS2_PLACEMENT_3D('',#7364,#5641,#5642);
#4683=AXIS2_PLACEMENT_3D('',#7365,#5643,#5644);
#4684=AXIS2_PLACEMENT_3D('',#7366,#5645,#5646);
#4685=AXIS2_PLACEMENT_3D('',#7367,#5647,#5648);
#4686=AXIS2_PLACEMENT_3D('',#7378,#5651,#5652);
#4687=AXIS2_PLACEMENT_3D('',#7391,#5656,#5657);
#4688=AXIS2_PLACEMENT_3D('',#7392,#5658,#5659);
#4689=AXIS2_PLACEMENT_3D('',#7393,#5660,#5661);
#4690=AXIS2_PLACEMENT_3D('',#7396,#5663,#5664);
#4691=AXIS2_PLACEMENT_3D('',#7397,#5665,#5666);
#4692=AXIS2_PLACEMENT_3D('',#7399,#5668,#5669);
#4693=AXIS2_PLACEMENT_3D('',#7403,#5672,#5673);
#4694=AXIS2_PLACEMENT_3D('',#7416,#5675,#5676);
#4695=AXIS2_PLACEMENT_3D('',#7418,#5677,#5678);
#4696=AXIS2_PLACEMENT_3D('',#7419,#5679,#5680);
#4697=AXIS2_PLACEMENT_3D('',#7426,#5681,#5682);
#4698=AXIS2_PLACEMENT_3D('',#7427,#5683,#5684);
#4699=AXIS2_PLACEMENT_3D('',#7436,#5685,#5686);
#4700=AXIS2_PLACEMENT_3D('',#7437,#5687,#5688);
#4701=AXIS2_PLACEMENT_3D('',#7438,#5689,#5690);
#4702=AXIS2_PLACEMENT_3D('',#7445,#5691,#5692);
#4703=AXIS2_PLACEMENT_3D('',#7446,#5693,#5694);
#4704=AXIS2_PLACEMENT_3D('',#7448,#5696,#5697);
#4705=AXIS2_PLACEMENT_3D('',#7450,#5699,#5700);
#4706=AXIS2_PLACEMENT_3D('',#7451,#5701,#5702);
#4707=AXIS2_PLACEMENT_3D('',#7452,#5703,#5704);
#4708=AXIS2_PLACEMENT_3D('',#7453,#5705,#5706);
#4709=AXIS2_PLACEMENT_3D('',#7457,#5708,#5709);
#4710=AXIS2_PLACEMENT_3D('',#7458,#5710,#5711);
#4711=AXIS2_PLACEMENT_3D('',#7459,#5712,#5713);
#4712=AXIS2_PLACEMENT_3D('',#7460,#5714,#5715);
#4713=AXIS2_PLACEMENT_3D('',#7465,#5717,#5718);
#4714=AXIS2_PLACEMENT_3D('',#7468,#5720,#5721);
#4715=AXIS2_PLACEMENT_3D('',#7469,#5722,#5723);
#4716=AXIS2_PLACEMENT_3D('',#7474,#5726,#5727);
#4717=AXIS2_PLACEMENT_3D('',#7475,#5728,#5729);
#4718=AXIS2_PLACEMENT_3D('',#7479,#5731,#5732);
#4719=AXIS2_PLACEMENT_3D('',#7481,#5734,#5735);
#4720=AXIS2_PLACEMENT_3D('',#7487,#5739,#5740);
#4721=AXIS2_PLACEMENT_3D('',#7491,#5743,#5744);
#4722=AXIS2_PLACEMENT_3D('',#7495,#5747,#5748);
#4723=AXIS2_PLACEMENT_3D('',#7498,#5751,#5752);
#4724=AXIS2_PLACEMENT_3D('',#7499,#5753,#5754);
#4725=AXIS2_PLACEMENT_3D('',#7500,#5755,#5756);
#4726=AXIS2_PLACEMENT_3D('',#7509,#5761,#5762);
#4727=AXIS2_PLACEMENT_3D('',#7515,#5766,#5767);
#4728=AXIS2_PLACEMENT_3D('',#7521,#5771,#5772);
#4729=AXIS2_PLACEMENT_3D('',#7524,#5775,#5776);
#4730=AXIS2_PLACEMENT_3D('',#7541,#5785,#5786);
#4731=AXIS2_PLACEMENT_3D('',#7542,#5787,#5788);
#4732=AXIS2_PLACEMENT_3D('',#7548,#5792,#5793);
#4733=AXIS2_PLACEMENT_3D('',#7557,#5799,#5800);
#4734=AXIS2_PLACEMENT_3D('',#7561,#5803,#5804);
#4735=AXIS2_PLACEMENT_3D('',#7563,#5806,#5807);
#4736=AXIS2_PLACEMENT_3D('',#7569,#5811,#5812);
#4737=AXIS2_PLACEMENT_3D('',#7576,#5817,#5818);
#4738=AXIS2_PLACEMENT_3D('',#7583,#5823,#5824);
#4739=AXIS2_PLACEMENT_3D('',#7584,#5825,#5826);
#4740=AXIS2_PLACEMENT_3D('',#7586,#5828,#5829);
#4741=AXIS2_PLACEMENT_3D('',#7588,#5831,#5832);
#4742=AXIS2_PLACEMENT_3D('',#7589,#5833,#5834);
#4743=AXIS2_PLACEMENT_3D('',#7594,#5836,#5837);
#4744=AXIS2_PLACEMENT_3D('',#7597,#5839,#5840);
#4745=AXIS2_PLACEMENT_3D('',#7598,#5841,#5842);
#4746=AXIS2_PLACEMENT_3D('',#7603,#5845,#5846);
#4747=AXIS2_PLACEMENT_3D('',#7604,#5847,#5848);
#4748=AXIS2_PLACEMENT_3D('',#7608,#5850,#5851);
#4749=AXIS2_PLACEMENT_3D('',#7610,#5853,#5854);
#4750=AXIS2_PLACEMENT_3D('',#7616,#5858,#5859);
#4751=AXIS2_PLACEMENT_3D('',#7620,#5862,#5863);
#4752=AXIS2_PLACEMENT_3D('',#7624,#5866,#5867);
#4753=AXIS2_PLACEMENT_3D('',#7627,#5870,#5871);
#4754=AXIS2_PLACEMENT_3D('',#7628,#5872,#5873);
#4755=AXIS2_PLACEMENT_3D('',#7629,#5874,#5875);
#4756=AXIS2_PLACEMENT_3D('',#7638,#5880,#5881);
#4757=AXIS2_PLACEMENT_3D('',#7644,#5885,#5886);
#4758=AXIS2_PLACEMENT_3D('',#7650,#5890,#5891);
#4759=AXIS2_PLACEMENT_3D('',#7653,#5894,#5895);
#4760=AXIS2_PLACEMENT_3D('',#7670,#5904,#5905);
#4761=AXIS2_PLACEMENT_3D('',#7671,#5906,#5907);
#4762=AXIS2_PLACEMENT_3D('',#7677,#5911,#5912);
#4763=AXIS2_PLACEMENT_3D('',#7686,#5918,#5919);
#4764=AXIS2_PLACEMENT_3D('',#7690,#5922,#5923);
#4765=AXIS2_PLACEMENT_3D('',#7692,#5925,#5926);
#4766=AXIS2_PLACEMENT_3D('',#7698,#5930,#5931);
#4767=AXIS2_PLACEMENT_3D('',#7705,#5936,#5937);
#4768=AXIS2_PLACEMENT_3D('',#7712,#5942,#5943);
#4769=AXIS2_PLACEMENT_3D('',#7713,#5944,#5945);
#4770=AXIS2_PLACEMENT_3D('',#7715,#5947,#5948);
#4771=AXIS2_PLACEMENT_3D('',#7717,#5950,#5951);
#4772=DIRECTION('axis',(0.,0.,1.));
#4773=DIRECTION('refdir',(1.,0.,0.));
#4774=DIRECTION('center_axis',(0.,1.,0.));
#4775=DIRECTION('ref_axis',(0.,0.,1.));
#4776=DIRECTION('',(1.,0.,0.));
#4777=DIRECTION('',(0.,0.,1.));
#4778=DIRECTION('',(-1.,0.,0.));
#4779=DIRECTION('',(0.,0.,-1.));
#4780=DIRECTION('center_axis',(-1.,0.,0.));
#4781=DIRECTION('ref_axis',(0.,-1.,0.));
#4782=DIRECTION('',(0.,-1.,0.));
#4783=DIRECTION('',(0.,1.,0.));
#4784=DIRECTION('',(0.,0.,-1.));
#4785=DIRECTION('center_axis',(1.,0.,0.));
#4786=DIRECTION('ref_axis',(0.,1.,0.));
#4787=DIRECTION('',(0.,1.,0.));
#4788=DIRECTION('',(0.,0.,1.));
#4789=DIRECTION('',(0.,-1.,0.));
#4790=DIRECTION('center_axis',(0.,0.,-1.));
#4791=DIRECTION('ref_axis',(-1.,0.,0.));
#4792=DIRECTION('',(-1.,0.,0.));
#4793=DIRECTION('',(0.,1.,0.));
#4794=DIRECTION('',(1.,0.,0.));
#4795=DIRECTION('',(0.,-1.,0.));
#4796=DIRECTION('',(-1.,0.,0.));
#4797=DIRECTION('',(0.,1.,0.));
#4798=DIRECTION('',(1.,0.,0.));
#4799=DIRECTION('',(0.,-1.,0.));
#4800=DIRECTION('',(-1.,0.,0.));
#4801=DIRECTION('',(0.,1.,0.));
#4802=DIRECTION('',(1.,0.,0.));
#4803=DIRECTION('',(0.,-1.,0.));
#4804=DIRECTION('',(-1.,0.,0.));
#4805=DIRECTION('',(0.,1.,0.));
#4806=DIRECTION('',(-1.,0.,0.));
#4807=DIRECTION('center_axis',(0.,1.,0.));
#4808=DIRECTION('ref_axis',(1.,0.,0.));
#4809=DIRECTION('',(1.,0.,0.));
#4810=DIRECTION('',(0.,0.,1.));
#4811=DIRECTION('center_axis',(0.,0.,-1.));
#4812=DIRECTION('ref_axis',(-1.,0.,0.));
#4813=DIRECTION('',(1.,0.,0.));
#4814=DIRECTION('',(0.,1.,0.));
#4815=DIRECTION('',(-1.,0.,0.));
#4816=DIRECTION('',(0.,1.,0.));
#4817=DIRECTION('',(-1.,0.,0.));
#4818=DIRECTION('',(0.,-1.,0.));
#4819=DIRECTION('',(1.,0.,0.));
#4820=DIRECTION('',(0.,1.,0.));
#4821=DIRECTION('',(1.,0.,0.));
#4822=DIRECTION('',(0.,1.,0.));
#4823=DIRECTION('',(-1.,0.,0.));
#4824=DIRECTION('',(0.,-1.,0.));
#4825=DIRECTION('',(1.,0.,0.));
#4826=DIRECTION('',(0.,1.,0.));
#4827=DIRECTION('',(-1.,0.,0.));
#4828=DIRECTION('',(0.,-1.,0.));
#4829=DIRECTION('center_axis',(1.,0.,0.));
#4830=DIRECTION('ref_axis',(0.,1.,0.));
#4831=DIRECTION('',(0.,0.,1.));
#4832=DIRECTION('center_axis',(0.,1.,0.));
#4833=DIRECTION('ref_axis',(0.,0.,1.));
#4834=DIRECTION('',(0.,0.,-1.));
#4835=DIRECTION('center_axis',(-1.,0.,0.));
#4836=DIRECTION('ref_axis',(0.,-1.,0.));
#4837=DIRECTION('',(0.,0.,-1.));
#4838=DIRECTION('center_axis',(0.,1.,0.));
#4839=DIRECTION('ref_axis',(1.,0.,0.));
#4840=DIRECTION('',(0.,0.,1.));
#4841=DIRECTION('center_axis',(0.,1.,0.));
#4842=DIRECTION('ref_axis',(1.,0.,0.));
#4843=DIRECTION('',(0.,0.,1.));
#4844=DIRECTION('',(1.,0.,0.));
#4845=DIRECTION('',(0.,0.,-1.));
#4846=DIRECTION('',(0.,0.,-1.));
#4847=DIRECTION('',(0.,0.,1.));
#4848=DIRECTION('',(1.,0.,0.));
#4849=DIRECTION('',(0.,0.,-1.));
#4850=DIRECTION('center_axis',(-1.,0.,0.));
#4851=DIRECTION('ref_axis',(0.,-1.,0.));
#4852=DIRECTION('',(0.,0.,-1.));
#4853=DIRECTION('center_axis',(0.,1.,0.));
#4854=DIRECTION('ref_axis',(0.,0.,1.));
#4855=DIRECTION('',(0.,0.,1.));
#4856=DIRECTION('center_axis',(1.,0.,0.));
#4857=DIRECTION('ref_axis',(0.,1.,0.));
#4858=DIRECTION('center_axis',(0.,1.,0.));
#4859=DIRECTION('ref_axis',(0.,0.,1.));
#4860=DIRECTION('',(-1.,0.,0.));
#4861=DIRECTION('',(0.,0.,-1.));
#4862=DIRECTION('',(-1.,0.,0.));
#4863=DIRECTION('',(0.,0.,1.));
#4864=DIRECTION('center_axis',(1.,0.,0.));
#4865=DIRECTION('ref_axis',(0.,1.,0.));
#4866=DIRECTION('',(0.,1.,0.));
#4867=DIRECTION('',(0.,-1.,0.));
#4868=DIRECTION('',(0.,0.,-1.));
#4869=DIRECTION('center_axis',(0.,-1.,0.));
#4870=DIRECTION('ref_axis',(0.,0.,-1.));
#4871=DIRECTION('',(1.,0.,0.));
#4872=DIRECTION('',(1.,0.,0.));
#4873=DIRECTION('',(0.,0.,1.));
#4874=DIRECTION('center_axis',(0.,0.,1.));
#4875=DIRECTION('ref_axis',(0.,-1.,0.));
#4876=DIRECTION('',(0.,-1.,0.));
#4877=DIRECTION('center_axis',(-1.,0.,0.));
#4878=DIRECTION('ref_axis',(0.,-1.,0.));
#4879=DIRECTION('',(0.,-1.,0.));
#4880=DIRECTION('center_axis',(0.,1.,0.));
#4881=DIRECTION('ref_axis',(0.,0.,1.));
#4882=DIRECTION('',(-1.,0.,0.));
#4883=DIRECTION('',(0.,0.,-1.));
#4884=DIRECTION('',(-1.,0.,0.));
#4885=DIRECTION('',(0.,0.,1.));
#4886=DIRECTION('center_axis',(1.,0.,0.));
#4887=DIRECTION('ref_axis',(0.,1.,0.));
#4888=DIRECTION('',(0.,1.,0.));
#4889=DIRECTION('',(0.,-1.,0.));
#4890=DIRECTION('',(0.,0.,-1.));
#4891=DIRECTION('center_axis',(0.,-1.,0.));
#4892=DIRECTION('ref_axis',(0.,0.,-1.));
#4893=DIRECTION('',(1.,0.,0.));
#4894=DIRECTION('',(1.,0.,0.));
#4895=DIRECTION('',(0.,0.,1.));
#4896=DIRECTION('center_axis',(0.,0.,1.));
#4897=DIRECTION('ref_axis',(0.,-1.,0.));
#4898=DIRECTION('',(0.,-1.,0.));
#4899=DIRECTION('center_axis',(-1.,0.,0.));
#4900=DIRECTION('ref_axis',(0.,-1.,0.));
#4901=DIRECTION('',(0.,-1.,0.));
#4902=DIRECTION('center_axis',(0.,1.,0.));
#4903=DIRECTION('ref_axis',(0.,0.,1.));
#4904=DIRECTION('',(0.,0.,-1.));
#4905=DIRECTION('',(1.,0.,0.));
#4906=DIRECTION('',(0.,0.,1.));
#4907=DIRECTION('center_axis',(1.,0.,0.));
#4908=DIRECTION('ref_axis',(0.,0.,-1.));
#4909=DIRECTION('',(0.,0.,1.));
#4910=DIRECTION('',(0.,1.,0.));
#4911=DIRECTION('center_axis',(0.,0.,1.));
#4912=DIRECTION('ref_axis',(1.,0.,0.));
#4913=DIRECTION('',(0.,1.,0.));
#4914=DIRECTION('',(-1.,0.,0.));
#4915=DIRECTION('',(0.,1.,0.));
#4916=DIRECTION('center_axis',(-1.,0.,0.));
#4917=DIRECTION('ref_axis',(0.,0.,1.));
#4918=DIRECTION('center_axis',(1.,0.,0.));
#4919=DIRECTION('ref_axis',(0.,0.,1.));
#4920=DIRECTION('',(0.,0.,1.));
#4921=DIRECTION('',(0.,0.,-1.));
#4922=DIRECTION('',(0.,1.,0.));
#4923=DIRECTION('',(0.,0.,1.));
#4924=DIRECTION('center_axis',(0.,0.,1.));
#4925=DIRECTION('ref_axis',(1.,0.,0.));
#4926=DIRECTION('center_axis',(0.,0.,-1.));
#4927=DIRECTION('ref_axis',(1.,0.,0.));
#4928=DIRECTION('',(0.,0.,1.));
#4929=DIRECTION('center_axis',(0.,-0.90327750435429,-0.429056814568288));
#4930=DIRECTION('ref_axis',(0.,0.429056814568288,-0.90327750435429));
#4931=DIRECTION('center_axis',(0.,-0.90327750435429,-0.429056814568288));
#4932=DIRECTION('ref_axis',(0.,0.429056814568288,-0.90327750435429));
#4933=DIRECTION('center_axis',(0.,0.,-1.));
#4934=DIRECTION('ref_axis',(1.,0.,0.));
#4935=DIRECTION('center_axis',(0.,0.,-1.));
#4936=DIRECTION('ref_axis',(-1.,0.,0.));
#4937=DIRECTION('center_axis',(0.,0.,1.));
#4938=DIRECTION('ref_axis',(1.,0.,0.));
#4939=DIRECTION('center_axis',(0.,0.,-1.));
#4940=DIRECTION('ref_axis',(1.,0.,0.));
#4941=DIRECTION('',(0.,0.,1.));
#4942=DIRECTION('center_axis',(0.,-0.90327750435429,-0.429056814568288));
#4943=DIRECTION('ref_axis',(0.,0.429056814568288,-0.90327750435429));
#4944=DIRECTION('center_axis',(0.,-0.90327750435429,-0.429056814568288));
#4945=DIRECTION('ref_axis',(0.,0.429056814568288,-0.90327750435429));
#4946=DIRECTION('center_axis',(0.,0.,-1.));
#4947=DIRECTION('ref_axis',(1.,0.,0.));
#4948=DIRECTION('center_axis',(0.,0.,-1.));
#4949=DIRECTION('ref_axis',(-1.,0.,0.));
#4950=DIRECTION('center_axis',(0.,0.,1.));
#4951=DIRECTION('ref_axis',(1.,0.,0.));
#4952=DIRECTION('center_axis',(0.,0.,-1.));
#4953=DIRECTION('ref_axis',(1.,0.,0.));
#4954=DIRECTION('',(0.,0.,1.));
#4955=DIRECTION('center_axis',(0.,-0.90327750435429,-0.429056814568288));
#4956=DIRECTION('ref_axis',(0.,0.429056814568288,-0.90327750435429));
#4957=DIRECTION('center_axis',(0.,-0.90327750435429,-0.429056814568288));
#4958=DIRECTION('ref_axis',(0.,0.429056814568288,-0.90327750435429));
#4959=DIRECTION('center_axis',(0.,0.,-1.));
#4960=DIRECTION('ref_axis',(1.,0.,0.));
#4961=DIRECTION('center_axis',(0.,0.,-1.));
#4962=DIRECTION('ref_axis',(-1.,0.,0.));
#4963=DIRECTION('center_axis',(0.,1.,0.));
#4964=DIRECTION('ref_axis',(-1.,0.,0.));
#4965=DIRECTION('',(-1.,0.,0.));
#4966=DIRECTION('',(0.,0.,1.));
#4967=DIRECTION('center_axis',(0.,0.,-1.));
#4968=DIRECTION('ref_axis',(1.,0.,0.));
#4969=DIRECTION('',(0.,1.,0.));
#4970=DIRECTION('',(-1.,0.,0.));
#4971=DIRECTION('center_axis',(0.,-1.,0.));
#4972=DIRECTION('ref_axis',(1.,0.,0.));
#4973=DIRECTION('',(0.,0.,-1.));
#4974=DIRECTION('center_axis',(1.,0.,0.));
#4975=DIRECTION('ref_axis',(0.,0.,-1.));
#4976=DIRECTION('',(0.,0.,-1.));
#4977=DIRECTION('',(0.,0.429056814568288,-0.90327750435429));
#4978=DIRECTION('',(0.,1.,0.));
#4979=DIRECTION('',(0.,0.309086072337558,0.951034068730948));
#4980=DIRECTION('center_axis',(0.,0.90327750435429,0.429056814568288));
#4981=DIRECTION('ref_axis',(0.,-0.429056814568288,0.90327750435429));
#4982=DIRECTION('',(-1.,0.,0.));
#4983=DIRECTION('',(0.,-0.429056814568288,0.90327750435429));
#4984=DIRECTION('',(1.,0.,0.));
#4985=DIRECTION('center_axis',(0.,0.,1.));
#4986=DIRECTION('ref_axis',(1.,0.,0.));
#4987=DIRECTION('',(-1.,0.,0.));
#4988=DIRECTION('',(0.,1.,0.));
#4989=DIRECTION('',(-1.,0.,0.));
#4990=DIRECTION('',(-1.,0.,0.));
#4991=DIRECTION('center_axis',(0.,0.,-1.));
#4992=DIRECTION('ref_axis',(-1.,0.,0.));
#4993=DIRECTION('center_axis',(0.,0.,-1.));
#4994=DIRECTION('ref_axis',(-1.,0.,0.));
#4995=DIRECTION('center_axis',(0.,0.,-1.));
#4996=DIRECTION('ref_axis',(-1.,0.,0.));
#4997=DIRECTION('center_axis',(0.,-0.951034068730948,0.309086072337558));
#4998=DIRECTION('ref_axis',(0.,-0.309086072337558,-0.951034068730948));
#4999=DIRECTION('',(0.,-0.309086072337558,-0.951034068730948));
#5000=DIRECTION('center_axis',(0.,0.,-1.));
#5001=DIRECTION('ref_axis',(-1.,0.,0.));
#5002=DIRECTION('',(0.,0.,-1.));
#5003=DIRECTION('center_axis',(0.,0.,-1.));
#5004=DIRECTION('ref_axis',(-1.,0.,0.));
#5005=DIRECTION('center_axis',(0.,0.,1.));
#5006=DIRECTION('ref_axis',(-1.,0.,0.));
#5007=DIRECTION('center_axis',(0.,0.,-1.));
#5008=DIRECTION('ref_axis',(-1.,0.,0.));
#5009=DIRECTION('',(0.,0.,-1.));
#5010=DIRECTION('center_axis',(0.,0.,-1.));
#5011=DIRECTION('ref_axis',(-1.,0.,0.));
#5012=DIRECTION('center_axis',(0.,0.,1.));
#5013=DIRECTION('ref_axis',(-1.,0.,0.));
#5014=DIRECTION('center_axis',(0.,0.,-1.));
#5015=DIRECTION('ref_axis',(-1.,0.,0.));
#5016=DIRECTION('',(0.,0.,-1.));
#5017=DIRECTION('center_axis',(0.,0.,-1.));
#5018=DIRECTION('ref_axis',(-1.,0.,0.));
#5019=DIRECTION('center_axis',(0.,0.,1.));
#5020=DIRECTION('ref_axis',(-1.,0.,0.));
#5021=DIRECTION('center_axis',(-1.,0.,0.));
#5022=DIRECTION('ref_axis',(0.,0.,1.));
#5023=DIRECTION('',(0.,0.,1.));
#5024=DIRECTION('center_axis',(0.,1.,0.));
#5025=DIRECTION('ref_axis',(0.,0.,1.));
#5026=DIRECTION('center_axis',(0.,0.,1.));
#5027=DIRECTION('ref_axis',(1.,0.,0.));
#5028=DIRECTION('',(1.,0.,0.));
#5029=DIRECTION('',(0.,1.,0.));
#5030=DIRECTION('',(1.,0.,0.));
#5031=DIRECTION('',(0.,1.,0.));
#5032=DIRECTION('center_axis',(0.,1.,0.));
#5033=DIRECTION('ref_axis',(0.,0.,1.));
#5034=DIRECTION('',(0.,0.,-1.));
#5035=DIRECTION('',(0.,0.,1.));
#5036=DIRECTION('',(-1.,0.,0.));
#5037=DIRECTION('center_axis',(-1.,0.,0.));
#5038=DIRECTION('ref_axis',(0.,0.,1.));
#5039=DIRECTION('',(0.,0.,1.));
#5040=DIRECTION('',(0.,1.,0.));
#5041=DIRECTION('center_axis',(0.,0.,-1.));
#5042=DIRECTION('ref_axis',(-1.,0.,0.));
#5043=DIRECTION('',(-1.,0.,0.));
#5044=DIRECTION('',(0.,-1.,0.));
#5045=DIRECTION('center_axis',(1.,0.,0.));
#5046=DIRECTION('ref_axis',(0.,0.,1.));
#5047=DIRECTION('',(0.,0.,-1.));
#5048=DIRECTION('',(0.,1.,0.));
#5049=DIRECTION('',(0.,0.,1.));
#5050=DIRECTION('',(0.,-1.,0.));
#5051=DIRECTION('',(0.,0.,-1.));
#5052=DIRECTION('center_axis',(1.,0.,0.));
#5053=DIRECTION('ref_axis',(0.,0.,1.));
#5054=DIRECTION('',(0.,1.,0.));
#5055=DIRECTION('',(0.,0.,-1.));
#5056=DIRECTION('',(0.,-1.,0.));
#5057=DIRECTION('',(0.,0.,1.));
#5058=DIRECTION('center_axis',(0.,-1.,0.));
#5059=DIRECTION('ref_axis',(1.,0.,0.));
#5060=DIRECTION('',(-1.,0.,0.));
#5061=DIRECTION('',(-1.,0.,0.));
#5062=DIRECTION('center_axis',(0.,0.,1.));
#5063=DIRECTION('ref_axis',(-1.,0.,0.));
#5064=DIRECTION('',(-1.,0.,0.));
#5065=DIRECTION('center_axis',(0.,1.,0.));
#5066=DIRECTION('ref_axis',(-1.,0.,0.));
#5067=DIRECTION('',(-1.,0.,0.));
#5068=DIRECTION('center_axis',(0.,0.,-1.));
#5069=DIRECTION('ref_axis',(1.,0.,0.));
#5070=DIRECTION('center_axis',(0.,1.,0.));
#5071=DIRECTION('ref_axis',(0.,0.,1.));
#5072=DIRECTION('',(1.,0.,0.));
#5073=DIRECTION('',(0.,0.,-1.));
#5074=DIRECTION('',(-1.,0.,0.));
#5075=DIRECTION('',(0.,0.,1.));
#5076=DIRECTION('center_axis',(0.,1.,0.));
#5077=DIRECTION('ref_axis',(0.,0.,1.));
#5078=DIRECTION('',(-1.,0.,0.));
#5079=DIRECTION('',(0.,0.,-1.));
#5080=DIRECTION('',(1.,0.,0.));
#5081=DIRECTION('',(0.,0.,1.));
#5082=DIRECTION('center_axis',(1.,0.,0.));
#5083=DIRECTION('ref_axis',(0.,1.,0.));
#5084=DIRECTION('',(0.,-1.,0.));
#5085=DIRECTION('',(0.,-1.,0.));
#5086=DIRECTION('center_axis',(0.,0.,1.));
#5087=DIRECTION('ref_axis',(0.,-1.,0.));
#5088=DIRECTION('',(0.,-1.,0.));
#5089=DIRECTION('center_axis',(-1.,0.,0.));
#5090=DIRECTION('ref_axis',(0.,-1.,0.));
#5091=DIRECTION('',(0.,-1.,0.));
#5092=DIRECTION('center_axis',(0.,0.,-1.));
#5093=DIRECTION('ref_axis',(0.,1.,0.));
#5094=DIRECTION('center_axis',(0.,1.,0.));
#5095=DIRECTION('ref_axis',(0.,0.,1.));
#5096=DIRECTION('',(-1.,0.,0.));
#5097=DIRECTION('',(0.,0.,1.));
#5098=DIRECTION('',(1.,0.,0.));
#5099=DIRECTION('',(0.,0.,-1.));
#5100=DIRECTION('center_axis',(0.,1.,0.));
#5101=DIRECTION('ref_axis',(0.,0.,1.));
#5102=DIRECTION('',(-1.,0.,0.));
#5103=DIRECTION('',(0.,0.,-1.));
#5104=DIRECTION('',(1.,0.,0.));
#5105=DIRECTION('',(0.,0.,1.));
#5106=DIRECTION('center_axis',(1.,0.,0.));
#5107=DIRECTION('ref_axis',(0.,1.,0.));
#5108=DIRECTION('',(0.,-1.,0.));
#5109=DIRECTION('',(0.,-1.,0.));
#5110=DIRECTION('center_axis',(0.,0.,1.));
#5111=DIRECTION('ref_axis',(0.,-1.,0.));
#5112=DIRECTION('',(0.,-1.,0.));
#5113=DIRECTION('center_axis',(-1.,0.,0.));
#5114=DIRECTION('ref_axis',(0.,-1.,0.));
#5115=DIRECTION('',(0.,-1.,0.));
#5116=DIRECTION('center_axis',(0.,0.,-1.));
#5117=DIRECTION('ref_axis',(0.,1.,0.));
#5118=DIRECTION('center_axis',(0.205075886546729,0.205075777729208,0.957020274678564));
#5119=DIRECTION('ref_axis',(0.692077987208477,-0.721794646030756,0.0063677769118616));
#5120=DIRECTION('',(0.205075886546729,0.205075777729208,0.957020274678564));
#5121=DIRECTION('center_axis',(0.,-0.209529093208605,-0.977802413117896));
#5122=DIRECTION('ref_axis',(1.,0.,-2.23401815077524E-17));
#5123=DIRECTION('',(-0.205075886546729,-0.205075777729208,-0.957020274678564));
#5124=DIRECTION('center_axis',(0.77623317583917,0.132096761715644,0.616451540894235));
#5125=DIRECTION('ref_axis',(0.6304459189547,-0.162643433452016,-0.759002672477708));
#5126=DIRECTION('center_axis',(1.,0.,0.));
#5127=DIRECTION('ref_axis',(0.,-0.839570159639906,-0.543251274312562));
#5128=DIRECTION('',(1.,0.,0.));
#5129=DIRECTION('',(-1.,0.,0.));
#5130=DIRECTION('center_axis',(0.776233140852225,-0.132096770741629,-0.616451583015506));
#5131=DIRECTION('ref_axis',(-0.630445962032187,-0.162643426121232,-0.75900263826739));
#5132=DIRECTION('center_axis',(0.205075777914622,-0.205075782498424,-0.957020296934904));
#5133=DIRECTION('ref_axis',(-0.692078003303353,-0.721794629935884,0.00636785202126289));
#5134=DIRECTION('',(-0.205075777914622,0.205075782498424,0.957020296934904));
#5135=DIRECTION('center_axis',(0.,-0.209529093208605,-0.977802413117896));
#5136=DIRECTION('ref_axis',(-1.,-1.42977164974674E-15,2.68082184327513E-16));
#5137=DIRECTION('',(0.205075777914622,-0.205075782498424,-0.957020296934904));
#5138=DIRECTION('center_axis',(0.978746075730101,-0.0429693645470868,-0.200523696737684));
#5139=DIRECTION('ref_axis',(0.205075886546729,0.205075777729207,0.957020274678564));
#5140=DIRECTION('',(0.,-0.977802413117896,0.209529093208605));
#5141=DIRECTION('',(-0.205075886546729,-0.205075777729207,-0.957020274678564));
#5142=DIRECTION('',(0.,-0.977802413117896,0.209529093208605));
#5143=DIRECTION('center_axis',(0.,-0.209529093208605,-0.977802413117896));
#5144=DIRECTION('ref_axis',(1.,0.,0.));
#5145=DIRECTION('',(0.,-0.977802413117896,0.209529093208605));
#5146=DIRECTION('',(-1.,0.,0.));
#5147=DIRECTION('center_axis',(-0.978746098491694,-0.0429693417855,-0.200523590516947));
#5148=DIRECTION('ref_axis',(0.205075777914622,-0.205075782498423,-0.957020296934904));
#5149=DIRECTION('',(0.,-0.977802413117896,0.209529093208605));
#5150=DIRECTION('',(-0.205075777914622,0.205075782498423,0.957020296934904));
#5151=DIRECTION('center_axis',(0.,0.209529093208605,0.977802413117896));
#5152=DIRECTION('ref_axis',(-1.,0.,0.));
#5153=DIRECTION('',(-1.,0.,0.));
#5154=DIRECTION('',(-1.,0.,0.));
#5155=DIRECTION('center_axis',(0.,0.977802413117896,-0.209529093208604));
#5156=DIRECTION('ref_axis',(1.,0.,0.));
#5157=DIRECTION('center_axis',(0.,-0.977802413117896,0.209529093208605));
#5158=DIRECTION('ref_axis',(0.,-0.209529093208605,-0.977802413117896));
#5159=DIRECTION('center_axis',(0.,0.,-1.));
#5160=DIRECTION('ref_axis',(0.,1.,0.));
#5161=DIRECTION('',(0.,-1.,0.));
#5162=DIRECTION('',(-1.,0.,0.));
#5163=DIRECTION('',(0.,-1.,0.));
#5164=DIRECTION('',(1.,0.,0.));
#5165=DIRECTION('center_axis',(-1.,0.,0.));
#5166=DIRECTION('ref_axis',(0.,-1.,0.));
#5167=DIRECTION('',(0.,0.,1.));
#5168=DIRECTION('',(0.,-1.,0.));
#5169=DIRECTION('',(0.,0.,-1.));
#5170=DIRECTION('center_axis',(0.,0.,1.));
#5171=DIRECTION('ref_axis',(0.,-1.,0.));
#5172=DIRECTION('',(1.,0.,0.));
#5173=DIRECTION('',(0.,-1.,0.));
#5174=DIRECTION('',(-1.,0.,0.));
#5175=DIRECTION('center_axis',(1.,0.,0.));
#5176=DIRECTION('ref_axis',(0.,1.,0.));
#5177=DIRECTION('',(0.,0.,-1.));
#5178=DIRECTION('',(0.,0.,1.));
#5179=DIRECTION('center_axis',(0.,1.,0.));
#5180=DIRECTION('ref_axis',(0.,0.,1.));
#5181=DIRECTION('',(0.,0.,1.));
#5182=DIRECTION('',(0.,0.,1.));
#5183=DIRECTION('',(0.,0.,1.));
#5184=DIRECTION('',(1.,0.,0.));
#5185=DIRECTION('',(0.,0.,-1.));
#5186=DIRECTION('',(0.,0.,-1.));
#5187=DIRECTION('',(0.,0.,-1.));
#5188=DIRECTION('',(-1.,0.,0.));
#5189=DIRECTION('center_axis',(0.,1.,0.));
#5190=DIRECTION('ref_axis',(0.,0.,1.));
#5191=DIRECTION('center_axis',(0.,0.,-1.));
#5192=DIRECTION('ref_axis',(0.,1.,0.));
#5193=DIRECTION('',(0.,-1.,0.));
#5194=DIRECTION('',(1.,0.,0.));
#5195=DIRECTION('',(0.,-1.,0.));
#5196=DIRECTION('center_axis',(1.,0.,0.));
#5197=DIRECTION('ref_axis',(0.,1.,0.));
#5198=DIRECTION('',(0.,-0.868243150882376,0.49613892303048));
#5199=DIRECTION('',(0.,-1.,0.));
#5200=DIRECTION('',(0.,0.,1.));
#5201=DIRECTION('',(0.,0.868243150882376,-0.496138923030479));
#5202=DIRECTION('',(0.,-0.496138923030479,-0.868243150882376));
#5203=DIRECTION('center_axis',(0.,1.,0.));
#5204=DIRECTION('ref_axis',(0.,0.,1.));
#5205=DIRECTION('',(-1.,0.,0.));
#5206=DIRECTION('',(0.,0.,-1.));
#5207=DIRECTION('center_axis',(0.,0.,1.));
#5208=DIRECTION('ref_axis',(0.,-1.,0.));
#5209=DIRECTION('',(0.,-1.,0.));
#5210=DIRECTION('center_axis',(-1.,0.,0.));
#5211=DIRECTION('ref_axis',(0.,-1.,0.));
#5212=DIRECTION('',(0.,-0.868243150882376,0.496138923030479));
#5213=DIRECTION('',(0.,0.868243150882376,-0.49613892303048));
#5214=DIRECTION('',(0.,0.496138923030479,0.868243150882376));
#5215=DIRECTION('center_axis',(0.,0.49613892303048,0.868243150882376));
#5216=DIRECTION('ref_axis',(0.,-0.868243150882376,0.49613892303048));
#5217=DIRECTION('',(1.,0.,0.));
#5218=DIRECTION('',(-1.19848212631746E-7,-0.868243150882369,0.496138923030476));
#5219=DIRECTION('',(-1.,0.,0.));
#5220=DIRECTION('',(0.,0.868243150882376,-0.49613892303048));
#5221=DIRECTION('center_axis',(0.,0.496138923030479,0.868243150882376));
#5222=DIRECTION('ref_axis',(1.,0.,0.));
#5223=DIRECTION('',(-1.,0.,0.));
#5224=DIRECTION('',(0.,-0.868243150882376,0.49613892303048));
#5225=DIRECTION('',(1.,0.,0.));
#5226=DIRECTION('',(1.19848212631746E-7,0.868243150882369,-0.496138923030476));
#5227=DIRECTION('center_axis',(0.,0.868243150882376,-0.496138923030479));
#5228=DIRECTION('ref_axis',(-1.,0.,0.));
#5229=DIRECTION('center_axis',(-1.,0.,0.));
#5230=DIRECTION('ref_axis',(0.,-0.868243150882376,0.49613892303048));
#5231=DIRECTION('',(0.,0.496138923030479,0.868243150882376));
#5232=DIRECTION('center_axis',(0.,-0.868243150882376,0.496138923030479));
#5233=DIRECTION('ref_axis',(1.,0.,0.));
#5234=DIRECTION('',(0.,0.496138923030479,0.868243150882376));
#5235=DIRECTION('center_axis',(0.999999999999993,-1.04057389763008E-7,5.94613631422425E-8));
#5236=DIRECTION('ref_axis',(1.19848212631746E-7,0.868243150882369,-0.496138923030476));
#5237=DIRECTION('center_axis',(0.,0.,1.));
#5238=DIRECTION('ref_axis',(1.,0.,0.));
#5239=DIRECTION('center_axis',(0.,0.,-1.));
#5240=DIRECTION('ref_axis',(1.,0.,0.));
#5241=DIRECTION('center_axis',(0.,-1.,0.));
#5242=DIRECTION('ref_axis',(-1.,0.,0.));
#5243=DIRECTION('center_axis',(0.,0.,1.));
#5244=DIRECTION('ref_axis',(1.,0.,0.));
#5245=DIRECTION('center_axis',(0.,0.,1.));
#5246=DIRECTION('ref_axis',(1.,0.,0.));
#5247=DIRECTION('center_axis',(0.,0.,1.));
#5248=DIRECTION('ref_axis',(1.,0.,0.));
#5249=DIRECTION('',(0.,0.,-1.));
#5250=DIRECTION('center_axis',(0.,0.,1.));
#5251=DIRECTION('ref_axis',(1.,0.,0.));
#5252=DIRECTION('center_axis',(0.,0.,1.));
#5253=DIRECTION('ref_axis',(1.,0.,0.));
#5254=DIRECTION('center_axis',(0.,0.,-1.));
#5255=DIRECTION('ref_axis',(1.,0.,0.));
#5256=DIRECTION('center_axis',(0.,-1.,0.));
#5257=DIRECTION('ref_axis',(-1.,0.,0.));
#5258=DIRECTION('center_axis',(0.,0.,1.));
#5259=DIRECTION('ref_axis',(1.,0.,0.));
#5260=DIRECTION('center_axis',(0.,0.,1.));
#5261=DIRECTION('ref_axis',(1.,0.,0.));
#5262=DIRECTION('center_axis',(0.,0.,1.));
#5263=DIRECTION('ref_axis',(1.,0.,0.));
#5264=DIRECTION('',(0.,0.,-1.));
#5265=DIRECTION('center_axis',(0.,0.,1.));
#5266=DIRECTION('ref_axis',(1.,0.,0.));
#5267=DIRECTION('center_axis',(0.,0.,1.));
#5268=DIRECTION('ref_axis',(1.,0.,0.));
#5269=DIRECTION('center_axis',(0.,0.,-1.));
#5270=DIRECTION('ref_axis',(1.,0.,0.));
#5271=DIRECTION('center_axis',(0.,-1.,0.));
#5272=DIRECTION('ref_axis',(-1.,0.,0.));
#5273=DIRECTION('center_axis',(0.,0.,1.));
#5274=DIRECTION('ref_axis',(1.,0.,0.));
#5275=DIRECTION('center_axis',(0.,0.,1.));
#5276=DIRECTION('ref_axis',(1.,0.,0.));
#5277=DIRECTION('center_axis',(0.,0.,1.));
#5278=DIRECTION('ref_axis',(1.,0.,0.));
#5279=DIRECTION('',(0.,0.,-1.));
#5280=DIRECTION('center_axis',(0.,0.,1.));
#5281=DIRECTION('ref_axis',(1.,0.,0.));
#5282=DIRECTION('center_axis',(0.,0.,-1.));
#5283=DIRECTION('ref_axis',(-1.,0.,0.));
#5284=DIRECTION('center_axis',(0.,0.,1.));
#5285=DIRECTION('ref_axis',(-0.706476037744978,-0.707736962502423,0.));
#5286=DIRECTION('center_axis',(0.,0.,-1.));
#5287=DIRECTION('ref_axis',(-0.706476037744978,-0.707736962502423,0.));
#5288=DIRECTION('center_axis',(1.,0.,0.));
#5289=DIRECTION('ref_axis',(0.,0.,1.));
#5290=DIRECTION('',(0.,1.,0.));
#5291=DIRECTION('',(0.,1.,0.));
#5292=DIRECTION('',(0.,0.,1.));
#5293=DIRECTION('center_axis',(0.,0.,1.));
#5294=DIRECTION('ref_axis',(1.,0.,0.));
#5295=DIRECTION('',(-1.,-2.22044604925031E-16,0.));
#5296=DIRECTION('center_axis',(0.,0.,-1.));
#5297=DIRECTION('ref_axis',(-1.,0.,0.));
#5298=DIRECTION('center_axis',(0.,0.,-1.));
#5299=DIRECTION('ref_axis',(-1.,0.,0.));
#5300=DIRECTION('center_axis',(0.,0.,1.));
#5301=DIRECTION('ref_axis',(0.706476041553994,-0.707736958700193,0.));
#5302=DIRECTION('center_axis',(0.,0.,-1.));
#5303=DIRECTION('ref_axis',(0.706476041553994,-0.707736958700193,0.));
#5304=DIRECTION('center_axis',(-1.,0.,0.));
#5305=DIRECTION('ref_axis',(0.,0.,-1.));
#5306=DIRECTION('',(0.,0.,-1.));
#5307=DIRECTION('',(0.,-1.,0.));
#5308=DIRECTION('',(0.,-1.,0.));
#5309=DIRECTION('center_axis',(0.,0.,1.));
#5310=DIRECTION('ref_axis',(1.,0.,0.));
#5311=DIRECTION('center_axis',(0.,0.,-1.));
#5312=DIRECTION('ref_axis',(-1.,0.,0.));
#5313=DIRECTION('',(0.,0.,1.));
#5314=DIRECTION('center_axis',(0.,0.,-1.));
#5315=DIRECTION('ref_axis',(1.,0.,0.));
#5316=DIRECTION('',(0.,0.,-1.));
#5317=DIRECTION('center_axis',(0.,0.,-1.));
#5318=DIRECTION('ref_axis',(1.,0.,0.));
#5319=DIRECTION('',(0.,0.,1.));
#5320=DIRECTION('center_axis',(0.,0.,-1.));
#5321=DIRECTION('ref_axis',(1.,0.,0.));
#5322=DIRECTION('',(0.,0.,-1.));
#5323=DIRECTION('center_axis',(0.,0.,-1.));
#5324=DIRECTION('ref_axis',(0.707736690353772,0.706476310379258,0.));
#5325=DIRECTION('',(0.,0.,1.));
#5326=DIRECTION('center_axis',(0.,0.,-1.));
#5327=DIRECTION('ref_axis',(1.,0.,0.));
#5328=DIRECTION('',(0.,0.,-1.));
#5329=DIRECTION('center_axis',(0.,0.,-1.));
#5330=DIRECTION('ref_axis',(-0.707736686551539,0.706476314188273,0.));
#5331=DIRECTION('',(0.,0.,1.));
#5332=DIRECTION('center_axis',(0.,0.,-1.));
#5333=DIRECTION('ref_axis',(1.,0.,0.));
#5334=DIRECTION('center_axis',(0.,0.,-1.));
#5335=DIRECTION('ref_axis',(-1.,0.,0.));
#5336=DIRECTION('center_axis',(0.,0.,-1.));
#5337=DIRECTION('ref_axis',(-1.,0.,0.));
#5338=DIRECTION('center_axis',(0.,0.,1.));
#5339=DIRECTION('ref_axis',(0.707736690353772,0.706476310379258,0.));
#5340=DIRECTION('center_axis',(2.22044604925031E-16,-1.,0.));
#5341=DIRECTION('ref_axis',(0.,0.,-1.));
#5342=DIRECTION('',(1.,2.22044604925031E-16,0.));
#5343=DIRECTION('',(0.,0.,1.));
#5344=DIRECTION('',(1.,2.22044604925031E-16,0.));
#5345=DIRECTION('center_axis',(0.,0.,-1.));
#5346=DIRECTION('ref_axis',(-1.,0.,0.));
#5347=DIRECTION('center_axis',(0.,0.,1.));
#5348=DIRECTION('ref_axis',(-0.70773668655154,0.706476314188273,0.));
#5349=DIRECTION('center_axis',(1.,0.,0.));
#5350=DIRECTION('ref_axis',(0.,0.,1.));
#5351=DIRECTION('',(0.,1.,0.));
#5352=DIRECTION('',(0.,1.,0.));
#5353=DIRECTION('center_axis',(0.,1.,0.));
#5354=DIRECTION('ref_axis',(1.,0.,0.));
#5355=DIRECTION('center_axis',(0.,0.,1.));
#5356=DIRECTION('ref_axis',(-1.,0.,0.));
#5357=DIRECTION('center_axis',(0.,0.,-1.));
#5358=DIRECTION('ref_axis',(-1.,0.,0.));
#5359=DIRECTION('center_axis',(-2.22044604925031E-16,1.,0.));
#5360=DIRECTION('ref_axis',(0.,0.,1.));
#5361=DIRECTION('',(-1.,-2.22044604925031E-16,0.));
#5362=DIRECTION('',(0.,0.,-1.));
#5363=DIRECTION('center_axis',(2.22044604925031E-16,-1.,0.));
#5364=DIRECTION('ref_axis',(0.,0.,-1.));
#5365=DIRECTION('',(1.,2.22044604925031E-16,0.));
#5366=DIRECTION('',(0.,0.,-1.));
#5367=DIRECTION('',(1.,2.22044604925031E-16,0.));
#5368=DIRECTION('center_axis',(0.,0.,1.));
#5369=DIRECTION('ref_axis',(1.,0.,0.));
#5370=DIRECTION('center_axis',(0.,0.,-1.));
#5371=DIRECTION('ref_axis',(-1.,0.,0.));
#5372=DIRECTION('center_axis',(0.,0.,1.));
#5373=DIRECTION('ref_axis',(0.,-1.,0.));
#5374=DIRECTION('',(0.,-1.,0.));
#5375=DIRECTION('center_axis',(0.,0.,-1.));
#5376=DIRECTION('ref_axis',(1.,0.,0.));
#5377=DIRECTION('center_axis',(0.,0.,1.));
#5378=DIRECTION('ref_axis',(0.,-1.,0.));
#5379=DIRECTION('',(-2.22044604925031E-16,1.,0.));
#5380=DIRECTION('center_axis',(0.,0.,1.));
#5381=DIRECTION('ref_axis',(0.,-1.,0.));
#5382=DIRECTION('',(-1.,-2.22044604925031E-16,0.));
#5383=DIRECTION('',(-2.22044604925031E-16,1.,0.));
#5384=DIRECTION('center_axis',(-1.,0.,0.));
#5385=DIRECTION('ref_axis',(0.,0.,-1.));
#5386=DIRECTION('',(0.,-1.,0.));
#5387=DIRECTION('center_axis',(0.,0.,1.));
#5388=DIRECTION('ref_axis',(-1.,0.,0.));
#5389=DIRECTION('center_axis',(0.,0.,1.));
#5390=DIRECTION('ref_axis',(-1.,0.,0.));
#5391=DIRECTION('center_axis',(0.,0.,1.));
#5392=DIRECTION('ref_axis',(-1.,0.,0.));
#5393=DIRECTION('center_axis',(1.,2.22044604925031E-16,0.));
#5394=DIRECTION('ref_axis',(0.,0.,-1.));
#5395=DIRECTION('center_axis',(0.,0.,1.));
#5396=DIRECTION('ref_axis',(1.,0.,0.));
#5397=DIRECTION('center_axis',(0.,0.,-1.));
#5398=DIRECTION('ref_axis',(1.,0.,0.));
#5399=DIRECTION('center_axis',(0.,0.,1.));
#5400=DIRECTION('ref_axis',(1.,0.,0.));
#5401=DIRECTION('center_axis',(0.,0.,-1.));
#5402=DIRECTION('ref_axis',(1.,0.,0.));
#5403=DIRECTION('center_axis',(0.,0.,1.));
#5404=DIRECTION('ref_axis',(1.,0.,0.));
#5405=DIRECTION('center_axis',(0.,0.,1.));
#5406=DIRECTION('ref_axis',(1.,0.,0.));
#5407=DIRECTION('',(-1.,-2.22044604925031E-16,0.));
#5408=DIRECTION('center_axis',(-2.22044604925031E-16,1.,0.));
#5409=DIRECTION('ref_axis',(0.,0.,1.));
#5410=DIRECTION('',(0.,0.,-1.));
#5411=DIRECTION('center_axis',(-1.,-2.22044604925031E-16,0.));
#5412=DIRECTION('ref_axis',(0.,0.,1.));
#5413=DIRECTION('center_axis',(0.,0.,1.));
#5414=DIRECTION('ref_axis',(0.,-1.,0.));
#5415=DIRECTION('center_axis',(0.,0.,-1.));
#5416=DIRECTION('ref_axis',(1.,0.,0.));
#5417=DIRECTION('center_axis',(0.,0.,1.));
#5418=DIRECTION('ref_axis',(1.,0.,0.));
#5419=DIRECTION('',(0.,0.,-1.));
#5420=DIRECTION('center_axis',(0.,0.,-1.));
#5421=DIRECTION('ref_axis',(1.,0.,0.));
#5422=DIRECTION('center_axis',(0.,0.,-1.));
#5423=DIRECTION('ref_axis',(1.,0.,0.));
#5424=DIRECTION('center_axis',(0.,0.,-1.));
#5425=DIRECTION('ref_axis',(-1.,0.,0.));
#5426=DIRECTION('center_axis',(0.,0.,-1.));
#5427=DIRECTION('ref_axis',(-1.,0.,0.));
#5428=DIRECTION('center_axis',(0.,0.,1.));
#5429=DIRECTION('ref_axis',(-0.706476037744978,-0.707736962502423,0.));
#5430=DIRECTION('center_axis',(0.,0.,-1.));
#5431=DIRECTION('ref_axis',(-0.706476037744978,-0.707736962502423,0.));
#5432=DIRECTION('center_axis',(1.,0.,0.));
#5433=DIRECTION('ref_axis',(0.,0.,1.));
#5434=DIRECTION('',(0.,1.,0.));
#5435=DIRECTION('',(0.,1.,0.));
#5436=DIRECTION('',(0.,0.,1.));
#5437=DIRECTION('center_axis',(0.,0.,1.));
#5438=DIRECTION('ref_axis',(1.,0.,0.));
#5439=DIRECTION('',(-1.,-2.22044604925031E-16,0.));
#5440=DIRECTION('center_axis',(0.,0.,-1.));
#5441=DIRECTION('ref_axis',(-1.,0.,0.));
#5442=DIRECTION('center_axis',(0.,0.,-1.));
#5443=DIRECTION('ref_axis',(-1.,0.,0.));
#5444=DIRECTION('center_axis',(0.,0.,1.));
#5445=DIRECTION('ref_axis',(0.706476041553994,-0.707736958700193,0.));
#5446=DIRECTION('center_axis',(0.,0.,-1.));
#5447=DIRECTION('ref_axis',(0.706476041553994,-0.707736958700193,0.));
#5448=DIRECTION('center_axis',(-1.,0.,0.));
#5449=DIRECTION('ref_axis',(0.,0.,-1.));
#5450=DIRECTION('',(0.,0.,-1.));
#5451=DIRECTION('',(0.,-1.,0.));
#5452=DIRECTION('',(0.,-1.,0.));
#5453=DIRECTION('center_axis',(0.,0.,1.));
#5454=DIRECTION('ref_axis',(1.,0.,0.));
#5455=DIRECTION('center_axis',(0.,0.,-1.));
#5456=DIRECTION('ref_axis',(-1.,0.,0.));
#5457=DIRECTION('',(0.,0.,1.));
#5458=DIRECTION('center_axis',(0.,0.,-1.));
#5459=DIRECTION('ref_axis',(1.,0.,0.));
#5460=DIRECTION('',(0.,0.,-1.));
#5461=DIRECTION('center_axis',(0.,0.,-1.));
#5462=DIRECTION('ref_axis',(1.,0.,0.));
#5463=DIRECTION('',(0.,0.,1.));
#5464=DIRECTION('center_axis',(0.,0.,-1.));
#5465=DIRECTION('ref_axis',(1.,0.,0.));
#5466=DIRECTION('',(0.,0.,-1.));
#5467=DIRECTION('center_axis',(0.,0.,-1.));
#5468=DIRECTION('ref_axis',(0.707736690353772,0.706476310379258,0.));
#5469=DIRECTION('',(0.,0.,1.));
#5470=DIRECTION('center_axis',(0.,0.,-1.));
#5471=DIRECTION('ref_axis',(1.,0.,0.));
#5472=DIRECTION('',(0.,0.,-1.));
#5473=DIRECTION('center_axis',(0.,0.,-1.));
#5474=DIRECTION('ref_axis',(-0.707736686551539,0.706476314188273,0.));
#5475=DIRECTION('',(0.,0.,1.));
#5476=DIRECTION('center_axis',(0.,0.,-1.));
#5477=DIRECTION('ref_axis',(1.,0.,0.));
#5478=DIRECTION('center_axis',(0.,0.,-1.));
#5479=DIRECTION('ref_axis',(-1.,0.,0.));
#5480=DIRECTION('center_axis',(0.,0.,-1.));
#5481=DIRECTION('ref_axis',(-1.,0.,0.));
#5482=DIRECTION('center_axis',(0.,0.,1.));
#5483=DIRECTION('ref_axis',(0.707736690353772,0.706476310379258,0.));
#5484=DIRECTION('center_axis',(2.22044604925031E-16,-1.,0.));
#5485=DIRECTION('ref_axis',(0.,0.,-1.));
#5486=DIRECTION('',(1.,2.22044604925031E-16,0.));
#5487=DIRECTION('',(0.,0.,1.));
#5488=DIRECTION('',(1.,2.22044604925031E-16,0.));
#5489=DIRECTION('center_axis',(0.,0.,-1.));
#5490=DIRECTION('ref_axis',(-1.,0.,0.));
#5491=DIRECTION('center_axis',(0.,0.,1.));
#5492=DIRECTION('ref_axis',(-0.70773668655154,0.706476314188273,0.));
#5493=DIRECTION('center_axis',(1.,0.,0.));
#5494=DIRECTION('ref_axis',(0.,0.,1.));
#5495=DIRECTION('',(0.,1.,0.));
#5496=DIRECTION('',(0.,1.,0.));
#5497=DIRECTION('center_axis',(0.,1.,0.));
#5498=DIRECTION('ref_axis',(1.,0.,0.));
#5499=DIRECTION('center_axis',(0.,0.,1.));
#5500=DIRECTION('ref_axis',(-1.,0.,0.));
#5501=DIRECTION('center_axis',(0.,0.,-1.));
#5502=DIRECTION('ref_axis',(-1.,0.,0.));
#5503=DIRECTION('center_axis',(-2.22044604925031E-16,1.,0.));
#5504=DIRECTION('ref_axis',(0.,0.,1.));
#5505=DIRECTION('',(-1.,-2.22044604925031E-16,0.));
#5506=DIRECTION('',(0.,0.,-1.));
#5507=DIRECTION('center_axis',(2.22044604925031E-16,-1.,0.));
#5508=DIRECTION('ref_axis',(0.,0.,-1.));
#5509=DIRECTION('',(1.,2.22044604925031E-16,0.));
#5510=DIRECTION('',(0.,0.,-1.));
#5511=DIRECTION('',(1.,2.22044604925031E-16,0.));
#5512=DIRECTION('center_axis',(0.,0.,1.));
#5513=DIRECTION('ref_axis',(1.,0.,0.));
#5514=DIRECTION('center_axis',(0.,0.,-1.));
#5515=DIRECTION('ref_axis',(-1.,0.,0.));
#5516=DIRECTION('center_axis',(0.,0.,1.));
#5517=DIRECTION('ref_axis',(0.,-1.,0.));
#5518=DIRECTION('',(0.,-1.,0.));
#5519=DIRECTION('center_axis',(0.,0.,-1.));
#5520=DIRECTION('ref_axis',(1.,0.,0.));
#5521=DIRECTION('center_axis',(0.,0.,1.));
#5522=DIRECTION('ref_axis',(0.,-1.,0.));
#5523=DIRECTION('',(-2.22044604925031E-16,1.,0.));
#5524=DIRECTION('center_axis',(0.,0.,1.));
#5525=DIRECTION('ref_axis',(0.,-1.,0.));
#5526=DIRECTION('',(-1.,-2.22044604925031E-16,0.));
#5527=DIRECTION('',(-2.22044604925031E-16,1.,0.));
#5528=DIRECTION('center_axis',(-1.,0.,0.));
#5529=DIRECTION('ref_axis',(0.,0.,-1.));
#5530=DIRECTION('',(0.,-1.,0.));
#5531=DIRECTION('center_axis',(0.,0.,1.));
#5532=DIRECTION('ref_axis',(-1.,0.,0.));
#5533=DIRECTION('center_axis',(0.,0.,1.));
#5534=DIRECTION('ref_axis',(-1.,0.,0.));
#5535=DIRECTION('center_axis',(0.,0.,1.));
#5536=DIRECTION('ref_axis',(-1.,0.,0.));
#5537=DIRECTION('center_axis',(1.,2.22044604925031E-16,0.));
#5538=DIRECTION('ref_axis',(0.,0.,-1.));
#5539=DIRECTION('center_axis',(0.,0.,1.));
#5540=DIRECTION('ref_axis',(1.,0.,0.));
#5541=DIRECTION('center_axis',(0.,0.,-1.));
#5542=DIRECTION('ref_axis',(1.,0.,0.));
#5543=DIRECTION('center_axis',(0.,0.,1.));
#5544=DIRECTION('ref_axis',(1.,0.,0.));
#5545=DIRECTION('center_axis',(0.,0.,-1.));
#5546=DIRECTION('ref_axis',(1.,0.,0.));
#5547=DIRECTION('center_axis',(0.,0.,1.));
#5548=DIRECTION('ref_axis',(1.,0.,0.));
#5549=DIRECTION('center_axis',(0.,0.,1.));
#5550=DIRECTION('ref_axis',(1.,0.,0.));
#5551=DIRECTION('',(-1.,-2.22044604925031E-16,0.));
#5552=DIRECTION('center_axis',(-2.22044604925031E-16,1.,0.));
#5553=DIRECTION('ref_axis',(0.,0.,1.));
#5554=DIRECTION('',(0.,0.,-1.));
#5555=DIRECTION('center_axis',(-1.,-2.22044604925031E-16,0.));
#5556=DIRECTION('ref_axis',(0.,0.,1.));
#5557=DIRECTION('center_axis',(0.,0.,1.));
#5558=DIRECTION('ref_axis',(0.,-1.,0.));
#5559=DIRECTION('center_axis',(0.,0.,-1.));
#5560=DIRECTION('ref_axis',(1.,0.,0.));
#5561=DIRECTION('center_axis',(0.,0.,1.));
#5562=DIRECTION('ref_axis',(1.,0.,0.));
#5563=DIRECTION('',(0.,0.,-1.));
#5564=DIRECTION('center_axis',(0.,0.,-1.));
#5565=DIRECTION('ref_axis',(1.,0.,0.));
#5566=DIRECTION('center_axis',(0.,0.,-1.));
#5567=DIRECTION('ref_axis',(1.,0.,0.));
#5568=DIRECTION('center_axis',(0.,0.,-1.));
#5569=DIRECTION('ref_axis',(-1.,0.,0.));
#5570=DIRECTION('center_axis',(0.,0.,-1.));
#5571=DIRECTION('ref_axis',(-1.,0.,0.));
#5572=DIRECTION('center_axis',(0.,0.,1.));
#5573=DIRECTION('ref_axis',(-0.706476037744978,-0.707736962502423,0.));
#5574=DIRECTION('center_axis',(0.,0.,-1.));
#5575=DIRECTION('ref_axis',(-0.706476037744978,-0.707736962502423,0.));
#5576=DIRECTION('center_axis',(1.,0.,0.));
#5577=DIRECTION('ref_axis',(0.,0.,1.));
#5578=DIRECTION('',(0.,1.,0.));
#5579=DIRECTION('',(0.,1.,0.));
#5580=DIRECTION('',(0.,0.,1.));
#5581=DIRECTION('center_axis',(0.,0.,1.));
#5582=DIRECTION('ref_axis',(1.,0.,0.));
#5583=DIRECTION('',(-1.,-2.22044604925031E-16,0.));
#5584=DIRECTION('center_axis',(0.,0.,-1.));
#5585=DIRECTION('ref_axis',(-1.,0.,0.));
#5586=DIRECTION('center_axis',(0.,0.,-1.));
#5587=DIRECTION('ref_axis',(-1.,0.,0.));
#5588=DIRECTION('center_axis',(0.,0.,1.));
#5589=DIRECTION('ref_axis',(0.706476041553994,-0.707736958700193,0.));
#5590=DIRECTION('center_axis',(0.,0.,-1.));
#5591=DIRECTION('ref_axis',(0.706476041553994,-0.707736958700193,0.));
#5592=DIRECTION('center_axis',(-1.,0.,0.));
#5593=DIRECTION('ref_axis',(0.,0.,-1.));
#5594=DIRECTION('',(0.,0.,-1.));
#5595=DIRECTION('',(0.,-1.,0.));
#5596=DIRECTION('',(0.,-1.,0.));
#5597=DIRECTION('center_axis',(0.,0.,1.));
#5598=DIRECTION('ref_axis',(1.,0.,0.));
#5599=DIRECTION('center_axis',(0.,0.,-1.));
#5600=DIRECTION('ref_axis',(-1.,0.,0.));
#5601=DIRECTION('',(0.,0.,1.));
#5602=DIRECTION('center_axis',(0.,0.,-1.));
#5603=DIRECTION('ref_axis',(1.,0.,0.));
#5604=DIRECTION('',(0.,0.,-1.));
#5605=DIRECTION('center_axis',(0.,0.,-1.));
#5606=DIRECTION('ref_axis',(1.,0.,0.));
#5607=DIRECTION('',(0.,0.,1.));
#5608=DIRECTION('center_axis',(0.,0.,-1.));
#5609=DIRECTION('ref_axis',(1.,0.,0.));
#5610=DIRECTION('',(0.,0.,-1.));
#5611=DIRECTION('center_axis',(0.,0.,-1.));
#5612=DIRECTION('ref_axis',(0.707736690353772,0.706476310379258,0.));
#5613=DIRECTION('',(0.,0.,1.));
#5614=DIRECTION('center_axis',(0.,0.,-1.));
#5615=DIRECTION('ref_axis',(1.,0.,0.));
#5616=DIRECTION('',(0.,0.,-1.));
#5617=DIRECTION('center_axis',(0.,0.,-1.));
#5618=DIRECTION('ref_axis',(-0.707736686551539,0.706476314188273,0.));
#5619=DIRECTION('',(0.,0.,1.));
#5620=DIRECTION('center_axis',(0.,0.,-1.));
#5621=DIRECTION('ref_axis',(1.,0.,0.));
#5622=DIRECTION('center_axis',(0.,0.,-1.));
#5623=DIRECTION('ref_axis',(-1.,0.,0.));
#5624=DIRECTION('center_axis',(0.,0.,-1.));
#5625=DIRECTION('ref_axis',(-1.,0.,0.));
#5626=DIRECTION('center_axis',(0.,0.,1.));
#5627=DIRECTION('ref_axis',(0.707736690353772,0.706476310379258,0.));
#5628=DIRECTION('center_axis',(2.22044604925031E-16,-1.,0.));
#5629=DIRECTION('ref_axis',(0.,0.,-1.));
#5630=DIRECTION('',(1.,2.22044604925031E-16,0.));
#5631=DIRECTION('',(0.,0.,1.));
#5632=DIRECTION('',(1.,2.22044604925031E-16,0.));
#5633=DIRECTION('center_axis',(0.,0.,-1.));
#5634=DIRECTION('ref_axis',(-1.,0.,0.));
#5635=DIRECTION('center_axis',(0.,0.,1.));
#5636=DIRECTION('ref_axis',(-0.70773668655154,0.706476314188273,0.));
#5637=DIRECTION('center_axis',(1.,0.,0.));
#5638=DIRECTION('ref_axis',(0.,0.,1.));
#5639=DIRECTION('',(0.,1.,0.));
#5640=DIRECTION('',(0.,1.,0.));
#5641=DIRECTION('center_axis',(0.,1.,0.));
#5642=DIRECTION('ref_axis',(1.,0.,0.));
#5643=DIRECTION('center_axis',(0.,0.,1.));
#5644=DIRECTION('ref_axis',(-1.,0.,0.));
#5645=DIRECTION('center_axis',(0.,0.,-1.));
#5646=DIRECTION('ref_axis',(-1.,0.,0.));
#5647=DIRECTION('center_axis',(-2.22044604925031E-16,1.,0.));
#5648=DIRECTION('ref_axis',(0.,0.,1.));
#5649=DIRECTION('',(-1.,-2.22044604925031E-16,0.));
#5650=DIRECTION('',(0.,0.,-1.));
#5651=DIRECTION('center_axis',(2.22044604925031E-16,-1.,0.));
#5652=DIRECTION('ref_axis',(0.,0.,-1.));
#5653=DIRECTION('',(1.,2.22044604925031E-16,0.));
#5654=DIRECTION('',(0.,0.,-1.));
#5655=DIRECTION('',(1.,2.22044604925031E-16,0.));
#5656=DIRECTION('center_axis',(0.,0.,1.));
#5657=DIRECTION('ref_axis',(1.,0.,0.));
#5658=DIRECTION('center_axis',(0.,0.,-1.));
#5659=DIRECTION('ref_axis',(-1.,0.,0.));
#5660=DIRECTION('center_axis',(0.,0.,1.));
#5661=DIRECTION('ref_axis',(0.,-1.,0.));
#5662=DIRECTION('',(0.,-1.,0.));
#5663=DIRECTION('center_axis',(0.,0.,-1.));
#5664=DIRECTION('ref_axis',(1.,0.,0.));
#5665=DIRECTION('center_axis',(0.,0.,1.));
#5666=DIRECTION('ref_axis',(0.,-1.,0.));
#5667=DIRECTION('',(-2.22044604925031E-16,1.,0.));
#5668=DIRECTION('center_axis',(0.,0.,1.));
#5669=DIRECTION('ref_axis',(0.,-1.,0.));
#5670=DIRECTION('',(-1.,-2.22044604925031E-16,0.));
#5671=DIRECTION('',(-2.22044604925031E-16,1.,0.));
#5672=DIRECTION('center_axis',(-1.,0.,0.));
#5673=DIRECTION('ref_axis',(0.,0.,-1.));
#5674=DIRECTION('',(0.,-1.,0.));
#5675=DIRECTION('center_axis',(0.,0.,1.));
#5676=DIRECTION('ref_axis',(-1.,0.,0.));
#5677=DIRECTION('center_axis',(0.,0.,1.));
#5678=DIRECTION('ref_axis',(-1.,0.,0.));
#5679=DIRECTION('center_axis',(0.,0.,1.));
#5680=DIRECTION('ref_axis',(-1.,0.,0.));
#5681=DIRECTION('center_axis',(1.,2.22044604925031E-16,0.));
#5682=DIRECTION('ref_axis',(0.,0.,-1.));
#5683=DIRECTION('center_axis',(0.,0.,1.));
#5684=DIRECTION('ref_axis',(1.,0.,0.));
#5685=DIRECTION('center_axis',(0.,0.,-1.));
#5686=DIRECTION('ref_axis',(1.,0.,0.));
#5687=DIRECTION('center_axis',(0.,0.,1.));
#5688=DIRECTION('ref_axis',(1.,0.,0.));
#5689=DIRECTION('center_axis',(0.,0.,-1.));
#5690=DIRECTION('ref_axis',(1.,0.,0.));
#5691=DIRECTION('center_axis',(0.,0.,1.));
#5692=DIRECTION('ref_axis',(1.,0.,0.));
#5693=DIRECTION('center_axis',(0.,0.,1.));
#5694=DIRECTION('ref_axis',(1.,0.,0.));
#5695=DIRECTION('',(-1.,-2.22044604925031E-16,0.));
#5696=DIRECTION('center_axis',(-2.22044604925031E-16,1.,0.));
#5697=DIRECTION('ref_axis',(0.,0.,1.));
#5698=DIRECTION('',(0.,0.,-1.));
#5699=DIRECTION('center_axis',(-1.,-2.22044604925031E-16,0.));
#5700=DIRECTION('ref_axis',(0.,0.,1.));
#5701=DIRECTION('center_axis',(0.,0.,1.));
#5702=DIRECTION('ref_axis',(0.,-1.,0.));
#5703=DIRECTION('center_axis',(0.,0.,-1.));
#5704=DIRECTION('ref_axis',(1.,0.,0.));
#5705=DIRECTION('center_axis',(0.,0.,1.));
#5706=DIRECTION('ref_axis',(1.,0.,0.));
#5707=DIRECTION('',(0.,0.,-1.));
#5708=DIRECTION('center_axis',(0.,0.,-1.));
#5709=DIRECTION('ref_axis',(1.,0.,0.));
#5710=DIRECTION('center_axis',(0.,0.,-1.));
#5711=DIRECTION('ref_axis',(1.,0.,0.));
#5712=DIRECTION('center_axis',(0.,0.,-1.));
#5713=DIRECTION('ref_axis',(-1.,0.,0.));
#5714=DIRECTION('center_axis',(0.205075886546729,0.205075777729208,0.957020274678564));
#5715=DIRECTION('ref_axis',(0.692077987208477,-0.721794646030756,0.0063677769118616));
#5716=DIRECTION('',(0.205075886546729,0.205075777729208,0.957020274678564));
#5717=DIRECTION('center_axis',(0.,-0.209529093208605,-0.977802413117896));
#5718=DIRECTION('ref_axis',(1.,0.,-2.23401815077524E-17));
#5719=DIRECTION('',(-0.205075886546729,-0.205075777729208,-0.957020274678564));
#5720=DIRECTION('center_axis',(0.77623317583917,0.132096761715644,0.616451540894235));
#5721=DIRECTION('ref_axis',(0.6304459189547,-0.162643433452016,-0.759002672477708));
#5722=DIRECTION('center_axis',(1.,0.,0.));
#5723=DIRECTION('ref_axis',(0.,-0.839570159639906,-0.543251274312562));
#5724=DIRECTION('',(1.,0.,0.));
#5725=DIRECTION('',(-1.,0.,0.));
#5726=DIRECTION('center_axis',(0.776233140852225,-0.132096770741629,-0.616451583015506));
#5727=DIRECTION('ref_axis',(-0.630445962032187,-0.162643426121232,-0.75900263826739));
#5728=DIRECTION('center_axis',(0.205075777914622,-0.205075782498424,-0.957020296934904));
#5729=DIRECTION('ref_axis',(-0.692078003303353,-0.721794629935884,0.00636785202126289));
#5730=DIRECTION('',(-0.205075777914622,0.205075782498424,0.957020296934904));
#5731=DIRECTION('center_axis',(0.,-0.209529093208605,-0.977802413117896));
#5732=DIRECTION('ref_axis',(-1.,-1.42977164974674E-15,2.68082184327513E-16));
#5733=DIRECTION('',(0.205075777914622,-0.205075782498424,-0.957020296934904));
#5734=DIRECTION('center_axis',(0.978746075730101,-0.0429693645470868,-0.200523696737684));
#5735=DIRECTION('ref_axis',(0.205075886546729,0.205075777729207,0.957020274678564));
#5736=DIRECTION('',(0.,-0.977802413117896,0.209529093208605));
#5737=DIRECTION('',(-0.205075886546729,-0.205075777729207,-0.957020274678564));
#5738=DIRECTION('',(0.,-0.977802413117896,0.209529093208605));
#5739=DIRECTION('center_axis',(0.,-0.209529093208605,-0.977802413117896));
#5740=DIRECTION('ref_axis',(1.,0.,0.));
#5741=DIRECTION('',(0.,-0.977802413117896,0.209529093208605));
#5742=DIRECTION('',(-1.,0.,0.));
#5743=DIRECTION('center_axis',(-0.978746098491694,-0.0429693417855,-0.200523590516947));
#5744=DIRECTION('ref_axis',(0.205075777914622,-0.205075782498423,-0.957020296934904));
#5745=DIRECTION('',(0.,-0.977802413117896,0.209529093208605));
#5746=DIRECTION('',(-0.205075777914622,0.205075782498423,0.957020296934904));
#5747=DIRECTION('center_axis',(0.,0.209529093208605,0.977802413117896));
#5748=DIRECTION('ref_axis',(-1.,0.,0.));
#5749=DIRECTION('',(-1.,0.,0.));
#5750=DIRECTION('',(-1.,0.,0.));
#5751=DIRECTION('center_axis',(0.,0.977802413117896,-0.209529093208604));
#5752=DIRECTION('ref_axis',(1.,0.,0.));
#5753=DIRECTION('center_axis',(0.,-0.977802413117896,0.209529093208605));
#5754=DIRECTION('ref_axis',(0.,-0.209529093208605,-0.977802413117896));
#5755=DIRECTION('center_axis',(0.,0.,-1.));
#5756=DIRECTION('ref_axis',(0.,1.,0.));
#5757=DIRECTION('',(0.,-1.,0.));
#5758=DIRECTION('',(-1.,0.,0.));
#5759=DIRECTION('',(0.,-1.,0.));
#5760=DIRECTION('',(1.,0.,0.));
#5761=DIRECTION('center_axis',(-1.,0.,0.));
#5762=DIRECTION('ref_axis',(0.,-1.,0.));
#5763=DIRECTION('',(0.,0.,1.));
#5764=DIRECTION('',(0.,-1.,0.));
#5765=DIRECTION('',(0.,0.,-1.));
#5766=DIRECTION('center_axis',(0.,0.,1.));
#5767=DIRECTION('ref_axis',(0.,-1.,0.));
#5768=DIRECTION('',(1.,0.,0.));
#5769=DIRECTION('',(0.,-1.,0.));
#5770=DIRECTION('',(-1.,0.,0.));
#5771=DIRECTION('center_axis',(1.,0.,0.));
#5772=DIRECTION('ref_axis',(0.,1.,0.));
#5773=DIRECTION('',(0.,0.,-1.));
#5774=DIRECTION('',(0.,0.,1.));
#5775=DIRECTION('center_axis',(0.,1.,0.));
#5776=DIRECTION('ref_axis',(0.,0.,1.));
#5777=DIRECTION('',(0.,0.,1.));
#5778=DIRECTION('',(0.,0.,1.));
#5779=DIRECTION('',(0.,0.,1.));
#5780=DIRECTION('',(1.,0.,0.));
#5781=DIRECTION('',(0.,0.,-1.));
#5782=DIRECTION('',(0.,0.,-1.));
#5783=DIRECTION('',(0.,0.,-1.));
#5784=DIRECTION('',(-1.,0.,0.));
#5785=DIRECTION('center_axis',(0.,1.,0.));
#5786=DIRECTION('ref_axis',(0.,0.,1.));
#5787=DIRECTION('center_axis',(0.,0.,-1.));
#5788=DIRECTION('ref_axis',(0.,1.,0.));
#5789=DIRECTION('',(0.,-1.,0.));
#5790=DIRECTION('',(1.,0.,0.));
#5791=DIRECTION('',(0.,-1.,0.));
#5792=DIRECTION('center_axis',(1.,0.,0.));
#5793=DIRECTION('ref_axis',(0.,1.,0.));
#5794=DIRECTION('',(0.,-0.868243150882376,0.49613892303048));
#5795=DIRECTION('',(0.,-1.,0.));
#5796=DIRECTION('',(0.,0.,1.));
#5797=DIRECTION('',(0.,0.868243150882376,-0.496138923030479));
#5798=DIRECTION('',(0.,-0.496138923030479,-0.868243150882376));
#5799=DIRECTION('center_axis',(0.,1.,0.));
#5800=DIRECTION('ref_axis',(0.,0.,1.));
#5801=DIRECTION('',(-1.,0.,0.));
#5802=DIRECTION('',(0.,0.,-1.));
#5803=DIRECTION('center_axis',(0.,0.,1.));
#5804=DIRECTION('ref_axis',(0.,-1.,0.));
#5805=DIRECTION('',(0.,-1.,0.));
#5806=DIRECTION('center_axis',(-1.,0.,0.));
#5807=DIRECTION('ref_axis',(0.,-1.,0.));
#5808=DIRECTION('',(0.,-0.868243150882376,0.496138923030479));
#5809=DIRECTION('',(0.,0.868243150882376,-0.49613892303048));
#5810=DIRECTION('',(0.,0.496138923030479,0.868243150882376));
#5811=DIRECTION('center_axis',(0.,0.49613892303048,0.868243150882376));
#5812=DIRECTION('ref_axis',(0.,-0.868243150882376,0.49613892303048));
#5813=DIRECTION('',(1.,0.,0.));
#5814=DIRECTION('',(-1.19848212631746E-7,-0.868243150882369,0.496138923030476));
#5815=DIRECTION('',(-1.,0.,0.));
#5816=DIRECTION('',(0.,0.868243150882376,-0.49613892303048));
#5817=DIRECTION('center_axis',(0.,0.496138923030479,0.868243150882376));
#5818=DIRECTION('ref_axis',(1.,0.,0.));
#5819=DIRECTION('',(-1.,0.,0.));
#5820=DIRECTION('',(0.,-0.868243150882376,0.49613892303048));
#5821=DIRECTION('',(1.,0.,0.));
#5822=DIRECTION('',(1.19848212631746E-7,0.868243150882369,-0.496138923030476));
#5823=DIRECTION('center_axis',(0.,0.868243150882376,-0.496138923030479));
#5824=DIRECTION('ref_axis',(-1.,0.,0.));
#5825=DIRECTION('center_axis',(-1.,0.,0.));
#5826=DIRECTION('ref_axis',(0.,-0.868243150882376,0.49613892303048));
#5827=DIRECTION('',(0.,0.496138923030479,0.868243150882376));
#5828=DIRECTION('center_axis',(0.,-0.868243150882376,0.496138923030479));
#5829=DIRECTION('ref_axis',(1.,0.,0.));
#5830=DIRECTION('',(0.,0.496138923030479,0.868243150882376));
#5831=DIRECTION('center_axis',(0.999999999999993,-1.04057389763008E-7,5.94613631422425E-8));
#5832=DIRECTION('ref_axis',(1.19848212631746E-7,0.868243150882369,-0.496138923030476));
#5833=DIRECTION('center_axis',(0.205075886546729,0.205075777729208,0.957020274678564));
#5834=DIRECTION('ref_axis',(0.692077987208477,-0.721794646030756,0.0063677769118616));
#5835=DIRECTION('',(0.205075886546729,0.205075777729208,0.957020274678564));
#5836=DIRECTION('center_axis',(0.,-0.209529093208605,-0.977802413117896));
#5837=DIRECTION('ref_axis',(1.,0.,-2.23401815077524E-17));
#5838=DIRECTION('',(-0.205075886546729,-0.205075777729208,-0.957020274678564));
#5839=DIRECTION('center_axis',(0.77623317583917,0.132096761715644,0.616451540894235));
#5840=DIRECTION('ref_axis',(0.6304459189547,-0.162643433452016,-0.759002672477708));
#5841=DIRECTION('center_axis',(1.,0.,0.));
#5842=DIRECTION('ref_axis',(0.,-0.839570159639906,-0.543251274312562));
#5843=DIRECTION('',(1.,0.,0.));
#5844=DIRECTION('',(-1.,0.,0.));
#5845=DIRECTION('center_axis',(0.776233140852225,-0.132096770741629,-0.616451583015506));
#5846=DIRECTION('ref_axis',(-0.630445962032187,-0.162643426121232,-0.75900263826739));
#5847=DIRECTION('center_axis',(0.205075777914622,-0.205075782498424,-0.957020296934904));
#5848=DIRECTION('ref_axis',(-0.692078003303353,-0.721794629935884,0.00636785202126289));
#5849=DIRECTION('',(-0.205075777914622,0.205075782498424,0.957020296934904));
#5850=DIRECTION('center_axis',(0.,-0.209529093208605,-0.977802413117896));
#5851=DIRECTION('ref_axis',(-1.,-1.42977164974674E-15,2.68082184327513E-16));
#5852=DIRECTION('',(0.205075777914622,-0.205075782498424,-0.957020296934904));
#5853=DIRECTION('center_axis',(0.978746075730101,-0.0429693645470868,-0.200523696737684));
#5854=DIRECTION('ref_axis',(0.205075886546729,0.205075777729207,0.957020274678564));
#5855=DIRECTION('',(0.,-0.977802413117896,0.209529093208605));
#5856=DIRECTION('',(-0.205075886546729,-0.205075777729207,-0.957020274678564));
#5857=DIRECTION('',(0.,-0.977802413117896,0.209529093208605));
#5858=DIRECTION('center_axis',(0.,-0.209529093208605,-0.977802413117896));
#5859=DIRECTION('ref_axis',(1.,0.,0.));
#5860=DIRECTION('',(0.,-0.977802413117896,0.209529093208605));
#5861=DIRECTION('',(-1.,0.,0.));
#5862=DIRECTION('center_axis',(-0.978746098491694,-0.0429693417855,-0.200523590516947));
#5863=DIRECTION('ref_axis',(0.205075777914622,-0.205075782498423,-0.957020296934904));
#5864=DIRECTION('',(0.,-0.977802413117896,0.209529093208605));
#5865=DIRECTION('',(-0.205075777914622,0.205075782498423,0.957020296934904));
#5866=DIRECTION('center_axis',(0.,0.209529093208605,0.977802413117896));
#5867=DIRECTION('ref_axis',(-1.,0.,0.));
#5868=DIRECTION('',(-1.,0.,0.));
#5869=DIRECTION('',(-1.,0.,0.));
#5870=DIRECTION('center_axis',(0.,0.977802413117896,-0.209529093208604));
#5871=DIRECTION('ref_axis',(1.,0.,0.));
#5872=DIRECTION('center_axis',(0.,-0.977802413117896,0.209529093208605));
#5873=DIRECTION('ref_axis',(0.,-0.209529093208605,-0.977802413117896));
#5874=DIRECTION('center_axis',(0.,0.,-1.));
#5875=DIRECTION('ref_axis',(0.,1.,0.));
#5876=DIRECTION('',(0.,-1.,0.));
#5877=DIRECTION('',(-1.,0.,0.));
#5878=DIRECTION('',(0.,-1.,0.));
#5879=DIRECTION('',(1.,0.,0.));
#5880=DIRECTION('center_axis',(-1.,0.,0.));
#5881=DIRECTION('ref_axis',(0.,-1.,0.));
#5882=DIRECTION('',(0.,0.,1.));
#5883=DIRECTION('',(0.,-1.,0.));
#5884=DIRECTION('',(0.,0.,-1.));
#5885=DIRECTION('center_axis',(0.,0.,1.));
#5886=DIRECTION('ref_axis',(0.,-1.,0.));
#5887=DIRECTION('',(1.,0.,0.));
#5888=DIRECTION('',(0.,-1.,0.));
#5889=DIRECTION('',(-1.,0.,0.));
#5890=DIRECTION('center_axis',(1.,0.,0.));
#5891=DIRECTION('ref_axis',(0.,1.,0.));
#5892=DIRECTION('',(0.,0.,-1.));
#5893=DIRECTION('',(0.,0.,1.));
#5894=DIRECTION('center_axis',(0.,1.,0.));
#5895=DIRECTION('ref_axis',(0.,0.,1.));
#5896=DIRECTION('',(0.,0.,1.));
#5897=DIRECTION('',(0.,0.,1.));
#5898=DIRECTION('',(0.,0.,1.));
#5899=DIRECTION('',(1.,0.,0.));
#5900=DIRECTION('',(0.,0.,-1.));
#5901=DIRECTION('',(0.,0.,-1.));
#5902=DIRECTION('',(0.,0.,-1.));
#5903=DIRECTION('',(-1.,0.,0.));
#5904=DIRECTION('center_axis',(0.,1.,0.));
#5905=DIRECTION('ref_axis',(0.,0.,1.));
#5906=DIRECTION('center_axis',(0.,0.,-1.));
#5907=DIRECTION('ref_axis',(0.,1.,0.));
#5908=DIRECTION('',(0.,-1.,0.));
#5909=DIRECTION('',(1.,0.,0.));
#5910=DIRECTION('',(0.,-1.,0.));
#5911=DIRECTION('center_axis',(1.,0.,0.));
#5912=DIRECTION('ref_axis',(0.,1.,0.));
#5913=DIRECTION('',(0.,-0.868243150882376,0.49613892303048));
#5914=DIRECTION('',(0.,-1.,0.));
#5915=DIRECTION('',(0.,0.,1.));
#5916=DIRECTION('',(0.,0.868243150882376,-0.496138923030479));
#5917=DIRECTION('',(0.,-0.496138923030479,-0.868243150882376));
#5918=DIRECTION('center_axis',(0.,1.,0.));
#5919=DIRECTION('ref_axis',(0.,0.,1.));
#5920=DIRECTION('',(-1.,0.,0.));
#5921=DIRECTION('',(0.,0.,-1.));
#5922=DIRECTION('center_axis',(0.,0.,1.));
#5923=DIRECTION('ref_axis',(0.,-1.,0.));
#5924=DIRECTION('',(0.,-1.,0.));
#5925=DIRECTION('center_axis',(-1.,0.,0.));
#5926=DIRECTION('ref_axis',(0.,-1.,0.));
#5927=DIRECTION('',(0.,-0.868243150882376,0.496138923030479));
#5928=DIRECTION('',(0.,0.868243150882376,-0.49613892303048));
#5929=DIRECTION('',(0.,0.496138923030479,0.868243150882376));
#5930=DIRECTION('center_axis',(0.,0.49613892303048,0.868243150882376));
#5931=DIRECTION('ref_axis',(0.,-0.868243150882376,0.49613892303048));
#5932=DIRECTION('',(1.,0.,0.));
#5933=DIRECTION('',(-1.19848212631746E-7,-0.868243150882369,0.496138923030476));
#5934=DIRECTION('',(-1.,0.,0.));
#5935=DIRECTION('',(0.,0.868243150882376,-0.49613892303048));
#5936=DIRECTION('center_axis',(0.,0.496138923030479,0.868243150882376));
#5937=DIRECTION('ref_axis',(1.,0.,0.));
#5938=DIRECTION('',(-1.,0.,0.));
#5939=DIRECTION('',(0.,-0.868243150882376,0.49613892303048));
#5940=DIRECTION('',(1.,0.,0.));
#5941=DIRECTION('',(1.19848212631746E-7,0.868243150882369,-0.496138923030476));
#5942=DIRECTION('center_axis',(0.,0.868243150882376,-0.496138923030479));
#5943=DIRECTION('ref_axis',(-1.,0.,0.));
#5944=DIRECTION('center_axis',(-1.,0.,0.));
#5945=DIRECTION('ref_axis',(0.,-0.868243150882376,0.49613892303048));
#5946=DIRECTION('',(0.,0.496138923030479,0.868243150882376));
#5947=DIRECTION('center_axis',(0.,-0.868243150882376,0.496138923030479));
#5948=DIRECTION('ref_axis',(1.,0.,0.));
#5949=DIRECTION('',(0.,0.496138923030479,0.868243150882376));
#5950=DIRECTION('center_axis',(0.999999999999993,-1.04057389763008E-7,5.94613631422425E-8));
#5951=DIRECTION('ref_axis',(1.19848212631746E-7,0.868243150882369,-0.496138923030476));
#5952=CARTESIAN_POINT('',(0.,0.,0.));
#5953=CARTESIAN_POINT('Origin',(2.49999995529652,5.,0.5));
#5954=CARTESIAN_POINT('',(2.24999995529652,5.,0.199999995529652));
#5955=CARTESIAN_POINT('',(2.74999995529652,5.,0.199999995529652));
#5956=CARTESIAN_POINT('',(8.64999981224537,5.,0.199999995529652));
#5957=CARTESIAN_POINT('',(2.24999995529652,5.,0.));
#5958=CARTESIAN_POINT('',(2.24999995529652,5.,0.5));
#5959=CARTESIAN_POINT('',(2.74999995529652,5.,0.));
#5960=CARTESIAN_POINT('',(8.74999997764826,5.,0.));
#5961=CARTESIAN_POINT('',(2.74999995529652,5.,0.5));
#5962=CARTESIAN_POINT('Origin',(2.74999995529652,2.5,0.5));
#5963=CARTESIAN_POINT('',(2.74999995529652,0.,0.199999995529652));
#5964=CARTESIAN_POINT('',(2.74999995529652,1.25,0.199999995529652));
#5965=CARTESIAN_POINT('',(2.74999995529652,0.,0.));
#5966=CARTESIAN_POINT('',(2.74999995529652,1.25,0.));
#5967=CARTESIAN_POINT('',(2.74999995529652,0.,4.25000002235174));
#5968=CARTESIAN_POINT('Origin',(2.24999995529652,2.5,0.5));
#5969=CARTESIAN_POINT('',(2.24999995529652,0.,0.199999995529652));
#5970=CARTESIAN_POINT('',(2.24999995529652,1.25,0.199999995529652));
#5971=CARTESIAN_POINT('',(2.24999995529652,0.,0.));
#5972=CARTESIAN_POINT('',(2.24999995529652,0.,4.25000002235174));
#5973=CARTESIAN_POINT('',(2.24999995529652,1.25,0.));
#5974=CARTESIAN_POINT('Origin',(14.7999996691942,0.,0.199999995529652));
#5975=CARTESIAN_POINT('',(7.24999995529652,0.,0.199999995529652));
#5976=CARTESIAN_POINT('',(11.1499998345971,0.,0.199999995529652));
#5977=CARTESIAN_POINT('',(7.24999995529652,5.,0.199999995529652));
#5978=CARTESIAN_POINT('',(7.24999995529652,1.25,0.199999995529652));
#5979=CARTESIAN_POINT('',(7.74999995529652,5.,0.199999995529652));
#5980=CARTESIAN_POINT('',(11.1499998122454,5.,0.199999995529652));
#5981=CARTESIAN_POINT('',(7.74999995529652,0.,0.199999995529652));
#5982=CARTESIAN_POINT('',(7.74999995529652,1.25,0.199999995529652));
#5983=CARTESIAN_POINT('',(12.2499999552965,0.,0.199999995529652));
#5984=CARTESIAN_POINT('',(11.1499998345971,0.,0.199999995529652));
#5985=CARTESIAN_POINT('',(12.2499999552965,5.,0.199999995529652));
#5986=CARTESIAN_POINT('',(12.2499999552965,1.25,0.199999995529652));
#5987=CARTESIAN_POINT('',(12.7499999552965,5.,0.199999995529652));
#5988=CARTESIAN_POINT('',(13.6499998122454,5.,0.199999995529652));
#5989=CARTESIAN_POINT('',(12.7499999552965,0.,0.199999995529652));
#5990=CARTESIAN_POINT('',(12.7499999552965,1.25,0.199999995529652));
#5991=CARTESIAN_POINT('',(14.7999996691942,0.,0.199999995529652));
#5992=CARTESIAN_POINT('',(11.1499998345971,0.,0.199999995529652));
#5993=CARTESIAN_POINT('',(14.7999996691942,4.99999982123432,0.199999995529652));
#5994=CARTESIAN_POINT('',(14.7999996691942,0.,0.199999995529652));
#5995=CARTESIAN_POINT('',(14.5,4.99999982123432,0.199999995529652));
#5996=CARTESIAN_POINT('',(14.8999998345971,4.99999982123432,0.199999995529652));
#5997=CARTESIAN_POINT('',(14.5,5.1,0.199999995529652));
#5998=CARTESIAN_POINT('',(14.5,2.74999990501716,0.199999995529652));
#5999=CARTESIAN_POINT('',(0.199999995529652,5.1,0.199999995529652));
#6000=CARTESIAN_POINT('',(14.7999996691942,5.1,0.199999995529652));
#6001=CARTESIAN_POINT('',(0.199999995529652,0.,0.199999995529652));
#6002=CARTESIAN_POINT('',(0.199999995529652,0.,0.199999995529652));
#6003=CARTESIAN_POINT('',(11.1499998345971,0.,0.199999995529652));
#6004=CARTESIAN_POINT('Origin',(7.5,0.,8.00000004470348));
#6005=CARTESIAN_POINT('',(7.24999995529652,0.,0.));
#6006=CARTESIAN_POINT('',(0.,0.,0.));
#6007=CARTESIAN_POINT('',(7.24999995529652,0.,4.25000002235174));
#6008=CARTESIAN_POINT('Origin',(15.,0.,0.));
#6009=CARTESIAN_POINT('',(0.,0.,0.));
#6010=CARTESIAN_POINT('',(0.,0.,0.));
#6011=CARTESIAN_POINT('',(0.,7.,0.));
#6012=CARTESIAN_POINT('',(0.,0.,0.));
#6013=CARTESIAN_POINT('',(15.,7.,0.));
#6014=CARTESIAN_POINT('',(0.,7.,0.));
#6015=CARTESIAN_POINT('',(15.,5.99999979883432,0.));
#6016=CARTESIAN_POINT('',(15.,0.,0.));
#6017=CARTESIAN_POINT('',(14.5,5.99999979883432,0.));
#6018=CARTESIAN_POINT('',(15.,5.99999979883432,0.));
#6019=CARTESIAN_POINT('',(14.5,4.99999982123432,0.));
#6020=CARTESIAN_POINT('',(14.5,2.74999990501716,0.));
#6021=CARTESIAN_POINT('',(15.,4.99999982123432,0.));
#6022=CARTESIAN_POINT('',(15.,4.99999982123432,0.));
#6023=CARTESIAN_POINT('',(15.,0.,0.));
#6024=CARTESIAN_POINT('',(15.,0.,0.));
#6025=CARTESIAN_POINT('',(12.7499999552965,0.,0.));
#6026=CARTESIAN_POINT('',(0.,0.,0.));
#6027=CARTESIAN_POINT('',(12.7499999552965,5.,0.));
#6028=CARTESIAN_POINT('',(12.7499999552965,1.25,0.));
#6029=CARTESIAN_POINT('',(12.2499999552965,5.,0.));
#6030=CARTESIAN_POINT('',(13.7499999776483,5.,0.));
#6031=CARTESIAN_POINT('',(12.2499999552965,0.,0.));
#6032=CARTESIAN_POINT('',(12.2499999552965,1.25,0.));
#6033=CARTESIAN_POINT('',(7.74999995529652,0.,0.));
#6034=CARTESIAN_POINT('',(0.,0.,0.));
#6035=CARTESIAN_POINT('',(7.74999995529652,5.,0.));
#6036=CARTESIAN_POINT('',(7.74999995529652,1.25,0.));
#6037=CARTESIAN_POINT('',(7.24999995529652,5.,0.));
#6038=CARTESIAN_POINT('',(11.2499999776483,5.,0.));
#6039=CARTESIAN_POINT('',(7.24999995529652,1.25,0.));
#6040=CARTESIAN_POINT('Origin',(7.24999995529652,2.5,0.5));
#6041=CARTESIAN_POINT('',(7.24999995529652,5.,0.5));
#6042=CARTESIAN_POINT('Origin',(7.49999995529652,5.,0.5));
#6043=CARTESIAN_POINT('',(7.74999995529652,5.,0.5));
#6044=CARTESIAN_POINT('Origin',(7.74999995529652,2.5,0.5));
#6045=CARTESIAN_POINT('',(7.74999995529652,0.,4.25000002235174));
#6046=CARTESIAN_POINT('Origin',(7.5,0.,8.00000004470348));
#6047=CARTESIAN_POINT('',(12.2499999552965,0.,4.25000002235174));
#6048=CARTESIAN_POINT('Origin',(7.5,0.,8.00000004470348));
#6049=CARTESIAN_POINT('',(0.199999995529652,0.,5.7999998703599));
#6050=CARTESIAN_POINT('',(0.199999995529652,0.,4.10000002011657));
#6051=CARTESIAN_POINT('',(14.7999996691942,0.,5.7999998703599));
#6052=CARTESIAN_POINT('',(3.84999999776483,0.,5.7999998703599));
#6053=CARTESIAN_POINT('',(14.7999996691942,0.,6.89999995753169));
#6054=CARTESIAN_POINT('',(12.7499999552965,0.,4.25000002235174));
#6055=CARTESIAN_POINT('',(15.,0.,6.));
#6056=CARTESIAN_POINT('',(15.,0.,0.));
#6057=CARTESIAN_POINT('',(0.,0.,6.));
#6058=CARTESIAN_POINT('',(3.75,0.,6.));
#6059=CARTESIAN_POINT('',(0.,0.,10.));
#6060=CARTESIAN_POINT('Origin',(12.7499999552965,2.5,0.5));
#6061=CARTESIAN_POINT('',(12.7499999552965,5.,0.5));
#6062=CARTESIAN_POINT('Origin',(12.4999999552965,5.,0.5));
#6063=CARTESIAN_POINT('',(12.2499999552965,5.,0.5));
#6064=CARTESIAN_POINT('Origin',(12.2499999552965,2.5,0.5));
#6065=CARTESIAN_POINT('Origin',(9.9999999254942,1.3,9.3));
#6066=CARTESIAN_POINT('',(10.2499999254942,1.3,10.));
#6067=CARTESIAN_POINT('',(9.7499999254942,1.3,10.));
#6068=CARTESIAN_POINT('',(3.75,1.3,10.));
#6069=CARTESIAN_POINT('',(10.2499999254942,1.3,6.3));
#6070=CARTESIAN_POINT('',(10.2499999254942,1.3,9.3));
#6071=CARTESIAN_POINT('',(9.7499999254942,1.3,6.3));
#6072=CARTESIAN_POINT('',(9.9999999254942,1.3,6.3));
#6073=CARTESIAN_POINT('',(9.7499999254942,1.3,9.3));
#6074=CARTESIAN_POINT('Origin',(9.7499999254942,3.35,9.3));
#6075=CARTESIAN_POINT('',(9.7499999254942,4.8,10.));
#6076=CARTESIAN_POINT('',(9.7499999254942,1.675,10.));
#6077=CARTESIAN_POINT('',(9.7499999254942,4.8,6.3));
#6078=CARTESIAN_POINT('',(9.7499999254942,3.35,6.3));
#6079=CARTESIAN_POINT('',(9.7499999254942,4.8,9.3));
#6080=CARTESIAN_POINT('Origin',(9.9999999254942,4.8,9.3));
#6081=CARTESIAN_POINT('',(10.2499999254942,4.8,10.));
#6082=CARTESIAN_POINT('',(4.9999999627471,4.8,10.));
#6083=CARTESIAN_POINT('',(10.2499999254942,4.8,6.3));
#6084=CARTESIAN_POINT('',(9.9999999254942,4.8,6.3));
#6085=CARTESIAN_POINT('',(10.2499999254942,4.8,9.3));
#6086=CARTESIAN_POINT('Origin',(9.9999999254942,3.35,6.3));
#6087=CARTESIAN_POINT('',(10.2499999254942,3.35,6.3));
#6088=CARTESIAN_POINT('Origin',(10.2499999254942,3.35,9.3));
#6089=CARTESIAN_POINT('',(10.2499999254942,1.675,10.));
#6090=CARTESIAN_POINT('Origin',(4.9999999254942,1.3,9.3));
#6091=CARTESIAN_POINT('',(5.2499999254942,1.3,10.));
#6092=CARTESIAN_POINT('',(4.7499999254942,1.3,10.));
#6093=CARTESIAN_POINT('',(3.75,1.3,10.));
#6094=CARTESIAN_POINT('',(5.2499999254942,1.3,6.3));
#6095=CARTESIAN_POINT('',(5.2499999254942,1.3,9.3));
#6096=CARTESIAN_POINT('',(4.7499999254942,1.3,6.3));
#6097=CARTESIAN_POINT('',(4.9999999254942,1.3,6.3));
#6098=CARTESIAN_POINT('',(4.7499999254942,1.3,9.3));
#6099=CARTESIAN_POINT('Origin',(4.7499999254942,3.35,9.3));
#6100=CARTESIAN_POINT('',(4.7499999254942,4.8,10.));
#6101=CARTESIAN_POINT('',(4.7499999254942,1.675,10.));
#6102=CARTESIAN_POINT('',(4.7499999254942,4.8,6.3));
#6103=CARTESIAN_POINT('',(4.7499999254942,3.35,6.3));
#6104=CARTESIAN_POINT('',(4.7499999254942,4.8,9.3));
#6105=CARTESIAN_POINT('Origin',(4.9999999254942,4.8,9.3));
#6106=CARTESIAN_POINT('',(5.2499999254942,4.8,10.));
#6107=CARTESIAN_POINT('',(2.4999999627471,4.8,10.));
#6108=CARTESIAN_POINT('',(5.2499999254942,4.8,6.3));
#6109=CARTESIAN_POINT('',(4.9999999254942,4.8,6.3));
#6110=CARTESIAN_POINT('',(5.2499999254942,4.8,9.3));
#6111=CARTESIAN_POINT('Origin',(4.9999999254942,3.35,6.3));
#6112=CARTESIAN_POINT('',(5.2499999254942,3.35,6.3));
#6113=CARTESIAN_POINT('Origin',(5.2499999254942,3.35,9.3));
#6114=CARTESIAN_POINT('',(5.2499999254942,1.675,10.));
#6115=CARTESIAN_POINT('Origin',(7.49999983236194,5.1,2.99999993294477));
#6116=CARTESIAN_POINT('',(14.5,5.1,5.7999998703599));
#6117=CARTESIAN_POINT('',(14.5,5.1,2.99999993294739));
#6118=CARTESIAN_POINT('',(0.199999995529652,5.1,5.7999998703599));
#6119=CARTESIAN_POINT('',(0.199999995529652,5.1,5.7999998703599));
#6120=CARTESIAN_POINT('',(0.199999995529652,5.1,0.199999995529652));
#6121=CARTESIAN_POINT('Origin',(14.7999996691942,0.,5.7999998703599));
#6122=CARTESIAN_POINT('',(14.7999996691942,4.99999982123432,5.7999998703599));
#6123=CARTESIAN_POINT('',(14.7999996691942,4.99999982123432,4.39999990165495));
#6124=CARTESIAN_POINT('',(14.7999996691942,0.,5.7999998703599));
#6125=CARTESIAN_POINT('Origin',(0.199999995529652,0.,5.7999998703599));
#6126=CARTESIAN_POINT('',(14.5,4.99999982123432,5.7999998703599));
#6127=CARTESIAN_POINT('',(14.5,2.74999990501716,5.7999998703599));
#6128=CARTESIAN_POINT('',(7.59999999776483,4.99999982123432,5.7999998703599));
#6129=CARTESIAN_POINT('',(0.199999995529652,0.,5.7999998703599));
#6130=CARTESIAN_POINT('Origin',(0.199999995529652,0.,0.199999995529652));
#6131=CARTESIAN_POINT('Origin',(14.5,5.49999981003432,2.99999993295));
#6132=CARTESIAN_POINT('',(14.5,4.99999982123432,2.99999993295));
#6133=CARTESIAN_POINT('',(14.5,5.99999979883432,5.9999998659));
#6134=CARTESIAN_POINT('',(14.5,5.99999979883432,2.99999993295));
#6135=CARTESIAN_POINT('',(14.5,4.99999982123432,5.9999998659));
#6136=CARTESIAN_POINT('',(14.5,5.49999981003432,5.9999998659));
#6137=CARTESIAN_POINT('',(14.5,4.99999982123432,2.99999993295));
#6138=CARTESIAN_POINT('Origin',(2.49999997019768,6.00000008940697,8.));
#6139=CARTESIAN_POINT('',(2.59999997019768,6.00000008940697,6.));
#6140=CARTESIAN_POINT('',(2.39999997019768,6.00000008940697,6.));
#6141=CARTESIAN_POINT('Origin',(2.49999997019768,6.00000008940697,6.));
#6142=CARTESIAN_POINT('',(2.39999997019768,6.00000008940697,8.10526296966954));
#6143=CARTESIAN_POINT('',(2.39999997019768,6.00000008940697,8.));
#6144=CARTESIAN_POINT('',(2.49999997019768,5.90000008940697,8.31578928545902));
#6145=CARTESIAN_POINT('Origin',(2.49999997019768,6.00000008940697,8.10526296966954));
#6146=CARTESIAN_POINT('Origin',(2.49999997019768,6.00000008940697,8.10526296966954));
#6147=CARTESIAN_POINT('Origin',(2.49999997019768,6.00000008940697,6.));
#6148=CARTESIAN_POINT('Origin',(2.49999997019768,6.00000008940697,6.));
#6149=CARTESIAN_POINT('Origin',(12.4999999701977,6.00000008940697,8.));
#6150=CARTESIAN_POINT('',(12.5999999701977,6.00000008940697,6.));
#6151=CARTESIAN_POINT('',(12.3999999701977,6.00000008940697,6.));
#6152=CARTESIAN_POINT('Origin',(12.4999999701977,6.00000008940697,6.));
#6153=CARTESIAN_POINT('',(12.3999999701977,6.00000008940697,8.10526296966954));
#6154=CARTESIAN_POINT('',(12.3999999701977,6.00000008940697,8.));
#6155=CARTESIAN_POINT('',(12.4999999701977,5.90000008940697,8.31578928545902));
#6156=CARTESIAN_POINT('Origin',(12.4999999701977,6.00000008940697,8.10526296966954));
#6157=CARTESIAN_POINT('Origin',(12.4999999701977,6.00000008940697,8.10526296966954));
#6158=CARTESIAN_POINT('Origin',(12.4999999701977,6.00000008940697,6.));
#6159=CARTESIAN_POINT('Origin',(12.4999999701977,6.00000008940697,6.));
#6160=CARTESIAN_POINT('Origin',(7.49999997019768,6.00000008940697,8.));
#6161=CARTESIAN_POINT('',(7.59999997019768,6.00000008940697,6.));
#6162=CARTESIAN_POINT('',(7.39999997019768,6.00000008940697,6.));
#6163=CARTESIAN_POINT('Origin',(7.49999997019768,6.00000008940697,6.));
#6164=CARTESIAN_POINT('',(7.39999997019768,6.00000008940697,8.10526296966954));
#6165=CARTESIAN_POINT('',(7.39999997019768,6.00000008940697,8.));
#6166=CARTESIAN_POINT('',(7.49999997019768,5.90000008940697,8.31578928545902));
#6167=CARTESIAN_POINT('Origin',(7.49999997019768,6.00000008940697,8.10526296966954));
#6168=CARTESIAN_POINT('Origin',(7.49999997019768,6.00000008940697,8.10526296966954));
#6169=CARTESIAN_POINT('Origin',(7.49999997019768,6.00000008940697,6.));
#6170=CARTESIAN_POINT('Origin',(7.49999997019768,6.00000008940697,6.));
#6171=CARTESIAN_POINT('Origin',(15.,4.99999982123432,2.99999993295));
#6172=CARTESIAN_POINT('',(15.,4.99999982123432,5.9999998659));
#6173=CARTESIAN_POINT('',(15.,4.99999982123432,5.9999998659));
#6174=CARTESIAN_POINT('',(15.,4.99999982123432,6.499999966475));
#6175=CARTESIAN_POINT('Origin',(15.,5.49999981003432,5.9999998659));
#6176=CARTESIAN_POINT('',(15.,5.99999979883432,5.9999998659));
#6177=CARTESIAN_POINT('',(15.,2.74999990501716,5.9999998659));
#6178=CARTESIAN_POINT('',(15.,5.99999979883432,5.9999998659));
#6179=CARTESIAN_POINT('Origin',(15.,5.99999979883432,2.99999993295));
#6180=CARTESIAN_POINT('',(15.,5.99999979883432,6.499999966475));
#6181=CARTESIAN_POINT('Origin',(15.,0.,10.));
#6182=CARTESIAN_POINT('',(15.,7.,6.));
#6183=CARTESIAN_POINT('',(15.,7.,0.));
#6184=CARTESIAN_POINT('',(15.,5.1,10.));
#6185=CARTESIAN_POINT('',(15.,5.10557113717491,9.98827129015808));
#6186=CARTESIAN_POINT('',(15.,1.3,10.));
#6187=CARTESIAN_POINT('',(15.,0.,10.));
#6188=CARTESIAN_POINT('',(15.,0.912902769926512,8.80893159977388));
#6189=CARTESIAN_POINT('Origin',(3.75,6.05,8.));
#6190=CARTESIAN_POINT('',(0.,7.,6.));
#6191=CARTESIAN_POINT('',(3.75,7.,6.));
#6192=CARTESIAN_POINT('',(0.,5.1,10.));
#6193=CARTESIAN_POINT('',(0.,5.88068585722863,8.35645082688709));
#6194=CARTESIAN_POINT('',(3.75,5.1,10.));
#6195=CARTESIAN_POINT('Origin',(0.,0.,10.));
#6196=CARTESIAN_POINT('',(3.75,1.3,10.));
#6197=CARTESIAN_POINT('',(0.,1.3,10.));
#6198=CARTESIAN_POINT('',(0.,0.,10.));
#6199=CARTESIAN_POINT('',(3.75,1.3,10.));
#6200=CARTESIAN_POINT('',(3.75,1.3,10.));
#6201=CARTESIAN_POINT('',(4.1000000372529,3.20000005215407,10.));
#6202=CARTESIAN_POINT('Origin',(2.5000000372529,3.20000005215407,10.));
#6203=CARTESIAN_POINT('',(9.1,3.2,10.));
#6204=CARTESIAN_POINT('Origin',(7.5,3.2,10.));
#6205=CARTESIAN_POINT('',(14.1000001862645,3.20000005215406,10.));
#6206=CARTESIAN_POINT('Origin',(12.5000001862645,3.20000005215406,10.));
#6207=CARTESIAN_POINT('Origin',(3.75,0.65,8.));
#6208=CARTESIAN_POINT('',(-2.77555756156289E-16,0.325000013140651,7.00000004043277));
#6209=CARTESIAN_POINT('Origin',(2.5000000372529,3.20000005215407,10.));
#6210=CARTESIAN_POINT('',(4.1000000372529,3.20000005215407,6.));
#6211=CARTESIAN_POINT('',(4.1000000372529,3.20000005215407,10.));
#6212=CARTESIAN_POINT('Origin',(2.5000000372529,3.20000005215407,6.));
#6213=CARTESIAN_POINT('Origin',(2.5000000372529,3.20000005215407,6.));
#6214=CARTESIAN_POINT('Origin',(7.5,3.2,10.));
#6215=CARTESIAN_POINT('',(9.1,3.2,6.));
#6216=CARTESIAN_POINT('',(9.1,3.2,10.));
#6217=CARTESIAN_POINT('Origin',(7.5,3.2,6.));
#6218=CARTESIAN_POINT('Origin',(7.5,3.2,6.));
#6219=CARTESIAN_POINT('Origin',(12.5000001862645,3.20000005215406,10.));
#6220=CARTESIAN_POINT('',(14.1000001862645,3.20000005215406,6.));
#6221=CARTESIAN_POINT('',(14.1000001862645,3.20000005215406,10.));
#6222=CARTESIAN_POINT('Origin',(12.5000001862645,3.20000005215406,6.));
#6223=CARTESIAN_POINT('Origin',(12.5000001862645,3.20000005215406,6.));
#6224=CARTESIAN_POINT('Origin',(0.,0.,6.00000008940697));
#6225=CARTESIAN_POINT('',(0.,7.,10.));
#6226=CARTESIAN_POINT('Origin',(7.5,7.,8.00000004470348));
#6227=CARTESIAN_POINT('Origin',(0.199999995529652,0.,5.7999998703599));
#6228=CARTESIAN_POINT('',(0.199999995529652,4.99999982123432,5.7999998703599));
#6229=CARTESIAN_POINT('',(0.5,4.99999982123432,5.7999998703599));
#6230=CARTESIAN_POINT('',(0.0999999977648258,4.99999982123432,5.7999998703599));
#6231=CARTESIAN_POINT('',(0.199999995529652,5.1,5.7999998703599));
#6232=CARTESIAN_POINT('',(0.199999995529652,0.,5.7999998703599));
#6233=CARTESIAN_POINT('',(0.5,5.1,5.7999998703599));
#6234=CARTESIAN_POINT('',(0.199999995529652,5.1,5.7999998703599));
#6235=CARTESIAN_POINT('',(0.5,2.74999990501716,5.7999998703599));
#6236=CARTESIAN_POINT('Origin',(7.49999983236194,5.1,2.99999993294477));
#6237=CARTESIAN_POINT('',(0.5,5.1,0.199999995529652));
#6238=CARTESIAN_POINT('',(0.5,5.1,2.99999993294739));
#6239=CARTESIAN_POINT('',(0.199999995529652,5.1,0.199999995529652));
#6240=CARTESIAN_POINT('',(0.199999995529652,5.1,0.199999995529652));
#6241=CARTESIAN_POINT('',(14.7999996691942,5.1,0.199999995529652));
#6242=CARTESIAN_POINT('Origin',(0.199999995529652,0.,0.199999995529652));
#6243=CARTESIAN_POINT('',(0.199999995529652,4.99999982123432,0.199999995529652));
#6244=CARTESIAN_POINT('',(0.199999995529652,4.99999982123432,1.59999996423983));
#6245=CARTESIAN_POINT('',(0.199999995529652,0.,0.199999995529652));
#6246=CARTESIAN_POINT('Origin',(14.7999996691942,0.,0.199999995529652));
#6247=CARTESIAN_POINT('',(0.5,4.99999982123432,0.199999995529652));
#6248=CARTESIAN_POINT('',(7.39999983459711,4.99999982123432,0.199999995529652));
#6249=CARTESIAN_POINT('',(0.5,2.74999990501716,0.199999995529652));
#6250=CARTESIAN_POINT('Origin',(0.5,5.49999981003432,2.99999993295));
#6251=CARTESIAN_POINT('',(0.5,4.99999982123432,0.));
#6252=CARTESIAN_POINT('',(0.5,4.99999982123432,2.99999993295));
#6253=CARTESIAN_POINT('',(0.5,5.99999979883432,0.));
#6254=CARTESIAN_POINT('',(0.5,5.49999981003432,0.));
#6255=CARTESIAN_POINT('',(0.5,5.99999979883432,5.9999998659));
#6256=CARTESIAN_POINT('',(0.5,5.99999979883432,2.99999993295));
#6257=CARTESIAN_POINT('',(0.5,4.99999982123432,5.9999998659));
#6258=CARTESIAN_POINT('',(0.5,5.49999981003432,5.9999998659));
#6259=CARTESIAN_POINT('',(0.5,4.99999982123432,2.99999993295));
#6260=CARTESIAN_POINT('Origin',(-0.5,5.49999981003432,2.99999993295));
#6261=CARTESIAN_POINT('',(-0.5,4.99999982123432,5.9999998659));
#6262=CARTESIAN_POINT('',(-0.5,5.99999979883432,5.9999998659));
#6263=CARTESIAN_POINT('',(-0.5,5.49999981003432,5.9999998659));
#6264=CARTESIAN_POINT('',(-0.5,5.99999979883432,0.));
#6265=CARTESIAN_POINT('',(-0.5,5.99999979883432,2.99999993295));
#6266=CARTESIAN_POINT('',(-0.5,4.99999982123432,0.));
#6267=CARTESIAN_POINT('',(-0.5,5.49999981003432,0.));
#6268=CARTESIAN_POINT('',(-0.5,4.99999982123432,2.99999993295));
#6269=CARTESIAN_POINT('Origin',(-6.93889390390723E-17,5.99999979883432,
2.99999993295));
#6270=CARTESIAN_POINT('',(-6.93889390390723E-17,5.99999979883432,0.));
#6271=CARTESIAN_POINT('',(-6.93889390390723E-17,5.99999979883432,5.9999998659));
#6272=CARTESIAN_POINT('Origin',(-6.93889390390723E-17,5.49999981003432,
0.));
#6273=CARTESIAN_POINT('',(-6.93889390390723E-17,4.99999982123432,0.));
#6274=CARTESIAN_POINT('Origin',(-6.93889390390723E-17,4.99999982123432,
2.99999993295));
#6275=CARTESIAN_POINT('',(-6.93889390390723E-17,4.99999982123432,5.9999998659));
#6276=CARTESIAN_POINT('Origin',(-6.93889390390723E-17,5.49999981003432,
5.9999998659));
#6277=CARTESIAN_POINT('Origin',(4.9999999254942,6.7,3.));
#6278=CARTESIAN_POINT('',(4.7499999254942,6.7,6.));
#6279=CARTESIAN_POINT('',(5.2499999254942,6.7,6.));
#6280=CARTESIAN_POINT('',(4.9999999254942,6.7,6.));
#6281=CARTESIAN_POINT('',(5.2499999254942,6.7,0.));
#6282=CARTESIAN_POINT('',(5.2499999254942,6.7,3.));
#6283=CARTESIAN_POINT('',(4.7499999254942,6.7,0.));
#6284=CARTESIAN_POINT('',(4.9999999254942,6.7,0.));
#6285=CARTESIAN_POINT('',(4.7499999254942,6.7,3.));
#6286=CARTESIAN_POINT('Origin',(4.9999999254942,0.,3.));
#6287=CARTESIAN_POINT('',(5.2499999254942,0.,6.));
#6288=CARTESIAN_POINT('',(4.7499999254942,0.,6.));
#6289=CARTESIAN_POINT('',(4.9999999254942,0.,6.));
#6290=CARTESIAN_POINT('',(4.7499999254942,0.,0.));
#6291=CARTESIAN_POINT('',(4.7499999254942,0.,3.));
#6292=CARTESIAN_POINT('',(5.2499999254942,0.,0.));
#6293=CARTESIAN_POINT('',(4.9999999254942,0.,0.));
#6294=CARTESIAN_POINT('',(5.2499999254942,0.,3.));
#6295=CARTESIAN_POINT('Origin',(4.7499999254942,3.35,3.));
#6296=CARTESIAN_POINT('',(4.7499999254942,3.35,0.));
#6297=CARTESIAN_POINT('',(4.7499999254942,3.35,6.));
#6298=CARTESIAN_POINT('Origin',(4.9999999254942,3.35,0.));
#6299=CARTESIAN_POINT('',(5.2499999254942,3.35,0.));
#6300=CARTESIAN_POINT('Origin',(5.2499999254942,3.35,3.));
#6301=CARTESIAN_POINT('',(5.2499999254942,3.35,6.));
#6302=CARTESIAN_POINT('Origin',(4.9999999254942,3.35,6.));
#6303=CARTESIAN_POINT('Origin',(10.0499999254942,4.9,3.));
#6304=CARTESIAN_POINT('',(9.7999999254942,4.9,6.));
#6305=CARTESIAN_POINT('',(10.2999999254942,4.9,6.));
#6306=CARTESIAN_POINT('',(10.0499999254942,4.9,6.));
#6307=CARTESIAN_POINT('',(10.2999999254942,4.9,0.));
#6308=CARTESIAN_POINT('',(10.2999999254942,4.9,3.));
#6309=CARTESIAN_POINT('',(9.7999999254942,4.9,0.));
#6310=CARTESIAN_POINT('',(10.0499999254942,4.9,0.));
#6311=CARTESIAN_POINT('',(9.7999999254942,4.9,3.));
#6312=CARTESIAN_POINT('Origin',(10.0499999254942,0.,3.));
#6313=CARTESIAN_POINT('',(10.2999999254942,0.,6.));
#6314=CARTESIAN_POINT('',(9.7999999254942,0.,6.));
#6315=CARTESIAN_POINT('',(10.0499999254942,0.,6.));
#6316=CARTESIAN_POINT('',(9.7999999254942,0.,0.));
#6317=CARTESIAN_POINT('',(9.7999999254942,0.,3.));
#6318=CARTESIAN_POINT('',(10.2999999254942,0.,0.));
#6319=CARTESIAN_POINT('',(10.0499999254942,0.,0.));
#6320=CARTESIAN_POINT('',(10.2999999254942,0.,3.));
#6321=CARTESIAN_POINT('Origin',(9.7999999254942,3.35,3.));
#6322=CARTESIAN_POINT('',(9.7999999254942,3.35,0.));
#6323=CARTESIAN_POINT('',(9.7999999254942,3.35,6.));
#6324=CARTESIAN_POINT('Origin',(10.0499999254942,3.35,0.));
#6325=CARTESIAN_POINT('',(10.2999999254942,3.35,0.));
#6326=CARTESIAN_POINT('Origin',(10.2999999254942,3.35,3.));
#6327=CARTESIAN_POINT('',(10.2999999254942,3.35,6.));
#6328=CARTESIAN_POINT('Origin',(10.0499999254942,3.35,6.));
#6329=CARTESIAN_POINT('Origin',(4.07250781562059,0.506855760345556,3.54638620593577));
#6330=CARTESIAN_POINT('',(4.14999990724027,0.390221975868821,3.00209522387686));
#6331=CARTESIAN_POINT('',(4.75000022561289,0.990221975868824,5.80209516129198));
#6332=CARTESIAN_POINT('',(4.25846957000931,0.49869158108161,3.50828670355561));
#6333=CARTESIAN_POINT('',(4.55587428762814,0.804439517376421,5.84190568900162));
#6334=CARTESIAN_POINT('Origin',(4.55587428762814,0.990221975868824,5.80209516129198));
#6335=CARTESIAN_POINT('',(3.99568451808946,0.244250045086056,3.2276882100789));
#6336=CARTESIAN_POINT('',(4.07250781562059,0.321073301853156,3.5861967336454));
#6337=CARTESIAN_POINT('Origin',(3.99568451808946,0.430032503578456,3.18787768236926));
#6338=CARTESIAN_POINT('Origin',(1.63750004634494,0.430032503578456,3.18787768236926));
#6339=CARTESIAN_POINT('',(0.799999982118607,0.390221975868821,3.00209522387686));
#6340=CARTESIAN_POINT('',(1.63750004634494,0.390221975868821,3.00209522387686));
#6341=CARTESIAN_POINT('',(0.95431538876899,0.244250045086055,3.2276882100789));
#6342=CARTESIAN_POINT('',(1.63750004634494,0.244250045086056,3.2276882100789));
#6343=CARTESIAN_POINT('Origin',(0.95431538876899,0.430032503578456,3.18787768236926));
#6344=CARTESIAN_POINT('Origin',(0.577492127204112,0.806855773565992,4.94638623633869));
#6345=CARTESIAN_POINT('',(0.394125928999835,0.804439517376421,5.84190568900162));
#6346=CARTESIAN_POINT('',(0.577492127204112,0.621073315073592,4.98619676404832));
#6347=CARTESIAN_POINT('',(0.199999995529652,0.990221975868824,5.80209516129198));
#6348=CARTESIAN_POINT('Origin',(0.394125928999835,0.990221975868824,5.80209516129198));
#6349=CARTESIAN_POINT('',(0.39153036849069,0.798691598626747,4.90828675414047));
#6350=CARTESIAN_POINT('Origin',(4.14999990724027,0.4,2.99999993294477));
#6351=CARTESIAN_POINT('',(4.14999990724027,0.4,2.99999993294477));
#6352=CARTESIAN_POINT('',(4.14999990724027,0.4,2.99999993294477));
#6353=CARTESIAN_POINT('',(4.75000022562965,1.,5.80000027552965));
#6354=CARTESIAN_POINT('',(4.75000022561289,1.,5.7999998703599));
#6355=CARTESIAN_POINT('',(4.75000022561289,1.,5.7999998703599));
#6356=CARTESIAN_POINT('Origin',(0.799999982118607,0.4,2.99999993294477));
#6357=CARTESIAN_POINT('',(0.799999982118607,0.4,2.99999993294477));
#6358=CARTESIAN_POINT('',(0.799999982118607,0.4,2.99999993294477));
#6359=CARTESIAN_POINT('',(4.14999990724027,0.4,2.99999993294477));
#6360=CARTESIAN_POINT('Origin',(0.199999995529652,1.,5.7999998703599));
#6361=CARTESIAN_POINT('',(0.199999995529652,1.,5.80000027552965));
#6362=CARTESIAN_POINT('',(0.199999995529652,1.,5.7999998703599));
#6363=CARTESIAN_POINT('',(0.799999982118607,0.4,2.99999993294477));
#6364=CARTESIAN_POINT('Origin',(4.75000022561289,1.,5.7999998703599));
#6365=CARTESIAN_POINT('',(2.47500011057965,1.,5.80000027552965));
#6366=CARTESIAN_POINT('',(0.199999995529652,0.804439517376421,5.84190568900162));
#6367=CARTESIAN_POINT('Origin',(2.47500011057127,0.7,4.39999990165234));
#6368=CARTESIAN_POINT('Origin',(2.47500011057127,0.504439517376422,4.44190572029406));
#6369=CARTESIAN_POINT('Origin',(2.47500011057965,3.,5.80000027552965));
#6370=CARTESIAN_POINT('',(0.199999995529652,5.,5.80000027552965));
#6371=CARTESIAN_POINT('',(0.199999995529652,1.,5.80000027552965));
#6372=CARTESIAN_POINT('',(0.199999995529652,3.,5.80000027552965));
#6373=CARTESIAN_POINT('',(4.75000022562965,1.,5.80000027552965));
#6374=CARTESIAN_POINT('',(2.47500011057965,1.,5.80000027552965));
#6375=CARTESIAN_POINT('',(4.75000022562965,5.,5.80000027552965));
#6376=CARTESIAN_POINT('',(4.75000022562965,3.,5.80000027552965));
#6377=CARTESIAN_POINT('',(2.47500011057965,5.,5.80000027552965));
#6378=CARTESIAN_POINT('Origin',(4.75000022562965,3.,3.00000013552965));
#6379=CARTESIAN_POINT('',(4.75000022562965,1.,0.199999995529652));
#6380=CARTESIAN_POINT('',(4.75000022562965,1.,3.00000013552965));
#6381=CARTESIAN_POINT('',(4.75000022562965,5.,0.199999995529652));
#6382=CARTESIAN_POINT('',(4.75000022562965,3.,0.199999995529652));
#6383=CARTESIAN_POINT('',(4.75000022562965,5.,3.00000013552965));
#6384=CARTESIAN_POINT('Origin',(2.47500011057965,3.,0.199999995529652));
#6385=CARTESIAN_POINT('',(0.199999995529652,1.,0.199999995529652));
#6386=CARTESIAN_POINT('',(2.47500011057965,1.,0.199999995529652));
#6387=CARTESIAN_POINT('',(0.199999995529652,5.,0.199999995529652));
#6388=CARTESIAN_POINT('',(0.199999995529652,3.,0.199999995529652));
#6389=CARTESIAN_POINT('',(2.47500011057965,5.,0.199999995529652));
#6390=CARTESIAN_POINT('Origin',(0.199999995529652,3.,3.00000013552965));
#6391=CARTESIAN_POINT('',(0.199999995529652,1.,3.00000013552965));
#6392=CARTESIAN_POINT('',(0.199999995529652,5.,3.00000013552965));
#6393=CARTESIAN_POINT('Origin',(2.47500011057965,1.,3.00000013552965));
#6394=CARTESIAN_POINT('',(0.799999899459303,1.,0.799999991059303));
#6395=CARTESIAN_POINT('',(0.799999982118607,1.,2.6571428041373));
#6396=CARTESIAN_POINT('',(0.799999899459303,1.,3.00000006329448));
#6397=CARTESIAN_POINT('',(0.799999982118607,1.,2.88749302319373));
#6398=CARTESIAN_POINT('',(0.799999899459303,1.,3.00000006329448));
#6399=CARTESIAN_POINT('',(0.799999899459303,1.,5.1999999910593));
#6400=CARTESIAN_POINT('',(0.799999899459303,1.,3.00000006329448));
#6401=CARTESIAN_POINT('',(4.1499998994593,1.,5.1999999910593));
#6402=CARTESIAN_POINT('',(2.47500000501948,1.,5.1999999910593));
#6403=CARTESIAN_POINT('',(4.14999997636452,1.,2.88749302319373));
#6404=CARTESIAN_POINT('',(4.1499998994593,1.,3.00000006329448));
#6405=CARTESIAN_POINT('',(4.14999999006146,1.,2.6571428041373));
#6406=CARTESIAN_POINT('',(4.1499998994593,1.,3.00000006329448));
#6407=CARTESIAN_POINT('',(4.1499998994593,1.,0.799999991059303));
#6408=CARTESIAN_POINT('',(4.1499998994593,1.,3.00000006329448));
#6409=CARTESIAN_POINT('',(2.47500000501948,1.,0.799999991059303));
#6410=CARTESIAN_POINT('Origin',(2.47500011057965,5.,3.00000013552965));
#6411=CARTESIAN_POINT('Origin',(2.4749998994593,1.75,5.1999999910593));
#6412=CARTESIAN_POINT('',(0.799999899459303,3.5,5.1999999910593));
#6413=CARTESIAN_POINT('',(0.799999899459303,1.75,5.1999999910593));
#6414=CARTESIAN_POINT('',(4.1499998994593,3.5,5.1999999910593));
#6415=CARTESIAN_POINT('',(2.4749998994593,3.5,5.1999999910593));
#6416=CARTESIAN_POINT('',(4.1499998994593,1.75,5.1999999910593));
#6417=CARTESIAN_POINT('Origin',(0.799999899459303,1.75,2.9999999910593));
#6418=CARTESIAN_POINT('',(0.799999982118607,2.5,1.79999998211861));
#6419=CARTESIAN_POINT('',(0.799999899459303,1.43384615159458,2.40923072767081));
#6420=CARTESIAN_POINT('',(0.799999899459303,3.5,0.799999991059303));
#6421=CARTESIAN_POINT('',(0.799999899459303,1.75,0.799999991059303));
#6422=CARTESIAN_POINT('',(0.799999899459303,3.5,2.9999999910593));
#6423=CARTESIAN_POINT('',(0.799999982118607,2.5992277846061,1.97364861229508));
#6424=CARTESIAN_POINT('',(0.799999899459303,1.53307393620068,2.58287935784729));
#6425=CARTESIAN_POINT('',(0.799999899459304,2.66615384840542,2.09076922874329));
#6426=CARTESIAN_POINT('Origin',(2.4749998994593,3.5,2.9999999910593));
#6427=CARTESIAN_POINT('',(4.1499998994593,3.5,0.799999991059303));
#6428=CARTESIAN_POINT('',(2.4749998994593,3.5,0.799999991059303));
#6429=CARTESIAN_POINT('',(4.1499998994593,3.5,2.9999999910593));
#6430=CARTESIAN_POINT('Origin',(2.4749998994593,1.75,0.799999991059303));
#6431=CARTESIAN_POINT('',(4.1499998994593,1.75,0.799999991059303));
#6432=CARTESIAN_POINT('Origin',(4.1499998994593,1.75,2.9999999910593));
#6433=CARTESIAN_POINT('',(4.15000019711442,2.5992277846061,1.97364861229508));
#6434=CARTESIAN_POINT('',(4.1499998994593,1.53307393620068,2.58287935784729));
#6435=CARTESIAN_POINT('',(4.15000019711442,2.5,1.79999998211861));
#6436=CARTESIAN_POINT('',(4.1499998994593,1.43384615159458,2.40923072767081));
#6437=CARTESIAN_POINT('',(4.1499998994593,2.66615384840542,2.09076922874329));
#6438=CARTESIAN_POINT('Origin',(2.47500008961651,1.45,2.39999995753169));
#6439=CARTESIAN_POINT('',(0.799999982118607,2.5,1.79999998211861));
#6440=CARTESIAN_POINT('',(4.14999990724027,0.4,2.99999993294477));
#6441=CARTESIAN_POINT('',(4.15000019711442,2.5,1.79999998211861));
#6442=CARTESIAN_POINT('',(0.799999982118607,0.4,2.99999993294477));
#6443=CARTESIAN_POINT('',(4.14999990724027,0.4,2.99999993294477));
#6444=CARTESIAN_POINT('',(0.799999982118607,0.4,2.99999993294477));
#6445=CARTESIAN_POINT('Origin',(2.47500008961651,1.5492277846061,2.57364858770817));
#6446=CARTESIAN_POINT('',(0.799999982118607,2.5992277846061,1.97364861229508));
#6447=CARTESIAN_POINT('',(0.799999982118607,0.499227784606096,3.17364856312125));
#6448=CARTESIAN_POINT('',(0.799999982118607,0.499227784606096,3.17364856312125));
#6449=CARTESIAN_POINT('',(4.14999990724027,0.499227784606096,3.17364856312125));
#6450=CARTESIAN_POINT('',(4.14999990724027,0.499227784606096,3.17364856312125));
#6451=CARTESIAN_POINT('',(4.15000019711442,2.5992277846061,1.97364861229508));
#6452=CARTESIAN_POINT('Origin',(4.15000019711442,2.5,1.79999998211861));
#6453=CARTESIAN_POINT('Origin',(0.799999982118607,2.5,1.79999998211861));
#6454=CARTESIAN_POINT('',(0.799999982118607,0.4,2.99999993294477));
#6455=CARTESIAN_POINT('Origin',(0.799999982118607,0.4,2.99999993294477));
#6456=CARTESIAN_POINT('',(4.14999990724027,0.4,2.99999993294477));
#6457=CARTESIAN_POINT('Origin',(4.14999990724027,0.4,2.99999993294477));
#6458=CARTESIAN_POINT('Origin',(2.49999997764826,3.50000005215406,-2.55));
#6459=CARTESIAN_POINT('',(2.24999997764826,3.50000005215406,-2.55));
#6460=CARTESIAN_POINT('Origin',(2.49999997764826,3.50000005215406,-2.55));
#6461=CARTESIAN_POINT('',(2.49999997764826,3.50000005215406,-2.8));
#6462=CARTESIAN_POINT('Origin',(2.49999997764826,3.50000005215406,-2.55));
#6463=CARTESIAN_POINT('Origin',(2.49999997764826,3.50000005215406,-1.3));
#6464=CARTESIAN_POINT('',(2.74999997764826,3.50000005215406,0.2));
#6465=CARTESIAN_POINT('',(2.24999997764826,3.50000005215406,0.2));
#6466=CARTESIAN_POINT('Origin',(2.49999997764826,3.50000005215406,0.2));
#6467=CARTESIAN_POINT('Origin',(2.49999997764826,3.50000005215406,0.2));
#6468=CARTESIAN_POINT('',(2.24999997764826,3.50000005215406,-1.3));
#6469=CARTESIAN_POINT('Origin',(2.49999997764826,3.50000005215406,0.2));
#6470=CARTESIAN_POINT('Origin',(7.49999997764826,3.50000005215406,-2.55));
#6471=CARTESIAN_POINT('',(7.24999997764826,3.50000005215406,-2.55));
#6472=CARTESIAN_POINT('Origin',(7.49999997764826,3.50000005215406,-2.55));
#6473=CARTESIAN_POINT('',(7.49999997764826,3.50000005215406,-2.8));
#6474=CARTESIAN_POINT('Origin',(7.49999997764826,3.50000005215406,-2.55));
#6475=CARTESIAN_POINT('Origin',(7.49999997764826,3.50000005215406,-1.3));
#6476=CARTESIAN_POINT('',(7.74999997764826,3.50000005215406,0.2));
#6477=CARTESIAN_POINT('',(7.24999997764826,3.50000005215406,0.2));
#6478=CARTESIAN_POINT('Origin',(7.49999997764826,3.50000005215406,0.2));
#6479=CARTESIAN_POINT('Origin',(7.49999997764826,3.50000005215406,0.2));
#6480=CARTESIAN_POINT('',(7.24999997764826,3.50000005215406,-1.3));
#6481=CARTESIAN_POINT('Origin',(7.49999997764826,3.50000005215406,0.2));
#6482=CARTESIAN_POINT('Origin',(12.4999999776483,3.50000005215406,-2.55));
#6483=CARTESIAN_POINT('',(12.2499999776483,3.50000005215406,-2.55));
#6484=CARTESIAN_POINT('Origin',(12.4999999776483,3.50000005215406,-2.55));
#6485=CARTESIAN_POINT('',(12.4999999776483,3.50000005215406,-2.8));
#6486=CARTESIAN_POINT('Origin',(12.4999999776483,3.50000005215406,-2.55));
#6487=CARTESIAN_POINT('Origin',(12.4999999776483,3.50000005215406,-1.3));
#6488=CARTESIAN_POINT('',(12.7499999776483,3.50000005215406,0.2));
#6489=CARTESIAN_POINT('',(12.2499999776483,3.50000005215406,0.2));
#6490=CARTESIAN_POINT('Origin',(12.4999999776483,3.50000005215406,0.2));
#6491=CARTESIAN_POINT('Origin',(12.4999999776483,3.50000005215406,0.2));
#6492=CARTESIAN_POINT('',(12.2499999776483,3.50000005215406,-1.3));
#6493=CARTESIAN_POINT('Origin',(12.4999999776483,3.50000005215406,0.2));
#6494=CARTESIAN_POINT('Origin',(2.51471783922579,3.21394973451978,8.));
#6495=CARTESIAN_POINT('',(2.10234348579813,3.11321422620657,8.));
#6496=CARTESIAN_POINT('',(1.79725522182689,3.11321422620657,8.3));
#6497=CARTESIAN_POINT('Ctrl Pts',(2.10234348579813,3.11321422620657,8.));
#6498=CARTESIAN_POINT('Ctrl Pts',(2.10234348579813,3.11321422620657,8.03676757529373));
#6499=CARTESIAN_POINT('Ctrl Pts',(2.0935321986493,3.11321422620657,8.07999987609615));
#6500=CARTESIAN_POINT('Ctrl Pts',(2.06478737798052,3.11321422620657,8.1482501285099));
#6501=CARTESIAN_POINT('Ctrl Pts',(2.0396036230037,3.11321422620657,8.18523720673384));
#6502=CARTESIAN_POINT('Ctrl Pts',(1.98630156292907,3.11321422620657,8.23784234404366));
#6503=CARTESIAN_POINT('Ctrl Pts',(1.94864599728171,3.11321422620657,8.26270030119333));
#6504=CARTESIAN_POINT('Ctrl Pts',(1.87908864841941,3.11321422620657,8.29124663321249));
#6505=CARTESIAN_POINT('Ctrl Pts',(1.83484202256709,3.11321422620657,8.3));
#6506=CARTESIAN_POINT('Ctrl Pts',(1.79725522182689,3.11321422620657,8.3));
#6507=CARTESIAN_POINT('',(2.41471784369614,2.49638423166024,8.3));
#6508=CARTESIAN_POINT('Origin',(2.51471783922579,3.21394973451978,8.3));
#6509=CARTESIAN_POINT('',(2.41471784369614,2.80139640355023,8.));
#6510=CARTESIAN_POINT('Ctrl Pts',(2.41471784369614,2.49638423166024,8.3));
#6511=CARTESIAN_POINT('Ctrl Pts',(2.41471784369614,2.5339626958741,8.3));
#6512=CARTESIAN_POINT('Ctrl Pts',(2.41471784369614,2.57819937515598,8.29124790272212));
#6513=CARTESIAN_POINT('Ctrl Pts',(2.41471784369614,2.64773964074918,8.2627046641993));
#6514=CARTESIAN_POINT('Ctrl Pts',(2.41471784369614,2.68538450470584,8.23784931975178));
#6515=CARTESIAN_POINT('Ctrl Pts',(2.41471784369614,2.73867240435803,8.18524784306896));
#6516=CARTESIAN_POINT('Ctrl Pts',(2.41471784369614,2.7638486171681,8.1482614480435));
#6517=CARTESIAN_POINT('Ctrl Pts',(2.41471784369614,2.79258728465556,8.08000881066283));
#6518=CARTESIAN_POINT('Ctrl Pts',(2.41471784369614,2.80139640355023,8.0367713928321));
#6519=CARTESIAN_POINT('Ctrl Pts',(2.41471784369614,2.80139640355023,8.));
#6520=CARTESIAN_POINT('Origin',(2.51471783922579,3.21394973451978,8.));
#6521=CARTESIAN_POINT('Origin',(2.41471784369614,3.26394973338664,8.8));
#6522=CARTESIAN_POINT('',(2.41471784369614,2.32456330152088,8.3));
#6523=CARTESIAN_POINT('',(2.41471784369614,3.24176606100682,8.3));
#6524=CARTESIAN_POINT('',(2.41471784369614,1.82277919336852,7.8));
#6525=CARTESIAN_POINT('Ctrl Pts',(2.41471784369614,1.82277919336852,7.8));
#6526=CARTESIAN_POINT('Ctrl Pts',(2.41471784369614,1.82277919336852,7.8616456841595));
#6527=CARTESIAN_POINT('Ctrl Pts',(2.41471784369614,1.83723032732467,7.93419524561987));
#6528=CARTESIAN_POINT('Ctrl Pts',(2.41471784369614,1.88448666469829,8.04814852622094));
#6529=CARTESIAN_POINT('Ctrl Pts',(2.41471784369614,1.92567973345633,8.10969679194056));
#6530=CARTESIAN_POINT('Ctrl Pts',(2.41471784369614,2.01311849379012,8.19700858506251));
#6531=CARTESIAN_POINT('Ctrl Pts',(2.41471784369614,2.07487292958432,8.23817826109976));
#6532=CARTESIAN_POINT('Ctrl Pts',(2.41471784369614,2.18940176523806,8.28553010570126));
#6533=CARTESIAN_POINT('Ctrl Pts',(2.41471784369614,2.26248134810647,8.3));
#6534=CARTESIAN_POINT('Ctrl Pts',(2.41471784369614,2.32456330152088,8.3));
#6535=CARTESIAN_POINT('',(2.41471784369614,2.80139640355023,7.8));
#6536=CARTESIAN_POINT('',(2.41471784369614,3.26394973338664,7.8));
#6537=CARTESIAN_POINT('',(2.41471784369614,2.80139640355023,8.55));
#6538=CARTESIAN_POINT('Origin',(2.50927382561026,3.21958238862699,8.3));
#6539=CARTESIAN_POINT('',(1.61558158886245,3.11321422620657,8.3));
#6540=CARTESIAN_POINT('',(2.81064055870648,3.11321422620657,8.3));
#6541=CARTESIAN_POINT('Origin',(2.50927382561026,3.21958238862699,8.3));
#6542=CARTESIAN_POINT('Origin',(2.51471783922579,3.21394973451978,8.));
#6543=CARTESIAN_POINT('',(2.61471783919614,2.80139640462663,8.));
#6544=CARTESIAN_POINT('',(2.61471783919614,2.49638423227909,8.3));
#6545=CARTESIAN_POINT('Ctrl Pts',(2.61471783919614,2.80139640462663,8.));
#6546=CARTESIAN_POINT('Ctrl Pts',(2.61471783919614,2.80139640462663,8.03677139280914));
#6547=CARTESIAN_POINT('Ctrl Pts',(2.61471783919614,2.79258728571892,8.08000881060911));
#6548=CARTESIAN_POINT('Ctrl Pts',(2.61471783919614,2.76384861819447,8.14826144797543));
#6549=CARTESIAN_POINT('Ctrl Pts',(2.61471783919614,2.73867240533905,8.185247843005));
#6550=CARTESIAN_POINT('Ctrl Pts',(2.61471783919614,2.68538450560172,8.23784931970983));
#6551=CARTESIAN_POINT('Ctrl Pts',(2.61471783919614,2.64773964158071,8.26270466417306));
#6552=CARTESIAN_POINT('Ctrl Pts',(2.61471783919614,2.57819937588479,8.29124790271449));
#6553=CARTESIAN_POINT('Ctrl Pts',(2.61471783919614,2.53396269654309,8.3));
#6554=CARTESIAN_POINT('Ctrl Pts',(2.61471783919614,2.49638423227909,8.3));
#6555=CARTESIAN_POINT('',(3.23218045662469,3.11321422620657,8.3));
#6556=CARTESIAN_POINT('Origin',(2.51471783922579,3.21394973451978,8.3));
#6557=CARTESIAN_POINT('',(2.92709219265345,3.11321422620657,8.));
#6558=CARTESIAN_POINT('Ctrl Pts',(3.23218045662469,3.11321422620657,8.3));
#6559=CARTESIAN_POINT('Ctrl Pts',(3.19459365588449,3.11321422620657,8.3));
#6560=CARTESIAN_POINT('Ctrl Pts',(3.15034703003217,3.11321422620657,8.29124663321249));
#6561=CARTESIAN_POINT('Ctrl Pts',(3.08078968116986,3.11321422620657,8.26270030119333));
#6562=CARTESIAN_POINT('Ctrl Pts',(3.04313411552251,3.11321422620657,8.23784234404366));
#6563=CARTESIAN_POINT('Ctrl Pts',(2.98983205544788,3.11321422620657,8.18523720673384));
#6564=CARTESIAN_POINT('Ctrl Pts',(2.96464830047105,3.11321422620657,8.1482501285099));
#6565=CARTESIAN_POINT('Ctrl Pts',(2.93590347980228,3.11321422620657,8.07999987609615));
#6566=CARTESIAN_POINT('Ctrl Pts',(2.92709219265345,3.11321422620657,8.03676757529373));
#6567=CARTESIAN_POINT('Ctrl Pts',(2.92709219265345,3.11321422620657,8.));
#6568=CARTESIAN_POINT('Origin',(2.51471783922579,3.21394973451978,8.));
#6569=CARTESIAN_POINT('Origin',(2.61471783919614,3.26394973338664,8.8));
#6570=CARTESIAN_POINT('',(2.61471783919614,2.80139640462663,7.8));
#6571=CARTESIAN_POINT('',(2.61471783919614,2.80139640462663,8.55));
#6572=CARTESIAN_POINT('',(2.61471783919614,1.8235589074495,7.8));
#6573=CARTESIAN_POINT('',(2.61471783919614,3.26394973338664,7.8));
#6574=CARTESIAN_POINT('',(2.61471783919614,2.3257806432724,8.3));
#6575=CARTESIAN_POINT('Ctrl Pts',(2.61471783919614,2.3257806432724,8.3));
#6576=CARTESIAN_POINT('Ctrl Pts',(2.61471783919614,2.26360646902329,8.3));
#6577=CARTESIAN_POINT('Ctrl Pts',(2.61471783919614,2.19041522173985,8.28552431142162));
#6578=CARTESIAN_POINT('Ctrl Pts',(2.61471783919614,2.07576131536332,8.23814213363988));
#6579=CARTESIAN_POINT('Ctrl Pts',(2.61471783919614,2.01396147458632,8.19696495679407));
#6580=CARTESIAN_POINT('Ctrl Pts',(2.61471783919614,1.92648065172141,8.10964211318345));
#6581=CARTESIAN_POINT('Ctrl Pts',(2.61471783919614,1.88527439592919,8.04809888804653));
#6582=CARTESIAN_POINT('Ctrl Pts',(2.61471783919614,1.83801126145777,7.93416176831826));
#6583=CARTESIAN_POINT('Ctrl Pts',(2.61471783919614,1.8235589074495,7.86163073790004));
#6584=CARTESIAN_POINT('Ctrl Pts',(2.61471783919614,1.8235589074495,7.8));
#6585=CARTESIAN_POINT('',(2.61471783919614,3.24176606100682,8.3));
#6586=CARTESIAN_POINT('Origin',(2.51471783922579,3.21394973451978,8.55));
#6587=CARTESIAN_POINT('',(2.93921783922579,3.21394973451978,7.775));
#6588=CARTESIAN_POINT('',(2.09021783922579,3.21394973451978,7.775));
#6589=CARTESIAN_POINT('Origin',(2.51471783922579,3.21394973451978,7.775));
#6590=CARTESIAN_POINT('',(2.09021783922579,3.21394973451978,7.8));
#6591=CARTESIAN_POINT('',(2.09021783922579,3.21394973451978,8.55));
#6592=CARTESIAN_POINT('',(2.10234348579813,3.11321422620657,7.8));
#6593=CARTESIAN_POINT('Origin',(2.51471783922579,3.21394973451978,7.8));
#6594=CARTESIAN_POINT('',(2.10234348579813,3.11321422620657,8.55));
#6595=CARTESIAN_POINT('Origin',(2.51471783922579,3.21394973451978,7.8));
#6596=CARTESIAN_POINT('',(2.92709219265345,3.11321422620657,7.8));
#6597=CARTESIAN_POINT('',(2.92709219265345,3.11321422620657,8.55));
#6598=CARTESIAN_POINT('',(2.92744875832871,3.31321422170657,7.8));
#6599=CARTESIAN_POINT('Origin',(2.51471783922579,3.21394973451978,7.8));
#6600=CARTESIAN_POINT('',(2.92744875832871,3.31321422170657,8.));
#6601=CARTESIAN_POINT('',(2.92744875832871,3.31321422170657,8.55));
#6602=CARTESIAN_POINT('',(2.61471783919614,3.62650306441294,8.));
#6603=CARTESIAN_POINT('Origin',(2.51471783922579,3.21394973451978,8.));
#6604=CARTESIAN_POINT('',(2.61471783919614,3.62650306441294,7.8));
#6605=CARTESIAN_POINT('',(2.61471783919614,3.62650306441294,8.55));
#6606=CARTESIAN_POINT('',(2.41471784369614,3.62650306548933,7.8));
#6607=CARTESIAN_POINT('Origin',(2.51471783922579,3.21394973451978,7.8));
#6608=CARTESIAN_POINT('',(2.41471784369614,3.62650306548933,8.));
#6609=CARTESIAN_POINT('',(2.41471784369614,3.62650306548933,8.55));
#6610=CARTESIAN_POINT('',(2.10198692012286,3.31321422170657,8.));
#6611=CARTESIAN_POINT('Origin',(2.51471783922579,3.21394973451978,8.));
#6612=CARTESIAN_POINT('',(2.10198692012286,3.31321422170657,7.8));
#6613=CARTESIAN_POINT('',(2.10198692012286,3.31321422170657,8.55));
#6614=CARTESIAN_POINT('Origin',(2.51471783922579,3.21394973451978,7.8));
#6615=CARTESIAN_POINT('Origin',(2.51471783922579,3.21394973451978,7.775));
#6616=CARTESIAN_POINT('Origin',(2.51471783922579,3.21394973451978,8.));
#6617=CARTESIAN_POINT('',(3.23238545838075,3.31321422170657,8.3));
#6618=CARTESIAN_POINT('Ctrl Pts',(2.92744875832871,3.31321422170657,8.));
#6619=CARTESIAN_POINT('Ctrl Pts',(2.92744875832871,3.31321422170657,8.03677517978888));
#6620=CARTESIAN_POINT('Ctrl Pts',(2.93625572726053,3.31321422170657,8.08001767324242));
#6621=CARTESIAN_POINT('Ctrl Pts',(2.96498829338177,3.31321422170657,8.14827267695813));
#6622=CARTESIAN_POINT('Ctrl Pts',(2.9901570272943,3.31321422170657,8.1852583943014));
#6623=CARTESIAN_POINT('Ctrl Pts',(3.04343088410439,3.31321422170657,8.23785624001806));
#6624=CARTESIAN_POINT('Ctrl Pts',(3.08106513418638,3.31321422170657,8.26270899312282));
#6625=CARTESIAN_POINT('Ctrl Pts',(3.15058845419118,3.31321422170657,8.29124916226019));
#6626=CARTESIAN_POINT('Ctrl Pts',(3.19481526512556,3.31321422170657,8.3));
#6627=CARTESIAN_POINT('Ctrl Pts',(3.23238545838075,3.31321422170657,8.3));
#6628=CARTESIAN_POINT('',(2.61471783919614,3.93151523676047,8.3));
#6629=CARTESIAN_POINT('Origin',(2.51471783922579,3.21394973451978,8.3));
#6630=CARTESIAN_POINT('Ctrl Pts',(2.61471783919614,3.93151523676047,8.3));
#6631=CARTESIAN_POINT('Ctrl Pts',(2.61471783919614,3.89393677249647,8.3));
#6632=CARTESIAN_POINT('Ctrl Pts',(2.61471783919614,3.84970009315477,8.29124790271449));
#6633=CARTESIAN_POINT('Ctrl Pts',(2.61471783919614,3.78015982745885,8.26270466417306));
#6634=CARTESIAN_POINT('Ctrl Pts',(2.61471783919614,3.74251496343784,8.23784931970983));
#6635=CARTESIAN_POINT('Ctrl Pts',(2.61471783919614,3.68922706370051,8.185247843005));
#6636=CARTESIAN_POINT('Ctrl Pts',(2.61471783919614,3.66405085084509,8.14826144797543));
#6637=CARTESIAN_POINT('Ctrl Pts',(2.61471783919614,3.63531218332064,8.08000881060911));
#6638=CARTESIAN_POINT('Ctrl Pts',(2.61471783919614,3.62650306441294,8.03677139280914));
#6639=CARTESIAN_POINT('Ctrl Pts',(2.61471783919614,3.62650306441294,8.));
#6640=CARTESIAN_POINT('Origin',(3.11200729180271,3.31321422170657,8.8));
#6641=CARTESIAN_POINT('',(3.66200725270271,3.31321422170657,7.8));
#6642=CARTESIAN_POINT('',(3.11200729180271,3.31321422170657,7.8));
#6643=CARTESIAN_POINT('',(3.66200725270271,3.31321422170657,8.22917646773727));
#6644=CARTESIAN_POINT('',(3.66200725270271,3.31321422170657,8.8));
#6645=CARTESIAN_POINT('',(3.40439006377945,3.31321422170657,8.3));
#6646=CARTESIAN_POINT('Ctrl Pts',(3.40439006377945,3.31321422170657,8.3));
#6647=CARTESIAN_POINT('Ctrl Pts',(3.46646466637191,3.31321422170657,8.3));
#6648=CARTESIAN_POINT('Ctrl Pts',(3.53953534864618,3.31321422170657,8.28553056859197));
#6649=CARTESIAN_POINT('Ctrl Pts',(3.61826587643893,3.31321422170657,8.2529783303273));
#6650=CARTESIAN_POINT('Ctrl Pts',(3.64046563882473,3.31321422170657,8.24201017925133));
#6651=CARTESIAN_POINT('Ctrl Pts',(3.66200725270271,3.31321422170657,8.22917646773727));
#6652=CARTESIAN_POINT('',(2.81064055870648,3.31321422170657,8.3));
#6653=CARTESIAN_POINT('Origin',(2.51471783922579,3.21394973451978,8.));
#6654=CARTESIAN_POINT('',(2.41471784369614,3.93151523737932,8.3));
#6655=CARTESIAN_POINT('Ctrl Pts',(2.41471784369614,3.62650306548933,8.));
#6656=CARTESIAN_POINT('Ctrl Pts',(2.41471784369614,3.62650306548933,8.0367713928321));
#6657=CARTESIAN_POINT('Ctrl Pts',(2.41471784369614,3.635312184384,8.08000881066283));
#6658=CARTESIAN_POINT('Ctrl Pts',(2.41471784369614,3.66405085187146,8.1482614480435));
#6659=CARTESIAN_POINT('Ctrl Pts',(2.41471784369614,3.68922706468153,8.18524784306896));
#6660=CARTESIAN_POINT('Ctrl Pts',(2.41471784369614,3.74251496433372,8.23784931975178));
#6661=CARTESIAN_POINT('Ctrl Pts',(2.41471784369614,3.78015982829038,8.2627046641993));
#6662=CARTESIAN_POINT('Ctrl Pts',(2.41471784369614,3.84970009388358,8.29124790272212));
#6663=CARTESIAN_POINT('Ctrl Pts',(2.41471784369614,3.89393677316546,8.3));
#6664=CARTESIAN_POINT('Ctrl Pts',(2.41471784369614,3.93151523737932,8.3));
#6665=CARTESIAN_POINT('',(1.79705022007083,3.31321422170657,8.3));
#6666=CARTESIAN_POINT('Origin',(2.51471783922579,3.21394973451978,8.3));
#6667=CARTESIAN_POINT('Ctrl Pts',(1.79705022007083,3.31321422170657,8.3));
#6668=CARTESIAN_POINT('Ctrl Pts',(1.83462041332602,3.31321422170657,8.3));
#6669=CARTESIAN_POINT('Ctrl Pts',(1.87884722426039,3.31321422170657,8.29124916226019));
#6670=CARTESIAN_POINT('Ctrl Pts',(1.94837054426519,3.31321422170657,8.26270899312282));
#6671=CARTESIAN_POINT('Ctrl Pts',(1.98600479434718,3.31321422170657,8.23785624001806));
#6672=CARTESIAN_POINT('Ctrl Pts',(2.03927865115728,3.31321422170657,8.1852583943014));
#6673=CARTESIAN_POINT('Ctrl Pts',(2.0644473850698,3.31321422170657,8.14827267695813));
#6674=CARTESIAN_POINT('Ctrl Pts',(2.09317995119104,3.31321422170657,8.08001767324242));
#6675=CARTESIAN_POINT('Ctrl Pts',(2.10198692012287,3.31321422170657,8.03677517978888));
#6676=CARTESIAN_POINT('Ctrl Pts',(2.10198692012287,3.31321422170657,8.));
#6677=CARTESIAN_POINT('Origin',(2.41471784369614,3.26394973338664,8.8));
#6678=CARTESIAN_POINT('',(2.41471784369614,4.61638558388545,7.8));
#6679=CARTESIAN_POINT('',(2.41471784369614,3.26394973338664,7.8));
#6680=CARTESIAN_POINT('',(2.41471784369614,4.1146014757331,8.3));
#6681=CARTESIAN_POINT('Ctrl Pts',(2.41471784369614,4.1146014757331,8.3));
#6682=CARTESIAN_POINT('Ctrl Pts',(2.41471784369614,4.1766834291475,8.3));
#6683=CARTESIAN_POINT('Ctrl Pts',(2.41471784369614,4.24976301201592,8.28553010570126));
#6684=CARTESIAN_POINT('Ctrl Pts',(2.41471784369614,4.36429184766966,8.23817826109976));
#6685=CARTESIAN_POINT('Ctrl Pts',(2.41471784369614,4.42604628346385,8.19700858506251));
#6686=CARTESIAN_POINT('Ctrl Pts',(2.41471784369614,4.51348504379764,8.10969679194056));
#6687=CARTESIAN_POINT('Ctrl Pts',(2.41471784369614,4.55467811255568,8.04814852622094));
#6688=CARTESIAN_POINT('Ctrl Pts',(2.41471784369614,4.6019344499293,7.93419524561987));
#6689=CARTESIAN_POINT('Ctrl Pts',(2.41471784369614,4.61638558388545,7.8616456841595));
#6690=CARTESIAN_POINT('Ctrl Pts',(2.41471784369614,4.61638558388545,7.8));
#6691=CARTESIAN_POINT('',(2.41471784369614,3.24176606100682,8.3));
#6692=CARTESIAN_POINT('Ctrl Pts',(2.93921783922579,3.21394973451978,7.775));
#6693=CARTESIAN_POINT('Ctrl Pts',(2.93921783922579,2.78944973451978,7.775));
#6694=CARTESIAN_POINT('Ctrl Pts',(2.51471783922579,2.78944973451978,7.775));
#6695=CARTESIAN_POINT('Ctrl Pts',(2.09021783922579,2.78944973451978,7.775));
#6696=CARTESIAN_POINT('Ctrl Pts',(2.09021783922579,3.21394973451978,7.775));
#6697=CARTESIAN_POINT('Ctrl Pts',(2.09021783922579,3.63844973451978,7.775));
#6698=CARTESIAN_POINT('Ctrl Pts',(2.51471783922579,3.63844973451978,7.775));
#6699=CARTESIAN_POINT('Ctrl Pts',(2.93921783922579,3.63844973451978,7.775));
#6700=CARTESIAN_POINT('Ctrl Pts',(2.93921783922579,3.21394973451978,7.775));
#6701=CARTESIAN_POINT('Ctrl Pts',(2.93921783922579,3.21394973451978,7.55));
#6702=CARTESIAN_POINT('Ctrl Pts',(2.93921783922579,2.78944973451978,7.55));
#6703=CARTESIAN_POINT('Ctrl Pts',(2.51471783922579,2.78944973451978,7.55));
#6704=CARTESIAN_POINT('Ctrl Pts',(2.09021783922579,2.78944973451978,7.55));
#6705=CARTESIAN_POINT('Ctrl Pts',(2.09021783922579,3.21394973451978,7.55));
#6706=CARTESIAN_POINT('Ctrl Pts',(2.09021783922579,3.63844973451978,7.55));
#6707=CARTESIAN_POINT('Ctrl Pts',(2.51471783922579,3.63844973451978,7.55));
#6708=CARTESIAN_POINT('Ctrl Pts',(2.93921783922579,3.63844973451978,7.55));
#6709=CARTESIAN_POINT('Ctrl Pts',(2.93921783922579,3.21394973451978,7.55));
#6710=CARTESIAN_POINT('Ctrl Pts',(2.71421783922579,3.21394973451978,7.55));
#6711=CARTESIAN_POINT('Ctrl Pts',(2.71421783922579,3.01444973451978,7.55));
#6712=CARTESIAN_POINT('Ctrl Pts',(2.51471783922579,3.01444973451978,7.55));
#6713=CARTESIAN_POINT('Ctrl Pts',(2.31521783922579,3.01444973451978,7.55));
#6714=CARTESIAN_POINT('Ctrl Pts',(2.31521783922579,3.21394973451978,7.55));
#6715=CARTESIAN_POINT('Ctrl Pts',(2.31521783922579,3.41344973451978,7.55));
#6716=CARTESIAN_POINT('Ctrl Pts',(2.51471783922579,3.41344973451978,7.55));
#6717=CARTESIAN_POINT('Ctrl Pts',(2.71421783922579,3.41344973451978,7.55));
#6718=CARTESIAN_POINT('Ctrl Pts',(2.71421783922579,3.21394973451978,7.55));
#6719=CARTESIAN_POINT('',(2.71421783922579,3.21394973451978,7.55));
#6720=CARTESIAN_POINT('Origin',(2.71421783922579,3.21394973451978,7.775));
#6721=CARTESIAN_POINT('Origin',(2.51471783922579,3.21394973451978,7.55));
#6722=CARTESIAN_POINT('Origin',(2.51471783922579,3.21394973451978,7.55));
#6723=CARTESIAN_POINT('Origin',(3.11200729180271,3.11321422620657,8.8));
#6724=CARTESIAN_POINT('',(1.36200733090271,3.11321422620657,7.8));
#6725=CARTESIAN_POINT('',(3.11200729180271,3.11321422620657,7.8));
#6726=CARTESIAN_POINT('',(1.36200733090271,3.11321422620657,8.23174272416976));
#6727=CARTESIAN_POINT('',(1.36200733090271,3.11321422620657,8.8));
#6728=CARTESIAN_POINT('Ctrl Pts',(1.61558158886245,3.11321422620657,8.3));
#6729=CARTESIAN_POINT('Ctrl Pts',(1.55339910850012,3.11321422620657,8.3));
#6730=CARTESIAN_POINT('Ctrl Pts',(1.48019780380408,3.11321422620657,8.28552379072494));
#6731=CARTESIAN_POINT('Ctrl Pts',(1.40280987417267,3.11321422620657,8.25354354685329));
#6732=CARTESIAN_POINT('Ctrl Pts',(1.38216477498963,3.11321422620657,8.24346668351307));
#6733=CARTESIAN_POINT('Ctrl Pts',(1.36200733090271,3.11321422620657,8.23174272416976));
#6734=CARTESIAN_POINT('Origin',(3.11200729180271,3.31321422170657,8.8));
#6735=CARTESIAN_POINT('',(1.61415758744107,3.31321422170657,8.3));
#6736=CARTESIAN_POINT('',(2.81064055870648,3.31321422170657,8.3));
#6737=CARTESIAN_POINT('',(1.36200733090271,3.31321422170657,8.23238681947199));
#6738=CARTESIAN_POINT('Ctrl Pts',(1.36200733090271,3.31321422170657,8.23238681947199));
#6739=CARTESIAN_POINT('Ctrl Pts',(1.38181916785895,3.31321422170657,8.24385315092938));
#6740=CARTESIAN_POINT('Ctrl Pts',(1.40208348225634,3.31321422170657,8.25372327149111));
#6741=CARTESIAN_POINT('Ctrl Pts',(1.47901230257435,3.31321422170657,8.28553056859197));
#6742=CARTESIAN_POINT('Ctrl Pts',(1.55208298484861,3.31321422170657,8.3));
#6743=CARTESIAN_POINT('Ctrl Pts',(1.61415758744107,3.31321422170657,8.3));
#6744=CARTESIAN_POINT('',(1.36200733090271,3.31321422170657,7.8));
#6745=CARTESIAN_POINT('',(1.36200733090271,3.31321422170657,8.8));
#6746=CARTESIAN_POINT('',(3.11200729180271,3.31321422170657,7.8));
#6747=CARTESIAN_POINT('Origin',(2.50927382561026,3.21958238862699,8.3));
#6748=CARTESIAN_POINT('Origin',(2.50927382561026,3.21958238862699,8.3));
#6749=CARTESIAN_POINT('Origin',(2.51471784144614,3.26394973338664,7.8));
#6750=CARTESIAN_POINT('',(2.61471783919614,4.61560586980447,7.8));
#6751=CARTESIAN_POINT('',(2.61471783919614,3.26394973338664,7.8));
#6752=CARTESIAN_POINT('Origin',(2.50927382561026,3.21958238862699,7.8));
#6753=CARTESIAN_POINT('Origin',(2.51471784144614,3.26394973338664,7.8));
#6754=CARTESIAN_POINT('',(1.36200733090271,3.21321422395657,7.8));
#6755=CARTESIAN_POINT('Origin',(2.51471784144614,3.26394973338664,7.8));
#6756=CARTESIAN_POINT('',(3.66200725270271,3.11321422620657,7.8));
#6757=CARTESIAN_POINT('',(3.11200729180271,3.11321422620657,7.8));
#6758=CARTESIAN_POINT('',(3.66200725270271,3.21321422395657,7.8));
#6759=CARTESIAN_POINT('Origin',(2.61471783919614,3.26394973338664,8.8));
#6760=CARTESIAN_POINT('',(2.61471783919614,4.11338413398157,8.3));
#6761=CARTESIAN_POINT('',(2.61471783919614,3.24176606100682,8.3));
#6762=CARTESIAN_POINT('Ctrl Pts',(2.61471783919614,4.61560586980447,7.8));
#6763=CARTESIAN_POINT('Ctrl Pts',(2.61471783919614,4.61560586980447,7.86163073790004));
#6764=CARTESIAN_POINT('Ctrl Pts',(2.61471783919614,4.6011535157962,7.93416176831826));
#6765=CARTESIAN_POINT('Ctrl Pts',(2.61471783919614,4.55389038132478,8.04809888804653));
#6766=CARTESIAN_POINT('Ctrl Pts',(2.61471783919614,4.51268412553256,8.10964211318345));
#6767=CARTESIAN_POINT('Ctrl Pts',(2.61471783919614,4.42520330266765,8.19696495679407));
#6768=CARTESIAN_POINT('Ctrl Pts',(2.61471783919614,4.36340346189065,8.23814213363988));
#6769=CARTESIAN_POINT('Ctrl Pts',(2.61471783919614,4.24874955551412,8.28552431142162));
#6770=CARTESIAN_POINT('Ctrl Pts',(2.61471783919614,4.17555830823068,8.3));
#6771=CARTESIAN_POINT('Ctrl Pts',(2.61471783919614,4.11338413398157,8.3));
#6772=CARTESIAN_POINT('Origin',(2.50927382561026,3.21958238862699,7.8));
#6773=CARTESIAN_POINT('',(1.10927382561026,3.21958238862699,7.8));
#6774=CARTESIAN_POINT('Origin',(2.50927382561026,3.21958238862699,7.8));
#6775=CARTESIAN_POINT('Origin',(2.50927382561026,3.21958238862699,7.8));
#6776=CARTESIAN_POINT('Ctrl Pts',(1.36200733090271,3.11321422620657,8.23174272416976));
#6777=CARTESIAN_POINT('Ctrl Pts',(1.36200733090271,3.14951253411958,8.23370009254127));
#6778=CARTESIAN_POINT('Ctrl Pts',(1.36200733090271,3.18516786424801,8.23457942955809));
#6779=CARTESIAN_POINT('Ctrl Pts',(1.36200733090271,3.24996309832366,8.23457942955809));
#6780=CARTESIAN_POINT('Ctrl Pts',(1.36200733090271,3.28131083368347,8.23389375880258));
#6781=CARTESIAN_POINT('Ctrl Pts',(1.36200733090271,3.31321422170657,8.23238681947199));
#6782=CARTESIAN_POINT('Origin',(1.36200733090271,3.21321422395657,8.8));
#6783=CARTESIAN_POINT('Origin',(2.50927382561026,3.21958238862699,7.8));
#6784=CARTESIAN_POINT('',(3.66200725270271,3.11321422620657,8.22851661422148));
#6785=CARTESIAN_POINT('',(3.40296606235807,3.11321422620657,8.3));
#6786=CARTESIAN_POINT('Ctrl Pts',(3.66200725270271,3.11321422620657,8.22851661422148));
#6787=CARTESIAN_POINT('Ctrl Pts',(3.6401250956116,3.11321422620657,8.24161683947164));
#6788=CARTESIAN_POINT('Ctrl Pts',(3.61754085967606,3.11321422620657,8.25279843036749));
#6789=CARTESIAN_POINT('Ctrl Pts',(3.53834984741644,3.11321422620657,8.28552379072494));
#6790=CARTESIAN_POINT('Ctrl Pts',(3.4651485427204,3.11321422620657,8.3));
#6791=CARTESIAN_POINT('Ctrl Pts',(3.40296606235807,3.11321422620657,8.3));
#6792=CARTESIAN_POINT('Origin',(2.50927382561026,3.21958238862699,8.3));
#6793=CARTESIAN_POINT('Origin',(2.50927382561026,3.21958238862699,7.8));
#6794=CARTESIAN_POINT('Origin',(2.50927382561026,3.21958238862699,8.3));
#6795=CARTESIAN_POINT('Ctrl Pts',(3.66200725270271,3.31321422170657,8.22917646773727));
#6796=CARTESIAN_POINT('Ctrl Pts',(3.66200725270271,3.28130898548487,8.23072040851879));
#6797=CARTESIAN_POINT('Ctrl Pts',(3.66200725270271,3.24995869879706,8.23142301147494));
#6798=CARTESIAN_POINT('Ctrl Pts',(3.66200725270271,3.18517308357702,8.23142301147494));
#6799=CARTESIAN_POINT('Ctrl Pts',(3.66200725270271,3.14951404022011,8.23052189781713));
#6800=CARTESIAN_POINT('Ctrl Pts',(3.66200725270271,3.11321422620657,8.22851661422148));
#6801=CARTESIAN_POINT('Origin',(2.50927382561026,3.21958238862699,8.3));
#6802=CARTESIAN_POINT('Origin',(2.50927382561026,3.21958238862699,8.3));
#6803=CARTESIAN_POINT('',(2.81064055870648,3.11321422620657,8.3));
#6804=CARTESIAN_POINT('Origin',(3.11200729180271,3.11321422620657,8.8));
#6805=CARTESIAN_POINT('',(3.66200725270271,3.11321422620657,8.8));
#6806=CARTESIAN_POINT('Origin',(3.66200725270271,3.21321422395657,8.8));
#6807=CARTESIAN_POINT('Origin',(2.51471784144614,3.26394973338664,7.8));
#6808=CARTESIAN_POINT('Origin',(2.50927382561026,3.21958238862699,7.8));
#6809=CARTESIAN_POINT('Origin',(2.50927382561026,3.21958238862699,7.8));
#6810=CARTESIAN_POINT('',(1.10927382561026,3.21958238862699,7.3));
#6811=CARTESIAN_POINT('',(1.10927382561026,3.21958238862699,7.8));
#6812=CARTESIAN_POINT('',(3.90927382561026,3.21958238862699,7.3));
#6813=CARTESIAN_POINT('Origin',(2.50927382561026,3.21958238862699,7.3));
#6814=CARTESIAN_POINT('Origin',(2.50927382561026,3.21958238862699,7.3));
#6815=CARTESIAN_POINT('Origin',(2.50927382561026,3.21958238862699,7.3));
#6816=CARTESIAN_POINT('Origin',(7.51471783922579,3.21394973451978,8.));
#6817=CARTESIAN_POINT('',(7.10234348579813,3.11321422620657,8.));
#6818=CARTESIAN_POINT('',(6.79725522182689,3.11321422620657,8.3));
#6819=CARTESIAN_POINT('Ctrl Pts',(7.10234348579813,3.11321422620657,8.));
#6820=CARTESIAN_POINT('Ctrl Pts',(7.10234348579813,3.11321422620657,8.03676757529373));
#6821=CARTESIAN_POINT('Ctrl Pts',(7.0935321986493,3.11321422620657,8.07999987609615));
#6822=CARTESIAN_POINT('Ctrl Pts',(7.06478737798052,3.11321422620657,8.1482501285099));
#6823=CARTESIAN_POINT('Ctrl Pts',(7.0396036230037,3.11321422620657,8.18523720673384));
#6824=CARTESIAN_POINT('Ctrl Pts',(6.98630156292907,3.11321422620657,8.23784234404366));
#6825=CARTESIAN_POINT('Ctrl Pts',(6.94864599728171,3.11321422620657,8.26270030119333));
#6826=CARTESIAN_POINT('Ctrl Pts',(6.87908864841941,3.11321422620657,8.29124663321249));
#6827=CARTESIAN_POINT('Ctrl Pts',(6.83484202256709,3.11321422620657,8.3));
#6828=CARTESIAN_POINT('Ctrl Pts',(6.79725522182689,3.11321422620657,8.3));
#6829=CARTESIAN_POINT('',(7.41471784369614,2.49638423166024,8.3));
#6830=CARTESIAN_POINT('Origin',(7.51471783922579,3.21394973451978,8.3));
#6831=CARTESIAN_POINT('',(7.41471784369614,2.80139640355023,8.));
#6832=CARTESIAN_POINT('Ctrl Pts',(7.41471784369614,2.49638423166024,8.3));
#6833=CARTESIAN_POINT('Ctrl Pts',(7.41471784369614,2.5339626958741,8.3));
#6834=CARTESIAN_POINT('Ctrl Pts',(7.41471784369614,2.57819937515598,8.29124790272212));
#6835=CARTESIAN_POINT('Ctrl Pts',(7.41471784369614,2.64773964074918,8.2627046641993));
#6836=CARTESIAN_POINT('Ctrl Pts',(7.41471784369614,2.68538450470584,8.23784931975178));
#6837=CARTESIAN_POINT('Ctrl Pts',(7.41471784369614,2.73867240435803,8.18524784306896));
#6838=CARTESIAN_POINT('Ctrl Pts',(7.41471784369614,2.7638486171681,8.1482614480435));
#6839=CARTESIAN_POINT('Ctrl Pts',(7.41471784369614,2.79258728465556,8.08000881066283));
#6840=CARTESIAN_POINT('Ctrl Pts',(7.41471784369614,2.80139640355023,8.0367713928321));
#6841=CARTESIAN_POINT('Ctrl Pts',(7.41471784369614,2.80139640355023,8.));
#6842=CARTESIAN_POINT('Origin',(7.51471783922579,3.21394973451978,8.));
#6843=CARTESIAN_POINT('Origin',(7.41471784369614,3.26394973338664,8.8));
#6844=CARTESIAN_POINT('',(7.41471784369614,2.32456330152088,8.3));
#6845=CARTESIAN_POINT('',(7.41471784369614,3.24176606100682,8.3));
#6846=CARTESIAN_POINT('',(7.41471784369614,1.82277919336852,7.8));
#6847=CARTESIAN_POINT('Ctrl Pts',(7.41471784369614,1.82277919336852,7.8));
#6848=CARTESIAN_POINT('Ctrl Pts',(7.41471784369614,1.82277919336852,7.8616456841595));
#6849=CARTESIAN_POINT('Ctrl Pts',(7.41471784369614,1.83723032732467,7.93419524561987));
#6850=CARTESIAN_POINT('Ctrl Pts',(7.41471784369614,1.88448666469829,8.04814852622094));
#6851=CARTESIAN_POINT('Ctrl Pts',(7.41471784369614,1.92567973345633,8.10969679194056));
#6852=CARTESIAN_POINT('Ctrl Pts',(7.41471784369614,2.01311849379012,8.19700858506251));
#6853=CARTESIAN_POINT('Ctrl Pts',(7.41471784369614,2.07487292958432,8.23817826109976));
#6854=CARTESIAN_POINT('Ctrl Pts',(7.41471784369614,2.18940176523806,8.28553010570126));
#6855=CARTESIAN_POINT('Ctrl Pts',(7.41471784369614,2.26248134810647,8.3));
#6856=CARTESIAN_POINT('Ctrl Pts',(7.41471784369614,2.32456330152088,8.3));
#6857=CARTESIAN_POINT('',(7.41471784369614,2.80139640355023,7.8));
#6858=CARTESIAN_POINT('',(7.41471784369614,3.26394973338664,7.8));
#6859=CARTESIAN_POINT('',(7.41471784369614,2.80139640355023,8.55));
#6860=CARTESIAN_POINT('Origin',(7.50927382561026,3.21958238862699,8.3));
#6861=CARTESIAN_POINT('',(6.61558158886245,3.11321422620657,8.3));
#6862=CARTESIAN_POINT('',(7.81064055870648,3.11321422620657,8.3));
#6863=CARTESIAN_POINT('Origin',(7.50927382561026,3.21958238862699,8.3));
#6864=CARTESIAN_POINT('Origin',(7.51471783922579,3.21394973451978,8.));
#6865=CARTESIAN_POINT('',(7.61471783919614,2.80139640462663,8.));
#6866=CARTESIAN_POINT('',(7.61471783919614,2.49638423227909,8.3));
#6867=CARTESIAN_POINT('Ctrl Pts',(7.61471783919614,2.80139640462663,8.));
#6868=CARTESIAN_POINT('Ctrl Pts',(7.61471783919614,2.80139640462663,8.03677139280914));
#6869=CARTESIAN_POINT('Ctrl Pts',(7.61471783919614,2.79258728571892,8.08000881060911));
#6870=CARTESIAN_POINT('Ctrl Pts',(7.61471783919614,2.76384861819447,8.14826144797543));
#6871=CARTESIAN_POINT('Ctrl Pts',(7.61471783919614,2.73867240533905,8.185247843005));
#6872=CARTESIAN_POINT('Ctrl Pts',(7.61471783919614,2.68538450560172,8.23784931970983));
#6873=CARTESIAN_POINT('Ctrl Pts',(7.61471783919614,2.64773964158071,8.26270466417306));
#6874=CARTESIAN_POINT('Ctrl Pts',(7.61471783919614,2.57819937588479,8.29124790271449));
#6875=CARTESIAN_POINT('Ctrl Pts',(7.61471783919614,2.53396269654309,8.3));
#6876=CARTESIAN_POINT('Ctrl Pts',(7.61471783919614,2.49638423227909,8.3));
#6877=CARTESIAN_POINT('',(8.23218045662469,3.11321422620657,8.3));
#6878=CARTESIAN_POINT('Origin',(7.51471783922579,3.21394973451978,8.3));
#6879=CARTESIAN_POINT('',(7.92709219265345,3.11321422620657,8.));
#6880=CARTESIAN_POINT('Ctrl Pts',(8.23218045662469,3.11321422620657,8.3));
#6881=CARTESIAN_POINT('Ctrl Pts',(8.19459365588449,3.11321422620657,8.3));
#6882=CARTESIAN_POINT('Ctrl Pts',(8.15034703003217,3.11321422620657,8.29124663321249));
#6883=CARTESIAN_POINT('Ctrl Pts',(8.08078968116986,3.11321422620657,8.26270030119333));
#6884=CARTESIAN_POINT('Ctrl Pts',(8.04313411552251,3.11321422620657,8.23784234404366));
#6885=CARTESIAN_POINT('Ctrl Pts',(7.98983205544788,3.11321422620657,8.18523720673384));
#6886=CARTESIAN_POINT('Ctrl Pts',(7.96464830047106,3.11321422620657,8.1482501285099));
#6887=CARTESIAN_POINT('Ctrl Pts',(7.93590347980228,3.11321422620657,8.07999987609615));
#6888=CARTESIAN_POINT('Ctrl Pts',(7.92709219265345,3.11321422620657,8.03676757529373));
#6889=CARTESIAN_POINT('Ctrl Pts',(7.92709219265345,3.11321422620657,8.));
#6890=CARTESIAN_POINT('Origin',(7.51471783922579,3.21394973451978,8.));
#6891=CARTESIAN_POINT('Origin',(7.61471783919614,3.26394973338664,8.8));
#6892=CARTESIAN_POINT('',(7.61471783919614,2.80139640462663,7.8));
#6893=CARTESIAN_POINT('',(7.61471783919614,2.80139640462663,8.55));
#6894=CARTESIAN_POINT('',(7.61471783919614,1.8235589074495,7.8));
#6895=CARTESIAN_POINT('',(7.61471783919614,3.26394973338664,7.8));
#6896=CARTESIAN_POINT('',(7.61471783919614,2.3257806432724,8.3));
#6897=CARTESIAN_POINT('Ctrl Pts',(7.61471783919614,2.3257806432724,8.3));
#6898=CARTESIAN_POINT('Ctrl Pts',(7.61471783919614,2.26360646902329,8.3));
#6899=CARTESIAN_POINT('Ctrl Pts',(7.61471783919614,2.19041522173985,8.28552431142162));
#6900=CARTESIAN_POINT('Ctrl Pts',(7.61471783919614,2.07576131536332,8.23814213363988));
#6901=CARTESIAN_POINT('Ctrl Pts',(7.61471783919614,2.01396147458632,8.19696495679407));
#6902=CARTESIAN_POINT('Ctrl Pts',(7.61471783919614,1.92648065172141,8.10964211318345));
#6903=CARTESIAN_POINT('Ctrl Pts',(7.61471783919614,1.88527439592919,8.04809888804653));
#6904=CARTESIAN_POINT('Ctrl Pts',(7.61471783919614,1.83801126145777,7.93416176831826));
#6905=CARTESIAN_POINT('Ctrl Pts',(7.61471783919614,1.8235589074495,7.86163073790004));
#6906=CARTESIAN_POINT('Ctrl Pts',(7.61471783919614,1.8235589074495,7.8));
#6907=CARTESIAN_POINT('',(7.61471783919614,3.24176606100682,8.3));
#6908=CARTESIAN_POINT('Origin',(7.51471783922579,3.21394973451978,8.55));
#6909=CARTESIAN_POINT('',(7.93921783922579,3.21394973451978,7.775));
#6910=CARTESIAN_POINT('',(7.09021783922579,3.21394973451978,7.775));
#6911=CARTESIAN_POINT('Origin',(7.51471783922579,3.21394973451978,7.775));
#6912=CARTESIAN_POINT('',(7.09021783922579,3.21394973451978,7.8));
#6913=CARTESIAN_POINT('',(7.09021783922579,3.21394973451978,8.55));
#6914=CARTESIAN_POINT('',(7.10234348579813,3.11321422620657,7.8));
#6915=CARTESIAN_POINT('Origin',(7.51471783922579,3.21394973451978,7.8));
#6916=CARTESIAN_POINT('',(7.10234348579813,3.11321422620657,8.55));
#6917=CARTESIAN_POINT('Origin',(7.51471783922579,3.21394973451978,7.8));
#6918=CARTESIAN_POINT('',(7.92709219265345,3.11321422620657,7.8));
#6919=CARTESIAN_POINT('',(7.92709219265345,3.11321422620657,8.55));
#6920=CARTESIAN_POINT('',(7.92744875832871,3.31321422170657,7.8));
#6921=CARTESIAN_POINT('Origin',(7.51471783922579,3.21394973451978,7.8));
#6922=CARTESIAN_POINT('',(7.92744875832871,3.31321422170657,8.));
#6923=CARTESIAN_POINT('',(7.92744875832871,3.31321422170657,8.55));
#6924=CARTESIAN_POINT('',(7.61471783919614,3.62650306441294,8.));
#6925=CARTESIAN_POINT('Origin',(7.51471783922579,3.21394973451978,8.));
#6926=CARTESIAN_POINT('',(7.61471783919614,3.62650306441294,7.8));
#6927=CARTESIAN_POINT('',(7.61471783919614,3.62650306441294,8.55));
#6928=CARTESIAN_POINT('',(7.41471784369614,3.62650306548933,7.8));
#6929=CARTESIAN_POINT('Origin',(7.51471783922579,3.21394973451978,7.8));
#6930=CARTESIAN_POINT('',(7.41471784369614,3.62650306548933,8.));
#6931=CARTESIAN_POINT('',(7.41471784369614,3.62650306548933,8.55));
#6932=CARTESIAN_POINT('',(7.10198692012287,3.31321422170657,8.));
#6933=CARTESIAN_POINT('Origin',(7.51471783922579,3.21394973451978,8.));
#6934=CARTESIAN_POINT('',(7.10198692012287,3.31321422170657,7.8));
#6935=CARTESIAN_POINT('',(7.10198692012287,3.31321422170657,8.55));
#6936=CARTESIAN_POINT('Origin',(7.51471783922579,3.21394973451978,7.8));
#6937=CARTESIAN_POINT('Origin',(7.51471783922579,3.21394973451978,7.775));
#6938=CARTESIAN_POINT('Origin',(7.51471783922579,3.21394973451978,8.));
#6939=CARTESIAN_POINT('',(8.23238545838075,3.31321422170657,8.3));
#6940=CARTESIAN_POINT('Ctrl Pts',(7.92744875832871,3.31321422170657,8.));
#6941=CARTESIAN_POINT('Ctrl Pts',(7.92744875832871,3.31321422170657,8.03677517978888));
#6942=CARTESIAN_POINT('Ctrl Pts',(7.93625572726054,3.31321422170657,8.08001767324242));
#6943=CARTESIAN_POINT('Ctrl Pts',(7.96498829338178,3.31321422170657,8.14827267695813));
#6944=CARTESIAN_POINT('Ctrl Pts',(7.9901570272943,3.31321422170657,8.1852583943014));
#6945=CARTESIAN_POINT('Ctrl Pts',(8.04343088410439,3.31321422170657,8.23785624001806));
#6946=CARTESIAN_POINT('Ctrl Pts',(8.08106513418638,3.31321422170657,8.26270899312282));
#6947=CARTESIAN_POINT('Ctrl Pts',(8.15058845419118,3.31321422170657,8.29124916226019));
#6948=CARTESIAN_POINT('Ctrl Pts',(8.19481526512556,3.31321422170657,8.3));
#6949=CARTESIAN_POINT('Ctrl Pts',(8.23238545838075,3.31321422170657,8.3));
#6950=CARTESIAN_POINT('',(7.61471783919614,3.93151523676047,8.3));
#6951=CARTESIAN_POINT('Origin',(7.51471783922579,3.21394973451978,8.3));
#6952=CARTESIAN_POINT('Ctrl Pts',(7.61471783919614,3.93151523676047,8.3));
#6953=CARTESIAN_POINT('Ctrl Pts',(7.61471783919614,3.89393677249647,8.3));
#6954=CARTESIAN_POINT('Ctrl Pts',(7.61471783919614,3.84970009315477,8.29124790271449));
#6955=CARTESIAN_POINT('Ctrl Pts',(7.61471783919614,3.78015982745885,8.26270466417306));
#6956=CARTESIAN_POINT('Ctrl Pts',(7.61471783919614,3.74251496343784,8.23784931970983));
#6957=CARTESIAN_POINT('Ctrl Pts',(7.61471783919614,3.68922706370051,8.185247843005));
#6958=CARTESIAN_POINT('Ctrl Pts',(7.61471783919614,3.66405085084509,8.14826144797543));
#6959=CARTESIAN_POINT('Ctrl Pts',(7.61471783919614,3.63531218332064,8.08000881060911));
#6960=CARTESIAN_POINT('Ctrl Pts',(7.61471783919614,3.62650306441294,8.03677139280914));
#6961=CARTESIAN_POINT('Ctrl Pts',(7.61471783919614,3.62650306441294,8.));
#6962=CARTESIAN_POINT('Origin',(8.11200729180271,3.31321422170657,8.8));
#6963=CARTESIAN_POINT('',(8.66200725270271,3.31321422170657,7.8));
#6964=CARTESIAN_POINT('',(8.11200729180271,3.31321422170657,7.8));
#6965=CARTESIAN_POINT('',(8.66200725270271,3.31321422170657,8.22917646773727));
#6966=CARTESIAN_POINT('',(8.66200725270271,3.31321422170657,8.8));
#6967=CARTESIAN_POINT('',(8.40439006377945,3.31321422170657,8.3));
#6968=CARTESIAN_POINT('Ctrl Pts',(8.40439006377945,3.31321422170657,8.3));
#6969=CARTESIAN_POINT('Ctrl Pts',(8.46646466637191,3.31321422170657,8.3));
#6970=CARTESIAN_POINT('Ctrl Pts',(8.53953534864618,3.31321422170657,8.28553056859197));
#6971=CARTESIAN_POINT('Ctrl Pts',(8.61826587643893,3.31321422170657,8.2529783303273));
#6972=CARTESIAN_POINT('Ctrl Pts',(8.64046563882473,3.31321422170657,8.24201017925133));
#6973=CARTESIAN_POINT('Ctrl Pts',(8.66200725270271,3.31321422170657,8.22917646773727));
#6974=CARTESIAN_POINT('',(7.81064055870648,3.31321422170657,8.3));
#6975=CARTESIAN_POINT('Origin',(7.51471783922579,3.21394973451978,8.));
#6976=CARTESIAN_POINT('',(7.41471784369614,3.93151523737932,8.3));
#6977=CARTESIAN_POINT('Ctrl Pts',(7.41471784369614,3.62650306548933,8.));
#6978=CARTESIAN_POINT('Ctrl Pts',(7.41471784369614,3.62650306548933,8.0367713928321));
#6979=CARTESIAN_POINT('Ctrl Pts',(7.41471784369614,3.635312184384,8.08000881066283));
#6980=CARTESIAN_POINT('Ctrl Pts',(7.41471784369614,3.66405085187146,8.1482614480435));
#6981=CARTESIAN_POINT('Ctrl Pts',(7.41471784369614,3.68922706468153,8.18524784306896));
#6982=CARTESIAN_POINT('Ctrl Pts',(7.41471784369614,3.74251496433372,8.23784931975178));
#6983=CARTESIAN_POINT('Ctrl Pts',(7.41471784369614,3.78015982829038,8.2627046641993));
#6984=CARTESIAN_POINT('Ctrl Pts',(7.41471784369614,3.84970009388358,8.29124790272212));
#6985=CARTESIAN_POINT('Ctrl Pts',(7.41471784369614,3.89393677316546,8.3));
#6986=CARTESIAN_POINT('Ctrl Pts',(7.41471784369614,3.93151523737932,8.3));
#6987=CARTESIAN_POINT('',(6.79705022007083,3.31321422170657,8.3));
#6988=CARTESIAN_POINT('Origin',(7.51471783922579,3.21394973451978,8.3));
#6989=CARTESIAN_POINT('Ctrl Pts',(6.79705022007083,3.31321422170657,8.3));
#6990=CARTESIAN_POINT('Ctrl Pts',(6.83462041332602,3.31321422170657,8.3));
#6991=CARTESIAN_POINT('Ctrl Pts',(6.8788472242604,3.31321422170657,8.29124916226019));
#6992=CARTESIAN_POINT('Ctrl Pts',(6.9483705442652,3.31321422170657,8.26270899312282));
#6993=CARTESIAN_POINT('Ctrl Pts',(6.98600479434718,3.31321422170657,8.23785624001806));
#6994=CARTESIAN_POINT('Ctrl Pts',(7.03927865115728,3.31321422170657,8.1852583943014));
#6995=CARTESIAN_POINT('Ctrl Pts',(7.0644473850698,3.31321422170657,8.14827267695813));
#6996=CARTESIAN_POINT('Ctrl Pts',(7.09317995119104,3.31321422170657,8.08001767324242));
#6997=CARTESIAN_POINT('Ctrl Pts',(7.10198692012287,3.31321422170657,8.03677517978888));
#6998=CARTESIAN_POINT('Ctrl Pts',(7.10198692012287,3.31321422170657,8.));
#6999=CARTESIAN_POINT('Origin',(7.41471784369614,3.26394973338664,8.8));
#7000=CARTESIAN_POINT('',(7.41471784369614,4.61638558388545,7.8));
#7001=CARTESIAN_POINT('',(7.41471784369614,3.26394973338664,7.8));
#7002=CARTESIAN_POINT('',(7.41471784369614,4.1146014757331,8.3));
#7003=CARTESIAN_POINT('Ctrl Pts',(7.41471784369614,4.1146014757331,8.3));
#7004=CARTESIAN_POINT('Ctrl Pts',(7.41471784369614,4.1766834291475,8.3));
#7005=CARTESIAN_POINT('Ctrl Pts',(7.41471784369614,4.24976301201592,8.28553010570126));
#7006=CARTESIAN_POINT('Ctrl Pts',(7.41471784369614,4.36429184766966,8.23817826109976));
#7007=CARTESIAN_POINT('Ctrl Pts',(7.41471784369614,4.42604628346385,8.19700858506251));
#7008=CARTESIAN_POINT('Ctrl Pts',(7.41471784369614,4.51348504379764,8.10969679194056));
#7009=CARTESIAN_POINT('Ctrl Pts',(7.41471784369614,4.55467811255568,8.04814852622094));
#7010=CARTESIAN_POINT('Ctrl Pts',(7.41471784369614,4.6019344499293,7.93419524561987));
#7011=CARTESIAN_POINT('Ctrl Pts',(7.41471784369614,4.61638558388545,7.8616456841595));
#7012=CARTESIAN_POINT('Ctrl Pts',(7.41471784369614,4.61638558388545,7.8));
#7013=CARTESIAN_POINT('',(7.41471784369614,3.24176606100682,8.3));
#7014=CARTESIAN_POINT('Ctrl Pts',(7.93921783922579,3.21394973451978,7.775));
#7015=CARTESIAN_POINT('Ctrl Pts',(7.93921783922579,2.78944973451978,7.775));
#7016=CARTESIAN_POINT('Ctrl Pts',(7.51471783922579,2.78944973451978,7.775));
#7017=CARTESIAN_POINT('Ctrl Pts',(7.09021783922579,2.78944973451978,7.775));
#7018=CARTESIAN_POINT('Ctrl Pts',(7.09021783922579,3.21394973451978,7.775));
#7019=CARTESIAN_POINT('Ctrl Pts',(7.09021783922579,3.63844973451978,7.775));
#7020=CARTESIAN_POINT('Ctrl Pts',(7.51471783922579,3.63844973451978,7.775));
#7021=CARTESIAN_POINT('Ctrl Pts',(7.93921783922579,3.63844973451978,7.775));
#7022=CARTESIAN_POINT('Ctrl Pts',(7.93921783922579,3.21394973451978,7.775));
#7023=CARTESIAN_POINT('Ctrl Pts',(7.93921783922579,3.21394973451978,7.55));
#7024=CARTESIAN_POINT('Ctrl Pts',(7.93921783922579,2.78944973451978,7.55));
#7025=CARTESIAN_POINT('Ctrl Pts',(7.51471783922579,2.78944973451978,7.55));
#7026=CARTESIAN_POINT('Ctrl Pts',(7.09021783922579,2.78944973451978,7.55));
#7027=CARTESIAN_POINT('Ctrl Pts',(7.09021783922579,3.21394973451978,7.55));
#7028=CARTESIAN_POINT('Ctrl Pts',(7.09021783922579,3.63844973451978,7.55));
#7029=CARTESIAN_POINT('Ctrl Pts',(7.51471783922579,3.63844973451978,7.55));
#7030=CARTESIAN_POINT('Ctrl Pts',(7.93921783922579,3.63844973451978,7.55));
#7031=CARTESIAN_POINT('Ctrl Pts',(7.93921783922579,3.21394973451978,7.55));
#7032=CARTESIAN_POINT('Ctrl Pts',(7.71421783922579,3.21394973451978,7.55));
#7033=CARTESIAN_POINT('Ctrl Pts',(7.71421783922579,3.01444973451978,7.55));
#7034=CARTESIAN_POINT('Ctrl Pts',(7.51471783922579,3.01444973451978,7.55));
#7035=CARTESIAN_POINT('Ctrl Pts',(7.31521783922579,3.01444973451978,7.55));
#7036=CARTESIAN_POINT('Ctrl Pts',(7.31521783922579,3.21394973451978,7.55));
#7037=CARTESIAN_POINT('Ctrl Pts',(7.31521783922579,3.41344973451978,7.55));
#7038=CARTESIAN_POINT('Ctrl Pts',(7.51471783922579,3.41344973451978,7.55));
#7039=CARTESIAN_POINT('Ctrl Pts',(7.71421783922579,3.41344973451978,7.55));
#7040=CARTESIAN_POINT('Ctrl Pts',(7.71421783922579,3.21394973451978,7.55));
#7041=CARTESIAN_POINT('',(7.71421783922579,3.21394973451978,7.55));
#7042=CARTESIAN_POINT('Origin',(7.71421783922579,3.21394973451978,7.775));
#7043=CARTESIAN_POINT('Origin',(7.51471783922579,3.21394973451978,7.55));
#7044=CARTESIAN_POINT('Origin',(7.51471783922579,3.21394973451978,7.55));
#7045=CARTESIAN_POINT('Origin',(8.11200729180271,3.11321422620657,8.8));
#7046=CARTESIAN_POINT('',(6.36200733090271,3.11321422620657,7.8));
#7047=CARTESIAN_POINT('',(8.11200729180271,3.11321422620657,7.8));
#7048=CARTESIAN_POINT('',(6.36200733090271,3.11321422620657,8.23174272416976));
#7049=CARTESIAN_POINT('',(6.36200733090271,3.11321422620657,8.8));
#7050=CARTESIAN_POINT('Ctrl Pts',(6.61558158886245,3.11321422620657,8.3));
#7051=CARTESIAN_POINT('Ctrl Pts',(6.55339910850012,3.11321422620657,8.3));
#7052=CARTESIAN_POINT('Ctrl Pts',(6.48019780380408,3.11321422620657,8.28552379072494));
#7053=CARTESIAN_POINT('Ctrl Pts',(6.40280987417267,3.11321422620657,8.25354354685329));
#7054=CARTESIAN_POINT('Ctrl Pts',(6.38216477498963,3.11321422620657,8.24346668351307));
#7055=CARTESIAN_POINT('Ctrl Pts',(6.36200733090271,3.11321422620657,8.23174272416976));
#7056=CARTESIAN_POINT('Origin',(8.11200729180271,3.31321422170657,8.8));
#7057=CARTESIAN_POINT('',(6.61415758744107,3.31321422170657,8.3));
#7058=CARTESIAN_POINT('',(7.81064055870648,3.31321422170657,8.3));
#7059=CARTESIAN_POINT('',(6.36200733090271,3.31321422170657,8.23238681947199));
#7060=CARTESIAN_POINT('Ctrl Pts',(6.36200733090271,3.31321422170657,8.23238681947199));
#7061=CARTESIAN_POINT('Ctrl Pts',(6.38181916785895,3.31321422170657,8.24385315092938));
#7062=CARTESIAN_POINT('Ctrl Pts',(6.40208348225634,3.31321422170657,8.25372327149111));
#7063=CARTESIAN_POINT('Ctrl Pts',(6.47901230257435,3.31321422170657,8.28553056859197));
#7064=CARTESIAN_POINT('Ctrl Pts',(6.55208298484861,3.31321422170657,8.3));
#7065=CARTESIAN_POINT('Ctrl Pts',(6.61415758744107,3.31321422170657,8.3));
#7066=CARTESIAN_POINT('',(6.36200733090271,3.31321422170657,7.8));
#7067=CARTESIAN_POINT('',(6.36200733090271,3.31321422170657,8.8));
#7068=CARTESIAN_POINT('',(8.11200729180271,3.31321422170657,7.8));
#7069=CARTESIAN_POINT('Origin',(7.50927382561026,3.21958238862699,8.3));
#7070=CARTESIAN_POINT('Origin',(7.50927382561026,3.21958238862699,8.3));
#7071=CARTESIAN_POINT('Origin',(7.51471784144614,3.26394973338664,7.8));
#7072=CARTESIAN_POINT('',(7.61471783919614,4.61560586980447,7.8));
#7073=CARTESIAN_POINT('',(7.61471783919614,3.26394973338664,7.8));
#7074=CARTESIAN_POINT('Origin',(7.50927382561026,3.21958238862699,7.8));
#7075=CARTESIAN_POINT('Origin',(7.51471784144614,3.26394973338664,7.8));
#7076=CARTESIAN_POINT('',(6.36200733090271,3.21321422395657,7.8));
#7077=CARTESIAN_POINT('Origin',(7.51471784144614,3.26394973338664,7.8));
#7078=CARTESIAN_POINT('',(8.66200725270271,3.11321422620657,7.8));
#7079=CARTESIAN_POINT('',(8.11200729180271,3.11321422620657,7.8));
#7080=CARTESIAN_POINT('',(8.66200725270271,3.21321422395657,7.8));
#7081=CARTESIAN_POINT('Origin',(7.61471783919614,3.26394973338664,8.8));
#7082=CARTESIAN_POINT('',(7.61471783919614,4.11338413398157,8.3));
#7083=CARTESIAN_POINT('',(7.61471783919614,3.24176606100682,8.3));
#7084=CARTESIAN_POINT('Ctrl Pts',(7.61471783919614,4.61560586980447,7.8));
#7085=CARTESIAN_POINT('Ctrl Pts',(7.61471783919614,4.61560586980447,7.86163073790004));
#7086=CARTESIAN_POINT('Ctrl Pts',(7.61471783919614,4.6011535157962,7.93416176831826));
#7087=CARTESIAN_POINT('Ctrl Pts',(7.61471783919614,4.55389038132478,8.04809888804653));
#7088=CARTESIAN_POINT('Ctrl Pts',(7.61471783919614,4.51268412553256,8.10964211318345));
#7089=CARTESIAN_POINT('Ctrl Pts',(7.61471783919614,4.42520330266765,8.19696495679407));
#7090=CARTESIAN_POINT('Ctrl Pts',(7.61471783919614,4.36340346189065,8.23814213363988));
#7091=CARTESIAN_POINT('Ctrl Pts',(7.61471783919614,4.24874955551412,8.28552431142162));
#7092=CARTESIAN_POINT('Ctrl Pts',(7.61471783919614,4.17555830823068,8.3));
#7093=CARTESIAN_POINT('Ctrl Pts',(7.61471783919614,4.11338413398157,8.3));
#7094=CARTESIAN_POINT('Origin',(7.50927382561026,3.21958238862699,7.8));
#7095=CARTESIAN_POINT('',(6.10927382561026,3.21958238862699,7.8));
#7096=CARTESIAN_POINT('Origin',(7.50927382561026,3.21958238862699,7.8));
#7097=CARTESIAN_POINT('Origin',(7.50927382561026,3.21958238862699,7.8));
#7098=CARTESIAN_POINT('Ctrl Pts',(6.36200733090271,3.11321422620657,8.23174272416976));
#7099=CARTESIAN_POINT('Ctrl Pts',(6.36200733090271,3.14951253411958,8.23370009254127));
#7100=CARTESIAN_POINT('Ctrl Pts',(6.36200733090271,3.18516786424801,8.23457942955809));
#7101=CARTESIAN_POINT('Ctrl Pts',(6.36200733090271,3.24996309832366,8.23457942955809));
#7102=CARTESIAN_POINT('Ctrl Pts',(6.36200733090271,3.28131083368347,8.23389375880258));
#7103=CARTESIAN_POINT('Ctrl Pts',(6.36200733090271,3.31321422170657,8.23238681947199));
#7104=CARTESIAN_POINT('Origin',(6.36200733090271,3.21321422395657,8.8));
#7105=CARTESIAN_POINT('Origin',(7.50927382561026,3.21958238862699,7.8));
#7106=CARTESIAN_POINT('',(8.66200725270271,3.11321422620657,8.22851661422148));
#7107=CARTESIAN_POINT('',(8.40296606235807,3.11321422620657,8.3));
#7108=CARTESIAN_POINT('Ctrl Pts',(8.66200725270271,3.11321422620657,8.22851661422148));
#7109=CARTESIAN_POINT('Ctrl Pts',(8.6401250956116,3.11321422620657,8.24161683947164));
#7110=CARTESIAN_POINT('Ctrl Pts',(8.61754085967607,3.11321422620657,8.25279843036749));
#7111=CARTESIAN_POINT('Ctrl Pts',(8.53834984741644,3.11321422620657,8.28552379072494));
#7112=CARTESIAN_POINT('Ctrl Pts',(8.4651485427204,3.11321422620657,8.3));
#7113=CARTESIAN_POINT('Ctrl Pts',(8.40296606235807,3.11321422620657,8.3));
#7114=CARTESIAN_POINT('Origin',(7.50927382561026,3.21958238862699,8.3));
#7115=CARTESIAN_POINT('Origin',(7.50927382561026,3.21958238862699,7.8));
#7116=CARTESIAN_POINT('Origin',(7.50927382561026,3.21958238862699,8.3));
#7117=CARTESIAN_POINT('Ctrl Pts',(8.66200725270271,3.31321422170657,8.22917646773727));
#7118=CARTESIAN_POINT('Ctrl Pts',(8.66200725270271,3.28130898548487,8.23072040851879));
#7119=CARTESIAN_POINT('Ctrl Pts',(8.66200725270271,3.24995869879706,8.23142301147494));
#7120=CARTESIAN_POINT('Ctrl Pts',(8.66200725270271,3.18517308357702,8.23142301147494));
#7121=CARTESIAN_POINT('Ctrl Pts',(8.66200725270271,3.14951404022011,8.23052189781713));
#7122=CARTESIAN_POINT('Ctrl Pts',(8.66200725270271,3.11321422620657,8.22851661422148));
#7123=CARTESIAN_POINT('Origin',(7.50927382561026,3.21958238862699,8.3));
#7124=CARTESIAN_POINT('Origin',(7.50927382561026,3.21958238862699,8.3));
#7125=CARTESIAN_POINT('',(7.81064055870648,3.11321422620657,8.3));
#7126=CARTESIAN_POINT('Origin',(8.11200729180271,3.11321422620657,8.8));
#7127=CARTESIAN_POINT('',(8.66200725270271,3.11321422620657,8.8));
#7128=CARTESIAN_POINT('Origin',(8.66200725270271,3.21321422395657,8.8));
#7129=CARTESIAN_POINT('Origin',(7.51471784144614,3.26394973338664,7.8));
#7130=CARTESIAN_POINT('Origin',(7.50927382561026,3.21958238862699,7.8));
#7131=CARTESIAN_POINT('Origin',(7.50927382561026,3.21958238862699,7.8));
#7132=CARTESIAN_POINT('',(6.10927382561026,3.21958238862699,7.3));
#7133=CARTESIAN_POINT('',(6.10927382561026,3.21958238862699,7.8));
#7134=CARTESIAN_POINT('',(8.90927382561026,3.21958238862699,7.3));
#7135=CARTESIAN_POINT('Origin',(7.50927382561026,3.21958238862699,7.3));
#7136=CARTESIAN_POINT('Origin',(7.50927382561026,3.21958238862699,7.3));
#7137=CARTESIAN_POINT('Origin',(7.50927382561026,3.21958238862699,7.3));
#7138=CARTESIAN_POINT('Origin',(12.5147178392258,3.21394973451978,8.));
#7139=CARTESIAN_POINT('',(12.1023434857981,3.11321422620657,8.));
#7140=CARTESIAN_POINT('',(11.7972552218269,3.11321422620657,8.3));
#7141=CARTESIAN_POINT('Ctrl Pts',(12.1023434857981,3.11321422620657,8.));
#7142=CARTESIAN_POINT('Ctrl Pts',(12.1023434857981,3.11321422620657,8.03676757529373));
#7143=CARTESIAN_POINT('Ctrl Pts',(12.0935321986493,3.11321422620657,8.07999987609615));
#7144=CARTESIAN_POINT('Ctrl Pts',(12.0647873779805,3.11321422620657,8.1482501285099));
#7145=CARTESIAN_POINT('Ctrl Pts',(12.0396036230037,3.11321422620657,8.18523720673384));
#7146=CARTESIAN_POINT('Ctrl Pts',(11.9863015629291,3.11321422620657,8.23784234404366));
#7147=CARTESIAN_POINT('Ctrl Pts',(11.9486459972817,3.11321422620657,8.26270030119333));
#7148=CARTESIAN_POINT('Ctrl Pts',(11.8790886484194,3.11321422620657,8.29124663321249));
#7149=CARTESIAN_POINT('Ctrl Pts',(11.8348420225671,3.11321422620657,8.3));
#7150=CARTESIAN_POINT('Ctrl Pts',(11.7972552218269,3.11321422620657,8.3));
#7151=CARTESIAN_POINT('',(12.4147178436961,2.49638423166024,8.3));
#7152=CARTESIAN_POINT('Origin',(12.5147178392258,3.21394973451978,8.3));
#7153=CARTESIAN_POINT('',(12.4147178436961,2.80139640355023,8.));
#7154=CARTESIAN_POINT('Ctrl Pts',(12.4147178436961,2.49638423166024,8.3));
#7155=CARTESIAN_POINT('Ctrl Pts',(12.4147178436961,2.5339626958741,8.3));
#7156=CARTESIAN_POINT('Ctrl Pts',(12.4147178436961,2.57819937515598,8.29124790272212));
#7157=CARTESIAN_POINT('Ctrl Pts',(12.4147178436961,2.64773964074918,8.2627046641993));
#7158=CARTESIAN_POINT('Ctrl Pts',(12.4147178436961,2.68538450470584,8.23784931975178));
#7159=CARTESIAN_POINT('Ctrl Pts',(12.4147178436961,2.73867240435803,8.18524784306896));
#7160=CARTESIAN_POINT('Ctrl Pts',(12.4147178436961,2.7638486171681,8.1482614480435));
#7161=CARTESIAN_POINT('Ctrl Pts',(12.4147178436961,2.79258728465556,8.08000881066283));
#7162=CARTESIAN_POINT('Ctrl Pts',(12.4147178436961,2.80139640355023,8.0367713928321));
#7163=CARTESIAN_POINT('Ctrl Pts',(12.4147178436961,2.80139640355023,8.));
#7164=CARTESIAN_POINT('Origin',(12.5147178392258,3.21394973451978,8.));
#7165=CARTESIAN_POINT('Origin',(12.4147178436961,3.26394973338664,8.8));
#7166=CARTESIAN_POINT('',(12.4147178436961,2.32456330152088,8.3));
#7167=CARTESIAN_POINT('',(12.4147178436961,3.24176606100682,8.3));
#7168=CARTESIAN_POINT('',(12.4147178436961,1.82277919336852,7.8));
#7169=CARTESIAN_POINT('Ctrl Pts',(12.4147178436961,1.82277919336852,7.8));
#7170=CARTESIAN_POINT('Ctrl Pts',(12.4147178436961,1.82277919336852,7.8616456841595));
#7171=CARTESIAN_POINT('Ctrl Pts',(12.4147178436961,1.83723032732467,7.93419524561987));
#7172=CARTESIAN_POINT('Ctrl Pts',(12.4147178436961,1.88448666469829,8.04814852622094));
#7173=CARTESIAN_POINT('Ctrl Pts',(12.4147178436961,1.92567973345633,8.10969679194056));
#7174=CARTESIAN_POINT('Ctrl Pts',(12.4147178436961,2.01311849379012,8.19700858506251));
#7175=CARTESIAN_POINT('Ctrl Pts',(12.4147178436961,2.07487292958432,8.23817826109976));
#7176=CARTESIAN_POINT('Ctrl Pts',(12.4147178436961,2.18940176523806,8.28553010570126));
#7177=CARTESIAN_POINT('Ctrl Pts',(12.4147178436961,2.26248134810647,8.3));
#7178=CARTESIAN_POINT('Ctrl Pts',(12.4147178436961,2.32456330152088,8.3));
#7179=CARTESIAN_POINT('',(12.4147178436961,2.80139640355023,7.8));
#7180=CARTESIAN_POINT('',(12.4147178436961,3.26394973338664,7.8));
#7181=CARTESIAN_POINT('',(12.4147178436961,2.80139640355023,8.55));
#7182=CARTESIAN_POINT('Origin',(12.5092738256103,3.21958238862699,8.3));
#7183=CARTESIAN_POINT('',(11.6155815888625,3.11321422620657,8.3));
#7184=CARTESIAN_POINT('',(12.8106405587065,3.11321422620657,8.3));
#7185=CARTESIAN_POINT('Origin',(12.5092738256103,3.21958238862699,8.3));
#7186=CARTESIAN_POINT('Origin',(12.5147178392258,3.21394973451978,8.));
#7187=CARTESIAN_POINT('',(12.6147178391961,2.80139640462663,8.));
#7188=CARTESIAN_POINT('',(12.6147178391961,2.49638423227909,8.3));
#7189=CARTESIAN_POINT('Ctrl Pts',(12.6147178391961,2.80139640462663,8.));
#7190=CARTESIAN_POINT('Ctrl Pts',(12.6147178391961,2.80139640462663,8.03677139280914));
#7191=CARTESIAN_POINT('Ctrl Pts',(12.6147178391961,2.79258728571892,8.08000881060911));
#7192=CARTESIAN_POINT('Ctrl Pts',(12.6147178391961,2.76384861819447,8.14826144797543));
#7193=CARTESIAN_POINT('Ctrl Pts',(12.6147178391961,2.73867240533905,8.185247843005));
#7194=CARTESIAN_POINT('Ctrl Pts',(12.6147178391961,2.68538450560172,8.23784931970983));
#7195=CARTESIAN_POINT('Ctrl Pts',(12.6147178391961,2.64773964158071,8.26270466417306));
#7196=CARTESIAN_POINT('Ctrl Pts',(12.6147178391961,2.57819937588479,8.29124790271449));
#7197=CARTESIAN_POINT('Ctrl Pts',(12.6147178391961,2.53396269654309,8.3));
#7198=CARTESIAN_POINT('Ctrl Pts',(12.6147178391961,2.49638423227909,8.3));
#7199=CARTESIAN_POINT('',(13.2321804566247,3.11321422620657,8.3));
#7200=CARTESIAN_POINT('Origin',(12.5147178392258,3.21394973451978,8.3));
#7201=CARTESIAN_POINT('',(12.9270921926534,3.11321422620657,8.));
#7202=CARTESIAN_POINT('Ctrl Pts',(13.2321804566247,3.11321422620657,8.3));
#7203=CARTESIAN_POINT('Ctrl Pts',(13.1945936558845,3.11321422620657,8.3));
#7204=CARTESIAN_POINT('Ctrl Pts',(13.1503470300322,3.11321422620657,8.29124663321249));
#7205=CARTESIAN_POINT('Ctrl Pts',(13.0807896811699,3.11321422620657,8.26270030119333));
#7206=CARTESIAN_POINT('Ctrl Pts',(13.0431341155225,3.11321422620657,8.23784234404366));
#7207=CARTESIAN_POINT('Ctrl Pts',(12.9898320554479,3.11321422620657,8.18523720673384));
#7208=CARTESIAN_POINT('Ctrl Pts',(12.9646483004711,3.11321422620657,8.1482501285099));
#7209=CARTESIAN_POINT('Ctrl Pts',(12.9359034798023,3.11321422620657,8.07999987609615));
#7210=CARTESIAN_POINT('Ctrl Pts',(12.9270921926534,3.11321422620657,8.03676757529373));
#7211=CARTESIAN_POINT('Ctrl Pts',(12.9270921926534,3.11321422620657,8.));
#7212=CARTESIAN_POINT('Origin',(12.5147178392258,3.21394973451978,8.));
#7213=CARTESIAN_POINT('Origin',(12.6147178391961,3.26394973338664,8.8));
#7214=CARTESIAN_POINT('',(12.6147178391961,2.80139640462663,7.8));
#7215=CARTESIAN_POINT('',(12.6147178391961,2.80139640462663,8.55));
#7216=CARTESIAN_POINT('',(12.6147178391961,1.8235589074495,7.8));
#7217=CARTESIAN_POINT('',(12.6147178391961,3.26394973338664,7.8));
#7218=CARTESIAN_POINT('',(12.6147178391961,2.3257806432724,8.3));
#7219=CARTESIAN_POINT('Ctrl Pts',(12.6147178391961,2.3257806432724,8.3));
#7220=CARTESIAN_POINT('Ctrl Pts',(12.6147178391961,2.26360646902329,8.3));
#7221=CARTESIAN_POINT('Ctrl Pts',(12.6147178391961,2.19041522173985,8.28552431142162));
#7222=CARTESIAN_POINT('Ctrl Pts',(12.6147178391961,2.07576131536332,8.23814213363988));
#7223=CARTESIAN_POINT('Ctrl Pts',(12.6147178391961,2.01396147458632,8.19696495679407));
#7224=CARTESIAN_POINT('Ctrl Pts',(12.6147178391961,1.92648065172141,8.10964211318345));
#7225=CARTESIAN_POINT('Ctrl Pts',(12.6147178391961,1.88527439592919,8.04809888804653));
#7226=CARTESIAN_POINT('Ctrl Pts',(12.6147178391961,1.83801126145777,7.93416176831826));
#7227=CARTESIAN_POINT('Ctrl Pts',(12.6147178391961,1.8235589074495,7.86163073790004));
#7228=CARTESIAN_POINT('Ctrl Pts',(12.6147178391961,1.8235589074495,7.8));
#7229=CARTESIAN_POINT('',(12.6147178391961,3.24176606100682,8.3));
#7230=CARTESIAN_POINT('Origin',(12.5147178392258,3.21394973451978,8.55));
#7231=CARTESIAN_POINT('',(12.9392178392258,3.21394973451978,7.775));
#7232=CARTESIAN_POINT('',(12.0902178392258,3.21394973451978,7.775));
#7233=CARTESIAN_POINT('Origin',(12.5147178392258,3.21394973451978,7.775));
#7234=CARTESIAN_POINT('',(12.0902178392258,3.21394973451978,7.8));
#7235=CARTESIAN_POINT('',(12.0902178392258,3.21394973451978,8.55));
#7236=CARTESIAN_POINT('',(12.1023434857981,3.11321422620657,7.8));
#7237=CARTESIAN_POINT('Origin',(12.5147178392258,3.21394973451978,7.8));
#7238=CARTESIAN_POINT('',(12.1023434857981,3.11321422620657,8.55));
#7239=CARTESIAN_POINT('Origin',(12.5147178392258,3.21394973451978,7.8));
#7240=CARTESIAN_POINT('',(12.9270921926534,3.11321422620657,7.8));
#7241=CARTESIAN_POINT('',(12.9270921926534,3.11321422620657,8.55));
#7242=CARTESIAN_POINT('',(12.9274487583287,3.31321422170657,7.8));
#7243=CARTESIAN_POINT('Origin',(12.5147178392258,3.21394973451978,7.8));
#7244=CARTESIAN_POINT('',(12.9274487583287,3.31321422170657,8.));
#7245=CARTESIAN_POINT('',(12.9274487583287,3.31321422170657,8.55));
#7246=CARTESIAN_POINT('',(12.6147178391961,3.62650306441294,8.));
#7247=CARTESIAN_POINT('Origin',(12.5147178392258,3.21394973451978,8.));
#7248=CARTESIAN_POINT('',(12.6147178391961,3.62650306441294,7.8));
#7249=CARTESIAN_POINT('',(12.6147178391961,3.62650306441294,8.55));
#7250=CARTESIAN_POINT('',(12.4147178436961,3.62650306548933,7.8));
#7251=CARTESIAN_POINT('Origin',(12.5147178392258,3.21394973451978,7.8));
#7252=CARTESIAN_POINT('',(12.4147178436961,3.62650306548933,8.));
#7253=CARTESIAN_POINT('',(12.4147178436961,3.62650306548933,8.55));
#7254=CARTESIAN_POINT('',(12.1019869201229,3.31321422170657,8.));
#7255=CARTESIAN_POINT('Origin',(12.5147178392258,3.21394973451978,8.));
#7256=CARTESIAN_POINT('',(12.1019869201229,3.31321422170657,7.8));
#7257=CARTESIAN_POINT('',(12.1019869201229,3.31321422170657,8.55));
#7258=CARTESIAN_POINT('Origin',(12.5147178392258,3.21394973451978,7.8));
#7259=CARTESIAN_POINT('Origin',(12.5147178392258,3.21394973451978,7.775));
#7260=CARTESIAN_POINT('Origin',(12.5147178392258,3.21394973451978,8.));
#7261=CARTESIAN_POINT('',(13.2323854583807,3.31321422170657,8.3));
#7262=CARTESIAN_POINT('Ctrl Pts',(12.9274487583287,3.31321422170657,8.));
#7263=CARTESIAN_POINT('Ctrl Pts',(12.9274487583287,3.31321422170657,8.03677517978888));
#7264=CARTESIAN_POINT('Ctrl Pts',(12.9362557272605,3.31321422170657,8.08001767324242));
#7265=CARTESIAN_POINT('Ctrl Pts',(12.9649882933818,3.31321422170657,8.14827267695813));
#7266=CARTESIAN_POINT('Ctrl Pts',(12.9901570272943,3.31321422170657,8.1852583943014));
#7267=CARTESIAN_POINT('Ctrl Pts',(13.0434308841044,3.31321422170657,8.23785624001806));
#7268=CARTESIAN_POINT('Ctrl Pts',(13.0810651341864,3.31321422170657,8.26270899312282));
#7269=CARTESIAN_POINT('Ctrl Pts',(13.1505884541912,3.31321422170657,8.29124916226019));
#7270=CARTESIAN_POINT('Ctrl Pts',(13.1948152651256,3.31321422170657,8.3));
#7271=CARTESIAN_POINT('Ctrl Pts',(13.2323854583807,3.31321422170657,8.3));
#7272=CARTESIAN_POINT('',(12.6147178391961,3.93151523676047,8.3));
#7273=CARTESIAN_POINT('Origin',(12.5147178392258,3.21394973451978,8.3));
#7274=CARTESIAN_POINT('Ctrl Pts',(12.6147178391961,3.93151523676047,8.3));
#7275=CARTESIAN_POINT('Ctrl Pts',(12.6147178391961,3.89393677249647,8.3));
#7276=CARTESIAN_POINT('Ctrl Pts',(12.6147178391961,3.84970009315477,8.29124790271449));
#7277=CARTESIAN_POINT('Ctrl Pts',(12.6147178391961,3.78015982745885,8.26270466417306));
#7278=CARTESIAN_POINT('Ctrl Pts',(12.6147178391961,3.74251496343784,8.23784931970983));
#7279=CARTESIAN_POINT('Ctrl Pts',(12.6147178391961,3.68922706370051,8.185247843005));
#7280=CARTESIAN_POINT('Ctrl Pts',(12.6147178391961,3.66405085084509,8.14826144797543));
#7281=CARTESIAN_POINT('Ctrl Pts',(12.6147178391961,3.63531218332064,8.08000881060911));
#7282=CARTESIAN_POINT('Ctrl Pts',(12.6147178391961,3.62650306441293,8.03677139280914));
#7283=CARTESIAN_POINT('Ctrl Pts',(12.6147178391961,3.62650306441293,8.));
#7284=CARTESIAN_POINT('Origin',(13.1120072918027,3.31321422170657,8.8));
#7285=CARTESIAN_POINT('',(13.6620072527027,3.31321422170657,7.8));
#7286=CARTESIAN_POINT('',(13.1120072918027,3.31321422170657,7.8));
#7287=CARTESIAN_POINT('',(13.6620072527027,3.31321422170657,8.22917646773727));
#7288=CARTESIAN_POINT('',(13.6620072527027,3.31321422170657,8.8));
#7289=CARTESIAN_POINT('',(13.4043900637794,3.31321422170657,8.3));
#7290=CARTESIAN_POINT('Ctrl Pts',(13.4043900637794,3.31321422170657,8.3));
#7291=CARTESIAN_POINT('Ctrl Pts',(13.4664646663719,3.31321422170657,8.3));
#7292=CARTESIAN_POINT('Ctrl Pts',(13.5395353486462,3.31321422170657,8.28553056859197));
#7293=CARTESIAN_POINT('Ctrl Pts',(13.6182658764389,3.31321422170657,8.2529783303273));
#7294=CARTESIAN_POINT('Ctrl Pts',(13.6404656388247,3.31321422170657,8.24201017925133));
#7295=CARTESIAN_POINT('Ctrl Pts',(13.6620072527027,3.31321422170657,8.22917646773727));
#7296=CARTESIAN_POINT('',(12.8106405587065,3.31321422170657,8.3));
#7297=CARTESIAN_POINT('Origin',(12.5147178392258,3.21394973451978,8.));
#7298=CARTESIAN_POINT('',(12.4147178436961,3.93151523737932,8.3));
#7299=CARTESIAN_POINT('Ctrl Pts',(12.4147178436961,3.62650306548933,8.));
#7300=CARTESIAN_POINT('Ctrl Pts',(12.4147178436961,3.62650306548933,8.0367713928321));
#7301=CARTESIAN_POINT('Ctrl Pts',(12.4147178436961,3.635312184384,8.08000881066283));
#7302=CARTESIAN_POINT('Ctrl Pts',(12.4147178436961,3.66405085187146,8.1482614480435));
#7303=CARTESIAN_POINT('Ctrl Pts',(12.4147178436961,3.68922706468153,8.18524784306896));
#7304=CARTESIAN_POINT('Ctrl Pts',(12.4147178436961,3.74251496433372,8.23784931975178));
#7305=CARTESIAN_POINT('Ctrl Pts',(12.4147178436961,3.78015982829038,8.2627046641993));
#7306=CARTESIAN_POINT('Ctrl Pts',(12.4147178436961,3.84970009388358,8.29124790272212));
#7307=CARTESIAN_POINT('Ctrl Pts',(12.4147178436961,3.89393677316546,8.3));
#7308=CARTESIAN_POINT('Ctrl Pts',(12.4147178436961,3.93151523737932,8.3));
#7309=CARTESIAN_POINT('',(11.7970502200708,3.31321422170657,8.3));
#7310=CARTESIAN_POINT('Origin',(12.5147178392258,3.21394973451978,8.3));
#7311=CARTESIAN_POINT('Ctrl Pts',(11.7970502200708,3.31321422170657,8.3));
#7312=CARTESIAN_POINT('Ctrl Pts',(11.834620413326,3.31321422170657,8.3));
#7313=CARTESIAN_POINT('Ctrl Pts',(11.8788472242604,3.31321422170657,8.29124916226019));
#7314=CARTESIAN_POINT('Ctrl Pts',(11.9483705442652,3.31321422170657,8.26270899312282));
#7315=CARTESIAN_POINT('Ctrl Pts',(11.9860047943472,3.31321422170657,8.23785624001806));
#7316=CARTESIAN_POINT('Ctrl Pts',(12.0392786511573,3.31321422170657,8.1852583943014));
#7317=CARTESIAN_POINT('Ctrl Pts',(12.0644473850698,3.31321422170657,8.14827267695813));
#7318=CARTESIAN_POINT('Ctrl Pts',(12.093179951191,3.31321422170657,8.08001767324242));
#7319=CARTESIAN_POINT('Ctrl Pts',(12.1019869201229,3.31321422170657,8.03677517978888));
#7320=CARTESIAN_POINT('Ctrl Pts',(12.1019869201229,3.31321422170657,8.));
#7321=CARTESIAN_POINT('Origin',(12.4147178436961,3.26394973338664,8.8));
#7322=CARTESIAN_POINT('',(12.4147178436961,4.61638558388545,7.8));
#7323=CARTESIAN_POINT('',(12.4147178436961,3.26394973338664,7.8));
#7324=CARTESIAN_POINT('',(12.4147178436961,4.1146014757331,8.3));
#7325=CARTESIAN_POINT('Ctrl Pts',(12.4147178436961,4.1146014757331,8.3));
#7326=CARTESIAN_POINT('Ctrl Pts',(12.4147178436961,4.1766834291475,8.3));
#7327=CARTESIAN_POINT('Ctrl Pts',(12.4147178436961,4.24976301201592,8.28553010570126));
#7328=CARTESIAN_POINT('Ctrl Pts',(12.4147178436961,4.36429184766966,8.23817826109976));
#7329=CARTESIAN_POINT('Ctrl Pts',(12.4147178436961,4.42604628346385,8.19700858506251));
#7330=CARTESIAN_POINT('Ctrl Pts',(12.4147178436961,4.51348504379764,8.10969679194056));
#7331=CARTESIAN_POINT('Ctrl Pts',(12.4147178436961,4.55467811255568,8.04814852622094));
#7332=CARTESIAN_POINT('Ctrl Pts',(12.4147178436961,4.6019344499293,7.93419524561987));
#7333=CARTESIAN_POINT('Ctrl Pts',(12.4147178436961,4.61638558388545,7.8616456841595));
#7334=CARTESIAN_POINT('Ctrl Pts',(12.4147178436961,4.61638558388545,7.8));
#7335=CARTESIAN_POINT('',(12.4147178436961,3.24176606100682,8.3));
#7336=CARTESIAN_POINT('Ctrl Pts',(12.9392178392258,3.21394973451978,7.775));
#7337=CARTESIAN_POINT('Ctrl Pts',(12.9392178392258,2.78944973451978,7.775));
#7338=CARTESIAN_POINT('Ctrl Pts',(12.5147178392258,2.78944973451978,7.775));
#7339=CARTESIAN_POINT('Ctrl Pts',(12.0902178392258,2.78944973451978,7.775));
#7340=CARTESIAN_POINT('Ctrl Pts',(12.0902178392258,3.21394973451978,7.775));
#7341=CARTESIAN_POINT('Ctrl Pts',(12.0902178392258,3.63844973451978,7.775));
#7342=CARTESIAN_POINT('Ctrl Pts',(12.5147178392258,3.63844973451978,7.775));
#7343=CARTESIAN_POINT('Ctrl Pts',(12.9392178392258,3.63844973451978,7.775));
#7344=CARTESIAN_POINT('Ctrl Pts',(12.9392178392258,3.21394973451978,7.775));
#7345=CARTESIAN_POINT('Ctrl Pts',(12.9392178392258,3.21394973451978,7.55));
#7346=CARTESIAN_POINT('Ctrl Pts',(12.9392178392258,2.78944973451978,7.55));
#7347=CARTESIAN_POINT('Ctrl Pts',(12.5147178392258,2.78944973451978,7.55));
#7348=CARTESIAN_POINT('Ctrl Pts',(12.0902178392258,2.78944973451978,7.55));
#7349=CARTESIAN_POINT('Ctrl Pts',(12.0902178392258,3.21394973451978,7.55));
#7350=CARTESIAN_POINT('Ctrl Pts',(12.0902178392258,3.63844973451978,7.55));
#7351=CARTESIAN_POINT('Ctrl Pts',(12.5147178392258,3.63844973451978,7.55));
#7352=CARTESIAN_POINT('Ctrl Pts',(12.9392178392258,3.63844973451978,7.55));
#7353=CARTESIAN_POINT('Ctrl Pts',(12.9392178392258,3.21394973451978,7.55));
#7354=CARTESIAN_POINT('Ctrl Pts',(12.7142178392258,3.21394973451978,7.55));
#7355=CARTESIAN_POINT('Ctrl Pts',(12.7142178392258,3.01444973451978,7.55));
#7356=CARTESIAN_POINT('Ctrl Pts',(12.5147178392258,3.01444973451978,7.55));
#7357=CARTESIAN_POINT('Ctrl Pts',(12.3152178392258,3.01444973451978,7.55));
#7358=CARTESIAN_POINT('Ctrl Pts',(12.3152178392258,3.21394973451978,7.55));
#7359=CARTESIAN_POINT('Ctrl Pts',(12.3152178392258,3.41344973451978,7.55));
#7360=CARTESIAN_POINT('Ctrl Pts',(12.5147178392258,3.41344973451978,7.55));
#7361=CARTESIAN_POINT('Ctrl Pts',(12.7142178392258,3.41344973451978,7.55));
#7362=CARTESIAN_POINT('Ctrl Pts',(12.7142178392258,3.21394973451978,7.55));
#7363=CARTESIAN_POINT('',(12.7142178392258,3.21394973451978,7.55));
#7364=CARTESIAN_POINT('Origin',(12.7142178392258,3.21394973451978,7.775));
#7365=CARTESIAN_POINT('Origin',(12.5147178392258,3.21394973451978,7.55));
#7366=CARTESIAN_POINT('Origin',(12.5147178392258,3.21394973451978,7.55));
#7367=CARTESIAN_POINT('Origin',(13.1120072918027,3.11321422620657,8.8));
#7368=CARTESIAN_POINT('',(11.3620073309027,3.11321422620657,7.8));
#7369=CARTESIAN_POINT('',(13.1120072918027,3.11321422620657,7.8));
#7370=CARTESIAN_POINT('',(11.3620073309027,3.11321422620657,8.23174272416976));
#7371=CARTESIAN_POINT('',(11.3620073309027,3.11321422620657,8.8));
#7372=CARTESIAN_POINT('Ctrl Pts',(11.6155815888625,3.11321422620657,8.3));
#7373=CARTESIAN_POINT('Ctrl Pts',(11.5533991085001,3.11321422620657,8.3));
#7374=CARTESIAN_POINT('Ctrl Pts',(11.4801978038041,3.11321422620657,8.28552379072494));
#7375=CARTESIAN_POINT('Ctrl Pts',(11.4028098741727,3.11321422620657,8.25354354685329));
#7376=CARTESIAN_POINT('Ctrl Pts',(11.3821647749896,3.11321422620657,8.24346668351307));
#7377=CARTESIAN_POINT('Ctrl Pts',(11.3620073309027,3.11321422620657,8.23174272416976));
#7378=CARTESIAN_POINT('Origin',(13.1120072918027,3.31321422170657,8.8));
#7379=CARTESIAN_POINT('',(11.6141575874411,3.31321422170657,8.3));
#7380=CARTESIAN_POINT('',(12.8106405587065,3.31321422170657,8.3));
#7381=CARTESIAN_POINT('',(11.3620073309027,3.31321422170657,8.23238681947199));
#7382=CARTESIAN_POINT('Ctrl Pts',(11.3620073309027,3.31321422170657,8.23238681947199));
#7383=CARTESIAN_POINT('Ctrl Pts',(11.381819167859,3.31321422170657,8.24385315092938));
#7384=CARTESIAN_POINT('Ctrl Pts',(11.4020834822563,3.31321422170657,8.25372327149111));
#7385=CARTESIAN_POINT('Ctrl Pts',(11.4790123025743,3.31321422170657,8.28553056859197));
#7386=CARTESIAN_POINT('Ctrl Pts',(11.5520829848486,3.31321422170657,8.3));
#7387=CARTESIAN_POINT('Ctrl Pts',(11.6141575874411,3.31321422170657,8.3));
#7388=CARTESIAN_POINT('',(11.3620073309027,3.31321422170657,7.8));
#7389=CARTESIAN_POINT('',(11.3620073309027,3.31321422170657,8.8));
#7390=CARTESIAN_POINT('',(13.1120072918027,3.31321422170657,7.8));
#7391=CARTESIAN_POINT('Origin',(12.5092738256103,3.21958238862699,8.3));
#7392=CARTESIAN_POINT('Origin',(12.5092738256103,3.21958238862699,8.3));
#7393=CARTESIAN_POINT('Origin',(12.5147178414461,3.26394973338664,7.8));
#7394=CARTESIAN_POINT('',(12.6147178391961,4.61560586980447,7.8));
#7395=CARTESIAN_POINT('',(12.6147178391961,3.26394973338664,7.8));
#7396=CARTESIAN_POINT('Origin',(12.5092738256103,3.21958238862699,7.8));
#7397=CARTESIAN_POINT('Origin',(12.5147178414461,3.26394973338664,7.8));
#7398=CARTESIAN_POINT('',(11.3620073309027,3.21321422395657,7.8));
#7399=CARTESIAN_POINT('Origin',(12.5147178414461,3.26394973338664,7.8));
#7400=CARTESIAN_POINT('',(13.6620072527027,3.11321422620657,7.8));
#7401=CARTESIAN_POINT('',(13.1120072918027,3.11321422620657,7.8));
#7402=CARTESIAN_POINT('',(13.6620072527027,3.21321422395657,7.8));
#7403=CARTESIAN_POINT('Origin',(12.6147178391961,3.26394973338664,8.8));
#7404=CARTESIAN_POINT('',(12.6147178391961,4.11338413398157,8.3));
#7405=CARTESIAN_POINT('',(12.6147178391961,3.24176606100682,8.3));
#7406=CARTESIAN_POINT('Ctrl Pts',(12.6147178391961,4.61560586980447,7.8));
#7407=CARTESIAN_POINT('Ctrl Pts',(12.6147178391961,4.61560586980447,7.86163073790004));
#7408=CARTESIAN_POINT('Ctrl Pts',(12.6147178391961,4.6011535157962,7.93416176831826));
#7409=CARTESIAN_POINT('Ctrl Pts',(12.6147178391961,4.55389038132478,8.04809888804653));
#7410=CARTESIAN_POINT('Ctrl Pts',(12.6147178391961,4.51268412553256,8.10964211318345));
#7411=CARTESIAN_POINT('Ctrl Pts',(12.6147178391961,4.42520330266765,8.19696495679407));
#7412=CARTESIAN_POINT('Ctrl Pts',(12.6147178391961,4.36340346189065,8.23814213363988));
#7413=CARTESIAN_POINT('Ctrl Pts',(12.6147178391961,4.24874955551412,8.28552431142162));
#7414=CARTESIAN_POINT('Ctrl Pts',(12.6147178391961,4.17555830823068,8.3));
#7415=CARTESIAN_POINT('Ctrl Pts',(12.6147178391961,4.11338413398157,8.3));
#7416=CARTESIAN_POINT('Origin',(12.5092738256103,3.21958238862699,7.8));
#7417=CARTESIAN_POINT('',(11.1092738256103,3.21958238862699,7.8));
#7418=CARTESIAN_POINT('Origin',(12.5092738256103,3.21958238862699,7.8));
#7419=CARTESIAN_POINT('Origin',(12.5092738256103,3.21958238862699,7.8));
#7420=CARTESIAN_POINT('Ctrl Pts',(11.3620073309027,3.11321422620657,8.23174272416976));
#7421=CARTESIAN_POINT('Ctrl Pts',(11.3620073309027,3.14951253411958,8.23370009254127));
#7422=CARTESIAN_POINT('Ctrl Pts',(11.3620073309027,3.18516786424801,8.23457942955809));
#7423=CARTESIAN_POINT('Ctrl Pts',(11.3620073309027,3.24996309832366,8.23457942955809));
#7424=CARTESIAN_POINT('Ctrl Pts',(11.3620073309027,3.28131083368347,8.23389375880258));
#7425=CARTESIAN_POINT('Ctrl Pts',(11.3620073309027,3.31321422170657,8.23238681947199));
#7426=CARTESIAN_POINT('Origin',(11.3620073309027,3.21321422395657,8.8));
#7427=CARTESIAN_POINT('Origin',(12.5092738256103,3.21958238862699,7.8));
#7428=CARTESIAN_POINT('',(13.6620072527027,3.11321422620657,8.22851661422148));
#7429=CARTESIAN_POINT('',(13.4029660623581,3.11321422620657,8.3));
#7430=CARTESIAN_POINT('Ctrl Pts',(13.6620072527027,3.11321422620657,8.22851661422148));
#7431=CARTESIAN_POINT('Ctrl Pts',(13.6401250956116,3.11321422620657,8.24161683947164));
#7432=CARTESIAN_POINT('Ctrl Pts',(13.6175408596761,3.11321422620657,8.25279843036749));
#7433=CARTESIAN_POINT('Ctrl Pts',(13.5383498474164,3.11321422620657,8.28552379072494));
#7434=CARTESIAN_POINT('Ctrl Pts',(13.4651485427204,3.11321422620657,8.3));
#7435=CARTESIAN_POINT('Ctrl Pts',(13.4029660623581,3.11321422620657,8.3));
#7436=CARTESIAN_POINT('Origin',(12.5092738256103,3.21958238862699,8.3));
#7437=CARTESIAN_POINT('Origin',(12.5092738256103,3.21958238862699,7.8));
#7438=CARTESIAN_POINT('Origin',(12.5092738256103,3.21958238862699,8.3));
#7439=CARTESIAN_POINT('Ctrl Pts',(13.6620072527027,3.31321422170657,8.22917646773727));
#7440=CARTESIAN_POINT('Ctrl Pts',(13.6620072527027,3.28130898548487,8.23072040851879));
#7441=CARTESIAN_POINT('Ctrl Pts',(13.6620072527027,3.24995869879706,8.23142301147494));
#7442=CARTESIAN_POINT('Ctrl Pts',(13.6620072527027,3.18517308357702,8.23142301147494));
#7443=CARTESIAN_POINT('Ctrl Pts',(13.6620072527027,3.14951404022011,8.23052189781713));
#7444=CARTESIAN_POINT('Ctrl Pts',(13.6620072527027,3.11321422620657,8.22851661422148));
#7445=CARTESIAN_POINT('Origin',(12.5092738256103,3.21958238862699,8.3));
#7446=CARTESIAN_POINT('Origin',(12.5092738256103,3.21958238862699,8.3));
#7447=CARTESIAN_POINT('',(12.8106405587065,3.11321422620657,8.3));
#7448=CARTESIAN_POINT('Origin',(13.1120072918027,3.11321422620657,8.8));
#7449=CARTESIAN_POINT('',(13.6620072527027,3.11321422620657,8.8));
#7450=CARTESIAN_POINT('Origin',(13.6620072527027,3.21321422395657,8.8));
#7451=CARTESIAN_POINT('Origin',(12.5147178414461,3.26394973338664,7.8));
#7452=CARTESIAN_POINT('Origin',(12.5092738256103,3.21958238862699,7.8));
#7453=CARTESIAN_POINT('Origin',(12.5092738256103,3.21958238862699,7.8));
#7454=CARTESIAN_POINT('',(11.1092738256103,3.21958238862699,7.3));
#7455=CARTESIAN_POINT('',(11.1092738256103,3.21958238862699,7.8));
#7456=CARTESIAN_POINT('',(13.9092738256103,3.21958238862699,7.3));
#7457=CARTESIAN_POINT('Origin',(12.5092738256103,3.21958238862699,7.3));
#7458=CARTESIAN_POINT('Origin',(12.5092738256103,3.21958238862699,7.3));
#7459=CARTESIAN_POINT('Origin',(12.5092738256103,3.21958238862699,7.3));
#7460=CARTESIAN_POINT('Origin',(9.1225078156206,0.506855760345556,3.54638620593577));
#7461=CARTESIAN_POINT('',(9.19999990724027,0.390221975868821,3.00209522387686));
#7462=CARTESIAN_POINT('',(9.80000022561289,0.990221975868824,5.80209516129198));
#7463=CARTESIAN_POINT('',(9.30846957000931,0.49869158108161,3.50828670355561));
#7464=CARTESIAN_POINT('',(9.60587428762814,0.804439517376421,5.84190568900162));
#7465=CARTESIAN_POINT('Origin',(9.60587428762814,0.990221975868824,5.80209516129198));
#7466=CARTESIAN_POINT('',(9.04568451808946,0.244250045086056,3.2276882100789));
#7467=CARTESIAN_POINT('',(9.1225078156206,0.321073301853156,3.5861967336454));
#7468=CARTESIAN_POINT('Origin',(9.04568451808946,0.430032503578456,3.18787768236926));
#7469=CARTESIAN_POINT('Origin',(6.68750004634494,0.430032503578456,3.18787768236926));
#7470=CARTESIAN_POINT('',(5.84999998211861,0.390221975868821,3.00209522387686));
#7471=CARTESIAN_POINT('',(6.68750004634494,0.390221975868821,3.00209522387686));
#7472=CARTESIAN_POINT('',(6.00431538876899,0.244250045086055,3.2276882100789));
#7473=CARTESIAN_POINT('',(6.68750004634494,0.244250045086056,3.2276882100789));
#7474=CARTESIAN_POINT('Origin',(6.00431538876899,0.430032503578456,3.18787768236926));
#7475=CARTESIAN_POINT('Origin',(5.62749212720411,0.806855773565992,4.94638623633869));
#7476=CARTESIAN_POINT('',(5.44412592899984,0.804439517376421,5.84190568900162));
#7477=CARTESIAN_POINT('',(5.62749212720411,0.621073315073592,4.98619676404832));
#7478=CARTESIAN_POINT('',(5.24999999552965,0.990221975868824,5.80209516129198));
#7479=CARTESIAN_POINT('Origin',(5.44412592899984,0.990221975868824,5.80209516129198));
#7480=CARTESIAN_POINT('',(5.44153036849069,0.798691598626747,4.90828675414047));
#7481=CARTESIAN_POINT('Origin',(9.19999990724027,0.4,2.99999993294477));
#7482=CARTESIAN_POINT('',(9.19999990724027,0.4,2.99999993294477));
#7483=CARTESIAN_POINT('',(9.19999990724027,0.4,2.99999993294477));
#7484=CARTESIAN_POINT('',(9.80000022562965,1.,5.80000027552965));
#7485=CARTESIAN_POINT('',(9.80000022561289,1.,5.7999998703599));
#7486=CARTESIAN_POINT('',(9.80000022561289,1.,5.7999998703599));
#7487=CARTESIAN_POINT('Origin',(5.84999998211861,0.4,2.99999993294477));
#7488=CARTESIAN_POINT('',(5.84999998211861,0.4,2.99999993294477));
#7489=CARTESIAN_POINT('',(5.84999998211861,0.4,2.99999993294477));
#7490=CARTESIAN_POINT('',(9.19999990724027,0.4,2.99999993294477));
#7491=CARTESIAN_POINT('Origin',(5.24999999552965,1.,5.7999998703599));
#7492=CARTESIAN_POINT('',(5.24999999552965,1.,5.80000027552965));
#7493=CARTESIAN_POINT('',(5.24999999552965,1.,5.7999998703599));
#7494=CARTESIAN_POINT('',(5.84999998211861,0.4,2.99999993294477));
#7495=CARTESIAN_POINT('Origin',(9.80000022561289,1.,5.7999998703599));
#7496=CARTESIAN_POINT('',(7.52500011057965,1.,5.80000027552965));
#7497=CARTESIAN_POINT('',(5.24999999552965,0.804439517376421,5.84190568900162));
#7498=CARTESIAN_POINT('Origin',(7.52500011057127,0.7,4.39999990165234));
#7499=CARTESIAN_POINT('Origin',(7.52500011057127,0.504439517376422,4.44190572029406));
#7500=CARTESIAN_POINT('Origin',(7.52500011057965,3.,5.80000027552965));
#7501=CARTESIAN_POINT('',(5.24999999552965,5.,5.80000027552965));
#7502=CARTESIAN_POINT('',(5.24999999552965,1.,5.80000027552965));
#7503=CARTESIAN_POINT('',(5.24999999552965,3.,5.80000027552965));
#7504=CARTESIAN_POINT('',(9.80000022562965,1.,5.80000027552965));
#7505=CARTESIAN_POINT('',(7.52500011057965,1.,5.80000027552965));
#7506=CARTESIAN_POINT('',(9.80000022562965,5.,5.80000027552965));
#7507=CARTESIAN_POINT('',(9.80000022562965,3.,5.80000027552965));
#7508=CARTESIAN_POINT('',(7.52500011057965,5.,5.80000027552965));
#7509=CARTESIAN_POINT('Origin',(9.80000022562965,3.,3.00000013552965));
#7510=CARTESIAN_POINT('',(9.80000022562965,1.,0.199999995529652));
#7511=CARTESIAN_POINT('',(9.80000022562965,1.,3.00000013552965));
#7512=CARTESIAN_POINT('',(9.80000022562965,5.,0.199999995529652));
#7513=CARTESIAN_POINT('',(9.80000022562965,3.,0.199999995529652));
#7514=CARTESIAN_POINT('',(9.80000022562965,5.,3.00000013552965));
#7515=CARTESIAN_POINT('Origin',(7.52500011057965,3.,0.199999995529652));
#7516=CARTESIAN_POINT('',(5.24999999552965,1.,0.199999995529652));
#7517=CARTESIAN_POINT('',(7.52500011057965,1.,0.199999995529652));
#7518=CARTESIAN_POINT('',(5.24999999552965,5.,0.199999995529652));
#7519=CARTESIAN_POINT('',(5.24999999552965,3.,0.199999995529652));
#7520=CARTESIAN_POINT('',(7.52500011057965,5.,0.199999995529652));
#7521=CARTESIAN_POINT('Origin',(5.24999999552965,3.,3.00000013552965));
#7522=CARTESIAN_POINT('',(5.24999999552965,1.,3.00000013552965));
#7523=CARTESIAN_POINT('',(5.24999999552965,5.,3.00000013552965));
#7524=CARTESIAN_POINT('Origin',(7.52500011057965,1.,3.00000013552965));
#7525=CARTESIAN_POINT('',(5.8499998994593,1.,0.799999991059303));
#7526=CARTESIAN_POINT('',(5.84999998211861,1.,2.6571428041373));
#7527=CARTESIAN_POINT('',(5.8499998994593,1.,3.00000006329448));
#7528=CARTESIAN_POINT('',(5.84999998211861,1.,2.88749302319373));
#7529=CARTESIAN_POINT('',(5.8499998994593,1.,3.00000006329448));
#7530=CARTESIAN_POINT('',(5.8499998994593,1.,5.1999999910593));
#7531=CARTESIAN_POINT('',(5.8499998994593,1.,3.00000006329448));
#7532=CARTESIAN_POINT('',(9.19999989945931,1.,5.1999999910593));
#7533=CARTESIAN_POINT('',(7.52500000501948,1.,5.1999999910593));
#7534=CARTESIAN_POINT('',(9.19999997636452,1.,2.88749302319373));
#7535=CARTESIAN_POINT('',(9.19999989945931,1.,3.00000006329448));
#7536=CARTESIAN_POINT('',(9.19999999006146,1.,2.6571428041373));
#7537=CARTESIAN_POINT('',(9.19999989945931,1.,3.00000006329448));
#7538=CARTESIAN_POINT('',(9.19999989945931,1.,0.799999991059303));
#7539=CARTESIAN_POINT('',(9.19999989945931,1.,3.00000006329448));
#7540=CARTESIAN_POINT('',(7.52500000501948,1.,0.799999991059303));
#7541=CARTESIAN_POINT('Origin',(7.52500011057965,5.,3.00000013552965));
#7542=CARTESIAN_POINT('Origin',(7.5249998994593,1.75,5.1999999910593));
#7543=CARTESIAN_POINT('',(5.8499998994593,3.5,5.1999999910593));
#7544=CARTESIAN_POINT('',(5.8499998994593,1.75,5.1999999910593));
#7545=CARTESIAN_POINT('',(9.19999989945931,3.5,5.1999999910593));
#7546=CARTESIAN_POINT('',(7.5249998994593,3.5,5.1999999910593));
#7547=CARTESIAN_POINT('',(9.19999989945931,1.75,5.1999999910593));
#7548=CARTESIAN_POINT('Origin',(5.8499998994593,1.75,2.9999999910593));
#7549=CARTESIAN_POINT('',(5.84999998211861,2.5,1.79999998211861));
#7550=CARTESIAN_POINT('',(5.8499998994593,1.43384615159458,2.40923072767081));
#7551=CARTESIAN_POINT('',(5.8499998994593,3.5,0.799999991059303));
#7552=CARTESIAN_POINT('',(5.8499998994593,1.75,0.799999991059303));
#7553=CARTESIAN_POINT('',(5.8499998994593,3.5,2.9999999910593));
#7554=CARTESIAN_POINT('',(5.84999998211861,2.5992277846061,1.97364861229508));
#7555=CARTESIAN_POINT('',(5.8499998994593,1.53307393620068,2.58287935784729));
#7556=CARTESIAN_POINT('',(5.8499998994593,2.66615384840542,2.09076922874329));
#7557=CARTESIAN_POINT('Origin',(7.5249998994593,3.5,2.9999999910593));
#7558=CARTESIAN_POINT('',(9.19999989945931,3.5,0.799999991059303));
#7559=CARTESIAN_POINT('',(7.5249998994593,3.5,0.799999991059303));
#7560=CARTESIAN_POINT('',(9.19999989945931,3.5,2.9999999910593));
#7561=CARTESIAN_POINT('Origin',(7.5249998994593,1.75,0.799999991059303));
#7562=CARTESIAN_POINT('',(9.19999989945931,1.75,0.799999991059303));
#7563=CARTESIAN_POINT('Origin',(9.19999989945931,1.75,2.9999999910593));
#7564=CARTESIAN_POINT('',(9.20000019711442,2.5992277846061,1.97364861229508));
#7565=CARTESIAN_POINT('',(9.19999989945931,1.53307393620068,2.58287935784729));
#7566=CARTESIAN_POINT('',(9.20000019711442,2.5,1.79999998211861));
#7567=CARTESIAN_POINT('',(9.19999989945931,1.43384615159458,2.40923072767081));
#7568=CARTESIAN_POINT('',(9.19999989945931,2.66615384840542,2.09076922874329));
#7569=CARTESIAN_POINT('Origin',(7.52500008961652,1.45,2.39999995753169));
#7570=CARTESIAN_POINT('',(5.84999998211861,2.5,1.79999998211861));
#7571=CARTESIAN_POINT('',(9.19999990724027,0.4,2.99999993294477));
#7572=CARTESIAN_POINT('',(9.20000019711442,2.5,1.79999998211861));
#7573=CARTESIAN_POINT('',(5.84999998211861,0.4,2.99999993294477));
#7574=CARTESIAN_POINT('',(9.19999990724027,0.4,2.99999993294477));
#7575=CARTESIAN_POINT('',(5.84999998211861,0.4,2.99999993294477));
#7576=CARTESIAN_POINT('Origin',(7.52500008961652,1.5492277846061,2.57364858770817));
#7577=CARTESIAN_POINT('',(5.84999998211861,2.5992277846061,1.97364861229508));
#7578=CARTESIAN_POINT('',(5.84999998211861,0.499227784606096,3.17364856312125));
#7579=CARTESIAN_POINT('',(5.84999998211861,0.499227784606096,3.17364856312125));
#7580=CARTESIAN_POINT('',(9.19999990724027,0.499227784606096,3.17364856312125));
#7581=CARTESIAN_POINT('',(9.19999990724027,0.499227784606096,3.17364856312125));
#7582=CARTESIAN_POINT('',(9.20000019711442,2.5992277846061,1.97364861229508));
#7583=CARTESIAN_POINT('Origin',(9.20000019711442,2.5,1.79999998211861));
#7584=CARTESIAN_POINT('Origin',(5.84999998211861,2.5,1.79999998211861));
#7585=CARTESIAN_POINT('',(5.84999998211861,0.4,2.99999993294477));
#7586=CARTESIAN_POINT('Origin',(5.84999998211861,0.4,2.99999993294477));
#7587=CARTESIAN_POINT('',(9.19999990724027,0.4,2.99999993294477));
#7588=CARTESIAN_POINT('Origin',(9.19999990724027,0.4,2.99999993294477));
#7589=CARTESIAN_POINT('Origin',(14.1725078156206,0.506855760345556,3.54638620593577));
#7590=CARTESIAN_POINT('',(14.2499999072403,0.390221975868821,3.00209522387686));
#7591=CARTESIAN_POINT('',(14.8500002256129,0.990221975868824,5.80209516129198));
#7592=CARTESIAN_POINT('',(14.3584695700093,0.49869158108161,3.50828670355561));
#7593=CARTESIAN_POINT('',(14.6558742876281,0.804439517376421,5.84190568900162));
#7594=CARTESIAN_POINT('Origin',(14.6558742876281,0.990221975868824,5.80209516129198));
#7595=CARTESIAN_POINT('',(14.0956845180895,0.244250045086056,3.2276882100789));
#7596=CARTESIAN_POINT('',(14.1725078156206,0.321073301853156,3.5861967336454));
#7597=CARTESIAN_POINT('Origin',(14.0956845180895,0.430032503578456,3.18787768236926));
#7598=CARTESIAN_POINT('Origin',(11.7375000463449,0.430032503578456,3.18787768236926));
#7599=CARTESIAN_POINT('',(10.8999999821186,0.390221975868821,3.00209522387686));
#7600=CARTESIAN_POINT('',(11.7375000463449,0.390221975868821,3.00209522387686));
#7601=CARTESIAN_POINT('',(11.054315388769,0.244250045086055,3.2276882100789));
#7602=CARTESIAN_POINT('',(11.7375000463449,0.244250045086056,3.2276882100789));
#7603=CARTESIAN_POINT('Origin',(11.054315388769,0.430032503578456,3.18787768236926));
#7604=CARTESIAN_POINT('Origin',(10.6774921272041,0.806855773565992,4.94638623633869));
#7605=CARTESIAN_POINT('',(10.4941259289998,0.804439517376421,5.84190568900162));
#7606=CARTESIAN_POINT('',(10.6774921272041,0.621073315073592,4.98619676404832));
#7607=CARTESIAN_POINT('',(10.2999999955297,0.990221975868824,5.80209516129198));
#7608=CARTESIAN_POINT('Origin',(10.4941259289998,0.990221975868824,5.80209516129198));
#7609=CARTESIAN_POINT('',(10.4915303684907,0.798691598626747,4.90828675414047));
#7610=CARTESIAN_POINT('Origin',(14.2499999072403,0.4,2.99999993294477));
#7611=CARTESIAN_POINT('',(14.2499999072403,0.4,2.99999993294477));
#7612=CARTESIAN_POINT('',(14.2499999072403,0.4,2.99999993294477));
#7613=CARTESIAN_POINT('',(14.8500002256297,1.,5.80000027552965));
#7614=CARTESIAN_POINT('',(14.8500002256129,1.,5.7999998703599));
#7615=CARTESIAN_POINT('',(14.8500002256129,1.,5.7999998703599));
#7616=CARTESIAN_POINT('Origin',(10.8999999821186,0.4,2.99999993294477));
#7617=CARTESIAN_POINT('',(10.8999999821186,0.4,2.99999993294477));
#7618=CARTESIAN_POINT('',(10.8999999821186,0.4,2.99999993294477));
#7619=CARTESIAN_POINT('',(14.2499999072403,0.4,2.99999993294477));
#7620=CARTESIAN_POINT('Origin',(10.2999999955297,1.,5.7999998703599));
#7621=CARTESIAN_POINT('',(10.2999999955297,1.,5.80000027552965));
#7622=CARTESIAN_POINT('',(10.2999999955297,1.,5.7999998703599));
#7623=CARTESIAN_POINT('',(10.8999999821186,0.4,2.99999993294477));
#7624=CARTESIAN_POINT('Origin',(14.8500002256129,1.,5.7999998703599));
#7625=CARTESIAN_POINT('',(12.5750001105797,1.,5.80000027552965));
#7626=CARTESIAN_POINT('',(10.2999999955297,0.804439517376421,5.84190568900162));
#7627=CARTESIAN_POINT('Origin',(12.5750001105713,0.7,4.39999990165234));
#7628=CARTESIAN_POINT('Origin',(12.5750001105713,0.504439517376422,4.44190572029406));
#7629=CARTESIAN_POINT('Origin',(12.5750001105797,3.,5.80000027552965));
#7630=CARTESIAN_POINT('',(10.2999999955297,5.,5.80000027552965));
#7631=CARTESIAN_POINT('',(10.2999999955297,1.,5.80000027552965));
#7632=CARTESIAN_POINT('',(10.2999999955297,3.,5.80000027552965));
#7633=CARTESIAN_POINT('',(14.8500002256297,1.,5.80000027552965));
#7634=CARTESIAN_POINT('',(12.5750001105797,1.,5.80000027552965));
#7635=CARTESIAN_POINT('',(14.8500002256297,5.,5.80000027552965));
#7636=CARTESIAN_POINT('',(14.8500002256297,3.,5.80000027552965));
#7637=CARTESIAN_POINT('',(12.5750001105797,5.,5.80000027552965));
#7638=CARTESIAN_POINT('Origin',(14.8500002256297,3.,3.00000013552965));
#7639=CARTESIAN_POINT('',(14.8500002256297,1.,0.199999995529652));
#7640=CARTESIAN_POINT('',(14.8500002256297,1.,3.00000013552965));
#7641=CARTESIAN_POINT('',(14.8500002256297,5.,0.199999995529652));
#7642=CARTESIAN_POINT('',(14.8500002256297,3.,0.199999995529652));
#7643=CARTESIAN_POINT('',(14.8500002256297,5.,3.00000013552965));
#7644=CARTESIAN_POINT('Origin',(12.5750001105797,3.,0.199999995529652));
#7645=CARTESIAN_POINT('',(10.2999999955297,1.,0.199999995529652));
#7646=CARTESIAN_POINT('',(12.5750001105797,1.,0.199999995529652));
#7647=CARTESIAN_POINT('',(10.2999999955297,5.,0.199999995529652));
#7648=CARTESIAN_POINT('',(10.2999999955297,3.,0.199999995529652));
#7649=CARTESIAN_POINT('',(12.5750001105797,5.,0.199999995529652));
#7650=CARTESIAN_POINT('Origin',(10.2999999955297,3.,3.00000013552965));
#7651=CARTESIAN_POINT('',(10.2999999955297,1.,3.00000013552965));
#7652=CARTESIAN_POINT('',(10.2999999955297,5.,3.00000013552965));
#7653=CARTESIAN_POINT('Origin',(12.5750001105797,1.,3.00000013552965));
#7654=CARTESIAN_POINT('',(10.8999998994593,1.,0.799999991059303));
#7655=CARTESIAN_POINT('',(10.8999999821186,1.,2.6571428041373));
#7656=CARTESIAN_POINT('',(10.8999998994593,1.,3.00000006329448));
#7657=CARTESIAN_POINT('',(10.8999999821186,1.,2.88749302319373));
#7658=CARTESIAN_POINT('',(10.8999998994593,1.,3.00000006329448));
#7659=CARTESIAN_POINT('',(10.8999998994593,1.,5.1999999910593));
#7660=CARTESIAN_POINT('',(10.8999998994593,1.,3.00000006329448));
#7661=CARTESIAN_POINT('',(14.2499998994593,1.,5.1999999910593));
#7662=CARTESIAN_POINT('',(12.5750000050195,1.,5.1999999910593));
#7663=CARTESIAN_POINT('',(14.2499999763645,1.,2.88749302319373));
#7664=CARTESIAN_POINT('',(14.2499998994593,1.,3.00000006329448));
#7665=CARTESIAN_POINT('',(14.2499999900615,1.,2.6571428041373));
#7666=CARTESIAN_POINT('',(14.2499998994593,1.,3.00000006329448));
#7667=CARTESIAN_POINT('',(14.2499998994593,1.,0.799999991059303));
#7668=CARTESIAN_POINT('',(14.2499998994593,1.,3.00000006329448));
#7669=CARTESIAN_POINT('',(12.5750000050195,1.,0.799999991059303));
#7670=CARTESIAN_POINT('Origin',(12.5750001105797,5.,3.00000013552965));
#7671=CARTESIAN_POINT('Origin',(12.5749998994593,1.75,5.1999999910593));
#7672=CARTESIAN_POINT('',(10.8999998994593,3.5,5.1999999910593));
#7673=CARTESIAN_POINT('',(10.8999998994593,1.75,5.1999999910593));
#7674=CARTESIAN_POINT('',(14.2499998994593,3.5,5.1999999910593));
#7675=CARTESIAN_POINT('',(12.5749998994593,3.5,5.1999999910593));
#7676=CARTESIAN_POINT('',(14.2499998994593,1.75,5.1999999910593));
#7677=CARTESIAN_POINT('Origin',(10.8999998994593,1.75,2.9999999910593));
#7678=CARTESIAN_POINT('',(10.8999999821186,2.5,1.79999998211861));
#7679=CARTESIAN_POINT('',(10.8999998994593,1.43384615159458,2.40923072767081));
#7680=CARTESIAN_POINT('',(10.8999998994593,3.5,0.799999991059303));
#7681=CARTESIAN_POINT('',(10.8999998994593,1.75,0.799999991059303));
#7682=CARTESIAN_POINT('',(10.8999998994593,3.5,2.9999999910593));
#7683=CARTESIAN_POINT('',(10.8999999821186,2.5992277846061,1.97364861229508));
#7684=CARTESIAN_POINT('',(10.8999998994593,1.53307393620068,2.58287935784729));
#7685=CARTESIAN_POINT('',(10.8999998994593,2.66615384840542,2.09076922874329));
#7686=CARTESIAN_POINT('Origin',(12.5749998994593,3.5,2.9999999910593));
#7687=CARTESIAN_POINT('',(14.2499998994593,3.5,0.799999991059303));
#7688=CARTESIAN_POINT('',(12.5749998994593,3.5,0.799999991059303));
#7689=CARTESIAN_POINT('',(14.2499998994593,3.5,2.9999999910593));
#7690=CARTESIAN_POINT('Origin',(12.5749998994593,1.75,0.799999991059303));
#7691=CARTESIAN_POINT('',(14.2499998994593,1.75,0.799999991059303));
#7692=CARTESIAN_POINT('Origin',(14.2499998994593,1.75,2.9999999910593));
#7693=CARTESIAN_POINT('',(14.2500001971144,2.5992277846061,1.97364861229508));
#7694=CARTESIAN_POINT('',(14.2499998994593,1.53307393620068,2.58287935784729));
#7695=CARTESIAN_POINT('',(14.2500001971144,2.5,1.79999998211861));
#7696=CARTESIAN_POINT('',(14.2499998994593,1.43384615159458,2.40923072767081));
#7697=CARTESIAN_POINT('',(14.2499998994593,2.66615384840542,2.09076922874329));
#7698=CARTESIAN_POINT('Origin',(12.5750000896165,1.45,2.39999995753169));
#7699=CARTESIAN_POINT('',(10.8999999821186,2.5,1.79999998211861));
#7700=CARTESIAN_POINT('',(14.2499999072403,0.4,2.99999993294477));
#7701=CARTESIAN_POINT('',(14.2500001971144,2.5,1.79999998211861));
#7702=CARTESIAN_POINT('',(10.8999999821186,0.4,2.99999993294477));
#7703=CARTESIAN_POINT('',(14.2499999072403,0.4,2.99999993294477));
#7704=CARTESIAN_POINT('',(10.8999999821186,0.4,2.99999993294477));
#7705=CARTESIAN_POINT('Origin',(12.5750000896165,1.5492277846061,2.57364858770817));
#7706=CARTESIAN_POINT('',(10.8999999821186,2.5992277846061,1.97364861229508));
#7707=CARTESIAN_POINT('',(10.8999999821186,0.499227784606096,3.17364856312125));
#7708=CARTESIAN_POINT('',(10.8999999821186,0.499227784606096,3.17364856312125));
#7709=CARTESIAN_POINT('',(14.2499999072403,0.499227784606096,3.17364856312125));
#7710=CARTESIAN_POINT('',(14.2499999072403,0.499227784606096,3.17364856312125));
#7711=CARTESIAN_POINT('',(14.2500001971144,2.5992277846061,1.97364861229508));
#7712=CARTESIAN_POINT('Origin',(14.2500001971144,2.5,1.79999998211861));
#7713=CARTESIAN_POINT('Origin',(10.8999999821186,2.5,1.79999998211861));
#7714=CARTESIAN_POINT('',(10.8999999821186,0.4,2.99999993294477));
#7715=CARTESIAN_POINT('Origin',(10.8999999821186,0.4,2.99999993294477));
#7716=CARTESIAN_POINT('',(14.2499999072403,0.4,2.99999993294477));
#7717=CARTESIAN_POINT('Origin',(14.2499999072403,0.4,2.99999993294477));
#7718=UNCERTAINTY_MEASURE_WITH_UNIT(LENGTH_MEASURE(0.01),#7722,
'DISTANCE_ACCURACY_VALUE',
'Maximum model space distance between geometric entities at asserted c
onnectivities');
#7719=UNCERTAINTY_MEASURE_WITH_UNIT(LENGTH_MEASURE(0.01),#7722,
'DISTANCE_ACCURACY_VALUE',
'Maximum model space distance between geometric entities at asserted c
onnectivities');
#7720=(
GEOMETRIC_REPRESENTATION_CONTEXT(3)
GLOBAL_UNCERTAINTY_ASSIGNED_CONTEXT((#7718))
GLOBAL_UNIT_ASSIGNED_CONTEXT((#7722,#7724,#7725))
REPRESENTATION_CONTEXT('','3D')
);
#7721=(
GEOMETRIC_REPRESENTATION_CONTEXT(3)
GLOBAL_UNCERTAINTY_ASSIGNED_CONTEXT((#7719))
GLOBAL_UNIT_ASSIGNED_CONTEXT((#7722,#7724,#7725))
REPRESENTATION_CONTEXT('','3D')
);
#7722=(
LENGTH_UNIT()
NAMED_UNIT(*)
SI_UNIT(.MILLI.,.METRE.)
);
#7723=(
LENGTH_UNIT()
NAMED_UNIT(*)
SI_UNIT($,.METRE.)
);
#7724=(
NAMED_UNIT(*)
PLANE_ANGLE_UNIT()
SI_UNIT($,.RADIAN.)
);
#7725=(
NAMED_UNIT(*)
SI_UNIT($,.STERADIAN.)
SOLID_ANGLE_UNIT()
);
#7726=SHAPE_DEFINITION_REPRESENTATION(#7727,#7728);
#7727=PRODUCT_DEFINITION_SHAPE('',$,#7730);
#7728=SHAPE_REPRESENTATION('',(#4402),#7720);
#7729=PRODUCT_DEFINITION_CONTEXT('part definition',#7734,'design');
#7730=PRODUCT_DEFINITION('ak500/3','ak500/3 v13',#7731,#7729);
#7731=PRODUCT_DEFINITION_FORMATION('',$,#7736);
#7732=PRODUCT_RELATED_PRODUCT_CATEGORY('ak500/3 v13','ak500/3 v13',(#7736));
#7733=APPLICATION_PROTOCOL_DEFINITION('international standard',
'automotive_design',2009,#7734);
#7734=APPLICATION_CONTEXT(
'Core Data for Automotive Mechanical Design Process');
#7735=PRODUCT_CONTEXT('part definition',#7734,'mechanical');
#7736=PRODUCT('ak500/3','ak500/3 v13',$,(#7735));
#7737=PRESENTATION_STYLE_ASSIGNMENT((#7740));
#7738=PRESENTATION_STYLE_ASSIGNMENT((#7741));
#7739=PRESENTATION_STYLE_ASSIGNMENT((#7742));
#7740=SURFACE_STYLE_USAGE(.BOTH.,#7743);
#7741=SURFACE_STYLE_USAGE(.BOTH.,#7744);
#7742=SURFACE_STYLE_USAGE(.BOTH.,#7745);
#7743=SURFACE_SIDE_STYLE('',(#7746));
#7744=SURFACE_SIDE_STYLE('',(#7747));
#7745=SURFACE_SIDE_STYLE('',(#7748));
#7746=SURFACE_STYLE_FILL_AREA(#7749);
#7747=SURFACE_STYLE_FILL_AREA(#7750);
#7748=SURFACE_STYLE_FILL_AREA(#7751);
#7749=FILL_AREA_STYLE('Steel - Satin',(#7752));
#7750=FILL_AREA_STYLE('Plastic - Matte (Blue)',(#7753));
#7751=FILL_AREA_STYLE('Aluminum - Satin',(#7754));
#7752=FILL_AREA_STYLE_COLOUR('Steel - Satin',#7755);
#7753=FILL_AREA_STYLE_COLOUR('Plastic - Matte (Blue)',#7756);
#7754=FILL_AREA_STYLE_COLOUR('Aluminum - Satin',#7757);
#7755=COLOUR_RGB('Steel - Satin',0.627450980392157,0.627450980392157,0.627450980392157);
#7756=COLOUR_RGB('Plastic - Matte (Blue)',0.188235294117647,0.231372549019608,
0.588235294117647);
#7757=COLOUR_RGB('Aluminum - Satin',0.96078431372549,0.96078431372549,0.964705882352941);
ENDSEC;
END-ISO-10303-21;
